ISO-10303-21;
HEADER;
FILE_DESCRIPTION (( 'STEP AP203' ),
    '1' );
FILE_NAME ('Assem1.STEP',
    '2026-09-26T18:47:55',
    ( '' ),
    ( '' ),
    'SwSTEP 2.0',
    'SolidWorks 2021',
    '' );
FILE_SCHEMA (( 'CONFIG_CONTROL_DESIGN' ));
ENDSEC;

DATA;
#1 = DIRECTION ( 'NONE',  ( 0.000000000000000000, 0.000000000000000000, 1.000000000000000000 ) ) ;
#2 = CARTESIAN_POINT ( 'NONE',  ( 38.04088462533560033, 1.188101187500001599, 1.952148957314875220E-16 ) ) ;
#3 = CARTESIAN_POINT ( 'NONE',  ( 41.97838462738398846, -0.3431457505076178638, 4.000000000000000000 ) ) ;
#4 = DIRECTION ( 'NONE',  ( -1.000000000000000000, -3.406929273634555193E-15, 0.000000000000000000 ) ) ;
#5 = CARTESIAN_POINT ( 'NONE',  ( -1.320554750080233930, 0.8750000020483708063, -3.188101187499973399 ) ) ;
#6 = CARTESIAN_POINT ( 'NONE',  ( 1.656854249492396569, 0.9687499999999905631, 3.999999999999973355 ) ) ;
#7 = CARTESIAN_POINT ( 'NONE',  ( -3.999999999999962697, 4.999999999999971578, 0.000000000000000000 ) ) ;
#8 = CARTESIAN_POINT ( 'NONE',  ( -2.254327968790098335, 3.218750002048368586, 2.254327968790116543 ) ) ;
#9 = CARTESIAN_POINT ( 'NONE',  ( 27.16588462533560033, -1.999999999999997780, -3.188101187500000044 ) ) ;
#10 = CARTESIAN_POINT ( 'NONE',  ( 44.04088462533560744, 1.188101187500001599, 1.952148957314875220E-16 ) ) ;
#11 = CARTESIAN_POINT ( 'NONE',  ( 29.60338462328720865, 2.000000000000001776, 1.656854249492380804 ) ) ;
#12 = CARTESIAN_POINT ( 'NONE',  ( 35.50963462328721221, 2.000000000000001776, 2.449293598294706414E-16 ) ) ;
#13 = ORIENTED_EDGE ( 'NONE', *, *, #69, .F. ) ;
#14 = CARTESIAN_POINT ( 'NONE',  ( -1.320554750080240147, 2.750000002048372139, -3.188101187499973843 ) ) ;
#15 = AXIS2_PLACEMENT_3D ( 'NONE', #4708, #3037, #1921 ) ;
#16 = DIRECTION ( 'NONE',  ( -3.430248998885766570E-15, 1.000000000000000000, -0.000000000000000000 ) ) ;
#17 = CARTESIAN_POINT ( 'NONE',  ( 1.320554750080314088, -7.374999997951621644, 3.188101187499972955 ) ) ;
#18 = CARTESIAN_POINT ( 'NONE',  ( -3.999999999999932498, -3.812499995903249950, 0.000000000000000000 ) ) ;
#19 = CARTESIAN_POINT ( 'NONE',  ( 2.828427124746188959, 3.125000004096775363, -2.828427124746171639 ) ) ;
#20 = DIRECTION ( 'NONE',  ( 0.000000000000000000, 0.000000000000000000, -1.000000000000000000 ) ) ;
#21 = CARTESIAN_POINT ( 'NONE',  ( 31.10338462533560033, -4.254327968790133419, 2.254327968790133863 ) ) ;
#22 = CARTESIAN_POINT ( 'NONE',  ( 46.57213462738398846, -1.999999999999998224, 4.000000000000000000 ) ) ;
#23 = ORIENTED_EDGE ( 'NONE', *, *, #3177, .F. ) ;
#24 = CARTESIAN_POINT ( 'NONE',  ( -1.656854249492334841, -2.218750000000021316, 3.999999999999972911 ) ) ;
#25 = DIRECTION ( 'NONE',  ( 1.224646799147353207E-16, 4.200843456763866711E-31, -1.000000000000000000 ) ) ;
#26 = CARTESIAN_POINT ( 'NONE',  ( 33.91588462328720510, 2.000000000000001776, -1.656854249492380138 ) ) ;
#27 = CARTESIAN_POINT ( 'NONE',  ( 1.320554750080302320, -3.999999997951620312, 3.188101187499972955 ) ) ;
#28 = CARTESIAN_POINT ( 'NONE',  ( 3.188101187500024025, -6.624999997951613651, -1.320554750080259021 ) ) ;
#29 =( BOUNDED_SURFACE ( )  B_SPLINE_SURFACE ( 1, 2, ( 
 ( #1792, #5103, #2277, #6925, #130, #4027, #1860, #3997, #5795, #1828, #6384, #3571, #1253, #2415, #2351, #5142, #5826, #695, #7379, #1190, #4541, #6823, #3511, #1724, #660, #6316, #6251, #1156, #6955, #2982, #1225, #3445, #2915, #5698, #4578, #2880, #6286, #6860, #587, #3480, #623, #5178, #4616, #4061, #5765, #6891, #2949, #5213, #2385, #4649, #4092, #6349, #198, #2480, #3080, #769, #7064, #4750, #3153, #5305, #2592, #1894, #236, #3643, #3750, #7026, #3607, #5380, #6987, #6533, #2002, #274, #3010, #2520, #1353, #5862, #1928, #2557, #803, #7096, #5971, #4787, #3717, #1969, #5338, #4193, #1392, #4155, #5418, #3679, #3045, #6456, #5898, #5934, #4233, #841, #4267, #2036, #1429, #876, #6497, #312, #3118, #4858, #4825, #5273, #7132, #4305, #6569, #1319, #6417, #1466, #730, #163, #2446, #4715, #2110, #469, #6731, #3351, #6770, #4975, #4935, #6646, #1026, #6043, #3905, #5016, #5493, #7252, #1542, #2153, #2231, #1501, #3311, #5056, #945, #6082, #1670, #3787, #2190, #2756, #1624, #1068, #6168, #5617, #387, #4415, #5533, #5454, #7213, #3827, #6690, #7292, #6008, #4493, #7333, #3226, #910, #4374, #1583, #4453, #510, #2670, #5574, #986, #3268, #4341, #4896, #3187, #349, #2795, #427 ),
 ( #2632, #2711, #7173, #2074, #6607, #3865, #6123, #2974, #2377, #3535, #3470, #6240, #5233, #4640, #4674, #6916, #1217, #4021, #2834, #6813, #4050, #3393, #1713, #5131, #6851, #3946, #1821, #4084, #89, #5787, #6341, #1246, #688, #1146, #6203, #6883, #122, #2870, #5654, #6278, #2407, #1783, #6948, #1109, #544, #578, #3434, #3502, #5093, #3987, #7370, #14, #6308, #2268, #1182, #4569, #4532, #5689, #2307, #1748, #5726, #5756, #614, #2906, #5169, #55, #2343, #4606, #653, #2940, #5205, #6524, #2546, #5890, #3634, #1275, #796, #2511, #4146, #3108, #2471, #3563, #264, #1956, #4743, #7054, #7088, #5817, #832, #1885, #720, #5369, #4852, #3145, #7015, #4817, #5296, #1994, #4259, #1421, #3710, #5963, #868, #5411, #6407, #1853, #4778, #303, #757, #3003, #1920, #2585, #4224, #4115, #6376, #5263, #5852, #1310, #1383, #154, #3598, #2437, #3036, #6487, #4707, #6447, #4183, #6980, #190, #1344, #3071, #5330, #3670, #228, #5925, #2664, #3260, #902, #2029, #3858, #4966, #6638, #4447, #461, #3820, #1535, #6561, #6075, #422, #2066, #1020, #379, #1460, #5567, #7245, #4928, #2145, #5010, #3742, #6114, #7165, #6001, #3304, #2788, #1059, #7207, #2746, #3219, #5526, #977, #3180, #6036, #2103 ) ),
 .UNSPECIFIED., .F., .F., .F. ) 
 B_SPLINE_SURFACE_WITH_KNOTS ( ( 2, 2 ),
 ( 3, 2, 2, 2, 2, 2, 2, 2, 2, 2, 2, 2, 2, 2, 2, 2, 2, 2, 2, 2, 2, 2, 2, 2, 2, 2, 2, 2, 2, 2, 2, 2, 2, 2, 2, 2, 2, 2, 2, 2, 2, 2, 2, 2, 2, 2, 2, 2, 2, 2, 2, 2, 2, 2, 2, 2, 2, 2, 2, 2, 2, 2, 2, 2, 2, 2, 2, 2, 2, 2, 2, 2, 2, 2, 2, 2, 2, 2, 2, 2, 2, 2, 2, 2, 2, 2, 3 ),
 ( 0.000000000000000000, 1.000000000000000000 ),
 ( 0.000000000000000000, 0.01136363636363636395, 0.02272727272727272790, 0.03409090909090908839, 0.04545454545454545581, 0.05681818181818181629, 0.06818181818181817677, 0.07954545454545454419, 0.09090909090909091161, 0.1022727272727272790, 0.1136363636363636326, 0.1250000000000000000, 0.1363636363636363535, 0.1477272727272727348, 0.1590909090909090884, 0.1704545454545454419, 0.1818181818181818232, 0.1931818181818181768, 0.2045454545454545581, 0.2159090909090909116, 0.2272727272727272652, 0.2386363636363636465, 0.2500000000000000000, 0.2613636363636363535, 0.2727272727272727071, 0.2840909090909091161, 0.2954545454545454697, 0.3068181818181818232, 0.3181818181818181768, 0.3295454545454545303, 0.3409090909090908839, 0.3522727272727272929, 0.3636363636363636465, 0.3750000000000000000, 0.3863636363636363535, 0.3977272727272727071, 0.4090909090909091161, 0.4204545454545454697, 0.4318181818181818232, 0.4431818181818181768, 0.4545454545454545303, 0.4659090909090908839, 0.4772727272727272929, 0.4886363636363636465, 0.5000000000000000000, 0.5113636363636363535, 0.5227272727272727071, 0.5340909090909090606, 0.5454545454545454142, 0.5568181818181817677, 0.5681818181818182323, 0.5795454545454545858, 0.5909090909090909394, 0.6022727272727272929, 0.6136363636363636465, 0.6250000000000000000, 0.6363636363636363535, 0.6477272727272727071, 0.6590909090909090606, 0.6704545454545454142, 0.6818181818181817677, 0.6931818181818182323, 0.7045454545454545858, 0.7159090909090909394, 0.7272727272727272929, 0.7386363636363636465, 0.7500000000000000000, 0.7613636363636363535, 0.7727272727272727071, 0.7840909090909090606, 0.7954545454545454142, 0.8068181818181817677, 0.8181818181818182323, 0.8295454545454545858, 0.8409090909090909394, 0.8522727272727272929, 0.8636363636363636465, 0.8750000000000000000, 0.8863636363636363535, 0.8977272727272727071, 0.9090909090909090606, 0.9204545454545454142, 0.9318181818181817677, 0.9431818181818182323, 0.9545454545454545858, 0.9659090909090909394, 0.9697189450449062997 ),
 .UNSPECIFIED. ) 
 GEOMETRIC_REPRESENTATION_ITEM ( )  RATIONAL_B_SPLINE_SURFACE ( (
 ( 1.000000000000000000, 0.9238795325112867385, 1.000000000000000000, 0.9238795325112867385, 1.000000000000000000, 0.9238795325112867385, 1.000000000000000000, 0.9238795325112867385, 1.000000000000000000, 0.9238795325112867385, 1.000000000000000000, 0.9238795325112867385, 1.000000000000000000, 0.9238795325112867385, 1.000000000000000000, 0.9238795325112867385, 1.000000000000000000, 0.9238795325112867385, 1.000000000000000000, 0.9238795325112867385, 1.000000000000000000, 0.9238795325112867385, 1.000000000000000000, 0.9238795325112867385, 1.000000000000000000, 0.9238795325112867385, 1.000000000000000000, 0.9238795325112867385, 1.000000000000000000, 0.9238795325112867385, 1.000000000000000000, 0.9238795325112867385, 1.000000000000000000, 0.9238795325112867385, 1.000000000000000000, 0.9238795325112867385, 1.000000000000000000, 0.9238795325112867385, 1.000000000000000000, 0.9238795325112867385, 1.000000000000000000, 0.9238795325112867385, 1.000000000000000000, 0.9238795325112867385, 1.000000000000000000, 0.9238795325112867385, 1.000000000000000000, 0.9238795325112867385, 1.000000000000000000, 0.9238795325112867385, 1.000000000000000000, 0.9238795325112867385, 1.000000000000000000, 0.9238795325112867385, 1.000000000000000000, 0.9238795325112867385, 1.000000000000000000, 0.9238795325112867385, 1.000000000000000000, 0.9238795325112867385, 1.000000000000000000, 0.9238795325112867385, 1.000000000000000000, 0.9238795325112867385, 1.000000000000000000, 0.9238795325112867385, 1.000000000000000000, 0.9238795325112867385, 1.000000000000000000, 0.9238795325112867385, 1.000000000000000000, 0.9238795325112867385, 1.000000000000000000, 0.9238795325112867385, 1.000000000000000000, 0.9238795325112867385, 1.000000000000000000, 0.9238795325112867385, 1.000000000000000000, 0.9238795325112867385, 1.000000000000000000, 0.9238795325112867385, 1.000000000000000000, 0.9238795325112867385, 1.000000000000000000, 0.9238795325112867385, 1.000000000000000000, 0.9238795325112867385, 1.000000000000000000, 0.9238795325112867385, 1.000000000000000000, 0.9238795325112867385, 1.000000000000000000, 0.9238795325112867385, 1.000000000000000000, 0.9238795325112867385, 1.000000000000000000, 0.9238795325112867385, 1.000000000000000000, 0.9238795325112867385, 1.000000000000000000, 0.9238795325112867385, 1.000000000000000000, 0.9238795325112867385, 1.000000000000000000, 0.9238795325112867385, 1.000000000000000000, 0.9238795325112867385, 1.000000000000000000, 0.9238795325112867385, 1.000000000000000000, 0.9238795325112867385, 1.000000000000000000, 0.9238795325112867385, 1.000000000000000000, 0.9238795325112867385, 1.000000000000000000, 0.9238795325112867385, 1.000000000000000000, 0.9238795325112867385, 1.000000000000000000, 0.9238795325112867385, 1.000000000000000000, 0.9238795325112867385, 1.000000000000000000, 0.9238795325112867385, 1.000000000000000000, 0.9238795325112867385, 1.000000000000000000, 0.9238795325112867385, 1.000000000000000000, 0.9238795325112867385, 1.000000000000000000, 0.9238795325112867385, 1.000000000000000000, 0.9238795325112867385, 1.000000000000000000, 0.9238795325112867385, 1.000000000000000000, 0.9238795325112867385, 1.000000000000000000, 0.9238795325112867385, 1.000000000000000000, 0.9238795325112867385, 1.000000000000000000, 0.9238795325112867385, 1.000000000000000000, 0.9238795325112867385, 1.000000000000000000, 0.9238795325112867385, 1.000000000000000000, 0.9238795325112867385, 1.000000000000000000, 0.9238795325112867385, 1.000000000000000000, 0.9238795325112867385, 1.000000000000000000, 0.9238795325112867385, 1.000000000000000000, 0.9238795325112867385, 1.000000000000000000, 0.9238795325112867385, 1.000000000000000000, 0.9238795325112867385, 1.000000000000000000, 0.9238795325112867385, 1.000000000000000000, 0.9238795325112867385, 1.000000000000000000, 0.9238795325112867385, 1.000000000000000000, 0.9744793067463776159, 0.9660711143912044108),
 ( 1.000000000000000000, 0.9238795325112867385, 1.000000000000000000, 0.9238795325112867385, 1.000000000000000000, 0.9238795325112867385, 1.000000000000000000, 0.9238795325112867385, 1.000000000000000000, 0.9238795325112867385, 1.000000000000000000, 0.9238795325112867385, 1.000000000000000000, 0.9238795325112867385, 1.000000000000000000, 0.9238795325112867385, 1.000000000000000000, 0.9238795325112867385, 1.000000000000000000, 0.9238795325112867385, 1.000000000000000000, 0.9238795325112867385, 1.000000000000000000, 0.9238795325112867385, 1.000000000000000000, 0.9238795325112867385, 1.000000000000000000, 0.9238795325112867385, 1.000000000000000000, 0.9238795325112867385, 1.000000000000000000, 0.9238795325112867385, 1.000000000000000000, 0.9238795325112867385, 1.000000000000000000, 0.9238795325112867385, 1.000000000000000000, 0.9238795325112867385, 1.000000000000000000, 0.9238795325112867385, 1.000000000000000000, 0.9238795325112867385, 1.000000000000000000, 0.9238795325112867385, 1.000000000000000000, 0.9238795325112867385, 1.000000000000000000, 0.9238795325112867385, 1.000000000000000000, 0.9238795325112867385, 1.000000000000000000, 0.9238795325112867385, 1.000000000000000000, 0.9238795325112867385, 1.000000000000000000, 0.9238795325112867385, 1.000000000000000000, 0.9238795325112867385, 1.000000000000000000, 0.9238795325112867385, 1.000000000000000000, 0.9238795325112867385, 1.000000000000000000, 0.9238795325112867385, 1.000000000000000000, 0.9238795325112867385, 1.000000000000000000, 0.9238795325112867385, 1.000000000000000000, 0.9238795325112867385, 1.000000000000000000, 0.9238795325112867385, 1.000000000000000000, 0.9238795325112867385, 1.000000000000000000, 0.9238795325112867385, 1.000000000000000000, 0.9238795325112867385, 1.000000000000000000, 0.9238795325112867385, 1.000000000000000000, 0.9238795325112867385, 1.000000000000000000, 0.9238795325112867385, 1.000000000000000000, 0.9238795325112867385, 1.000000000000000000, 0.9238795325112867385, 1.000000000000000000, 0.9238795325112867385, 1.000000000000000000, 0.9238795325112867385, 1.000000000000000000, 0.9238795325112867385, 1.000000000000000000, 0.9238795325112867385, 1.000000000000000000, 0.9238795325112867385, 1.000000000000000000, 0.9238795325112867385, 1.000000000000000000, 0.9238795325112867385, 1.000000000000000000, 0.9238795325112867385, 1.000000000000000000, 0.9238795325112867385, 1.000000000000000000, 0.9238795325112867385, 1.000000000000000000, 0.9238795325112867385, 1.000000000000000000, 0.9238795325112867385, 1.000000000000000000, 0.9238795325112867385, 1.000000000000000000, 0.9238795325112867385, 1.000000000000000000, 0.9238795325112867385, 1.000000000000000000, 0.9238795325112867385, 1.000000000000000000, 0.9238795325112867385, 1.000000000000000000, 0.9238795325112867385, 1.000000000000000000, 0.9238795325112867385, 1.000000000000000000, 0.9238795325112867385, 1.000000000000000000, 0.9238795325112867385, 1.000000000000000000, 0.9238795325112867385, 1.000000000000000000, 0.9238795325112867385, 1.000000000000000000, 0.9238795325112867385, 1.000000000000000000, 0.9238795325112867385, 1.000000000000000000, 0.9238795325112867385, 1.000000000000000000, 0.9238795325112867385, 1.000000000000000000, 0.9238795325112867385, 1.000000000000000000, 0.9238795325112867385, 1.000000000000000000, 0.9238795325112867385, 1.000000000000000000, 0.9238795325112867385, 1.000000000000000000, 0.9238795325112867385, 1.000000000000000000, 0.9238795325112867385, 1.000000000000000000, 0.9238795325112867385, 1.000000000000000000, 0.9238795325112867385, 1.000000000000000000, 0.9238795325112867385, 1.000000000000000000, 0.9238795325112867385, 1.000000000000000000, 0.9238795325112867385, 1.000000000000000000, 0.9238795325112867385, 1.000000000000000000, 0.9238795325112867385, 1.000000000000000000, 0.9238795325112867385, 1.000000000000000000, 0.9744793067463776159, 0.9660711143912044108) ) ) 
 REPRESENTATION_ITEM ( '' )  SURFACE ( )  );
#30 = EDGE_CURVE ( 'NONE', #7172, #3986, #3040, .T. ) ;
#31 = CARTESIAN_POINT ( 'NONE',  ( -3.999999999999922284, -6.718749995903248617, 1.656854249492372588 ) ) ;
#32 = ORIENTED_EDGE ( 'NONE', *, *, #2389, .F. ) ;
#33 = APPROVAL_PERSON_ORGANIZATION ( #4038, #3356, #4593 ) ;
#34 = CARTESIAN_POINT ( 'NONE',  ( 29.60338462533560033, -4.254327968790133419, 2.254327968790133863 ) ) ;
#35 = CARTESIAN_POINT ( 'NONE',  ( 49.00963462533560744, -3.320554750080270345, 3.188101187499999156 ) ) ;
#36 = CARTESIAN_POINT ( 'NONE',  ( 38.22838462533560033, -4.254327968790133419, 2.254327968790134307 ) ) ;
#37 = CYLINDRICAL_SURFACE ( 'NONE', #1815, 3.999999999999946265 ) ;
#38 = CARTESIAN_POINT ( 'NONE',  ( 3.999999999999996447, 1.531250004096778916, -1.656854249492369924 ) ) ;
#39 = AXIS2_PLACEMENT_3D ( 'NONE', #6040, #2071, #4228 ) ;
#40 =( BOUNDED_CURVE ( )  B_SPLINE_CURVE ( 2, ( #2945, #4150, #5209, #3567, #4678, #6345, #6380, #5237, #5269 ),
 .UNSPECIFIED., .F., .F. ) 
 B_SPLINE_CURVE_WITH_KNOTS ( ( 3, 2, 2, 2, 3 ),
 ( 0.2272727272727272374, 0.2386363636363636187, 0.2500000000000000000, 0.2613636363636363535, 0.2727272727272727071 ),
 .UNSPECIFIED. ) 
 CURVE ( )  GEOMETRIC_REPRESENTATION_ITEM ( )  RATIONAL_B_SPLINE_CURVE ( ( 1.000000000000000222, 0.9238795325112865164, 1.000000000000000000, 0.9238795325112867385, 1.000000000000000000, 0.9238795325112867385, 1.000000000000000000, 0.9238795325112867385, 1.000000000000000000 ) ) 
 REPRESENTATION_ITEM ( '' )  );
#41 = ORIENTED_EDGE ( 'NONE', *, *, #7345, .T. ) ;
#42 = CARTESIAN_POINT ( 'NONE',  ( 50.13463462328721221, -1.999999999999997780, -4.000000000000000000 ) ) ;
#43 = CARTESIAN_POINT ( 'NONE',  ( 32.04088462328720510, -3.656854249492378806, -4.000000000000000888 ) ) ;
#44 = APPROVAL_DATE_TIME ( #603, #6468 ) ;
#45 = CARTESIAN_POINT ( 'NONE',  ( 34.00963462533560033, -3.320554750080270345, 3.188101187499999156 ) ) ;
#46 = CARTESIAN_POINT ( 'NONE',  ( 34.94713462738398135, -5.999999999999998224, -7.347880794884119736E-16 ) ) ;
#47 = CARTESIAN_POINT ( 'NONE',  ( 50.88463462328721221, -1.999999999999998224, 0.000000000000000000 ) ) ;
#48 = CARTESIAN_POINT ( 'NONE',  ( -1.320554750080205286, -7.562499997951631414, 3.188101187499972955 ) ) ;
#49 = CARTESIAN_POINT ( 'NONE',  ( 36.91588462738398846, -0.3431457505076354608, -4.000000000000018652 ) ) ;
#50 = CARTESIAN_POINT ( 'NONE',  ( -3.188101187499940536, -1.468749997951635411, 0.000000000000000000 ) ) ;
#51 = CARTESIAN_POINT ( 'NONE',  ( 50.22838462328721221, -0.3431457505076173642, -4.000000000000000000 ) ) ;
#52 = CARTESIAN_POINT ( 'NONE',  ( 45.07213462533560033, -3.320554750080268569, -3.188101187500000488 ) ) ;
#53 = DIRECTION ( 'NONE',  ( -1.000000000000000000, -0.000000000000000000, -0.000000000000000000 ) ) ;
#54 = VECTOR ( 'NONE', #5379, 1000.000000000000000 ) ;
#55 = CARTESIAN_POINT ( 'NONE',  ( -3.188101187499950750, 1.437500002048364367, -1.320554750080258799 ) ) ;
#56 = CARTESIAN_POINT ( 'NONE',  ( 39.25963462328720510, -5.999999999999998224, -7.347880794884119736E-16 ) ) ;
#57 = CARTESIAN_POINT ( 'NONE',  ( 0.000000000000000000, 8.201801801801801517, 0.000000000000000000 ) ) ;
#58 = CARTESIAN_POINT ( 'NONE',  ( 2.828427124746201393, -0.2499999959032252195, 2.828427124746171195 ) ) ;
#59 = CARTESIAN_POINT ( 'NONE',  ( 43.38463462328721221, -1.999999999999998224, 4.000000000000000000 ) ) ;
#60 = CARTESIAN_POINT ( 'NONE',  ( 49.29088462738398846, 2.000000000000001776, 1.656854249492381026 ) ) ;
#61 = CARTESIAN_POINT ( 'NONE',  ( 35.41588462738398846, -0.3431457505076354608, -4.000000000000018652 ) ) ;
#62 = ORIENTED_EDGE ( 'NONE', *, *, #716, .F. ) ;
#63 = DIRECTION ( 'NONE',  ( -1.000000000000000000, -3.469446951953618133E-15, 0.000000000000000000 ) ) ;
#64 = CARTESIAN_POINT ( 'NONE',  ( -3.188101187499934763, -2.874999997951636743, 1.320554750080261019 ) ) ;
#65 = CARTESIAN_POINT ( 'NONE',  ( 4.276244893904673723E-14, -4.093749997951625197, 3.188101187499973399 ) ) ;
#66 = CARTESIAN_POINT ( 'NONE',  ( 2.828427124746232035, -9.249999995903227301, 2.828427124746171195 ) ) ;
#67 = ORIENTED_EDGE ( 'NONE', *, *, #6236, .T. ) ;
#68 = CARTESIAN_POINT ( 'NONE',  ( 46.10338462533560033, -4.254327968790133419, 2.254327968790133863 ) ) ;
#69 = EDGE_CURVE ( 'NONE', #5177, #7131, #2525, .T. ) ;
#70 = CARTESIAN_POINT ( 'NONE',  ( 37.94713462533560033, -0.6794452499197284334, 3.188101187500000044 ) ) ;
#71 = FACE_OUTER_BOUND ( 'NONE', #6632, .T. ) ;
#72 = CARTESIAN_POINT ( 'NONE',  ( 40.00963462328721221, 2.000000000000001776, 2.449293598294706414E-16 ) ) ;
#73 = ADVANCED_FACE ( 'NONE', ( #3050 ), #5310, .T. ) ;
#74 = DATE_AND_TIME ( #5745, #2186 ) ;
#75 = CARTESIAN_POINT ( 'NONE',  ( 32.22838462533560033, 0.2543279687901365826, 2.254327968790134751 ) ) ;
#76 = CARTESIAN_POINT ( 'NONE',  ( 36.54088462738399556, -5.999999999999997335, -1.656854249492382580 ) ) ;
#77 = CARTESIAN_POINT ( 'NONE',  ( 43.29088462533560744, -1.999999999999997780, -3.188101187500000488 ) ) ;
#78 = CARTESIAN_POINT ( 'NONE',  ( 2.254327968790172498, -8.406249997951618980, -2.254327968790116099 ) ) ;
#79 = CARTESIAN_POINT ( 'NONE',  ( 0.000000000000000000, 0.000000000000000000, 0.000000000000000000 ) ) ;
#80 = CARTESIAN_POINT ( 'NONE',  ( 3.188101187499999156, 0.8750000020483873486, -1.320554750080259021 ) ) ;
#81 = CARTESIAN_POINT ( 'NONE',  ( 42.63463462328721221, -1.999999999999997780, -4.000000000000000000 ) ) ;
#82 = AXIS2_PLACEMENT_3D ( 'NONE', #5932, #2518, #1926 ) ;
#83 = ORIENTED_EDGE ( 'NONE', *, *, #1499, .F. ) ;
#84 =( BOUNDED_CURVE ( )  B_SPLINE_CURVE ( 2, ( #3788, #5494, #6045, #511, #2671, #4416, #6691, #1584, #3866 ),
 .UNSPECIFIED., .F., .T. ) 
 B_SPLINE_CURVE_WITH_KNOTS ( ( 3, 2, 2, 2, 3 ),
 ( 0.8181818181818181213, 0.8295454545454544748, 0.8409090909090908283, 0.8522727272727271819, 0.8636363636363635354 ),
 .UNSPECIFIED. ) 
 CURVE ( )  GEOMETRIC_REPRESENTATION_ITEM ( )  RATIONAL_B_SPLINE_CURVE ( ( 1.000000000000000666, 0.9238795325112859613, 1.000000000000000000, 0.9238795325112867385, 1.000000000000000000, 0.9238795325112867385, 1.000000000000000000, 0.9238795325112875156, 0.9999999999999992228 ) ) 
 REPRESENTATION_ITEM ( '' )  );
#85 = EDGE_CURVE ( 'NONE', #2467, #3433, #4436, .T. ) ;
#86 = CARTESIAN_POINT ( 'NONE',  ( 50.22838462533560033, 0.2543279687901365826, 2.254327968790134751 ) ) ;
#87 = CARTESIAN_POINT ( 'NONE',  ( 4.000000000000004441, -0.3437500000000020539, 1.656854249492369036 ) ) ;
#88 = CARTESIAN_POINT ( 'NONE',  ( -2.828427124746145438, 0.5000000040967554904, -2.828427124746171639 ) ) ;
#89 = CARTESIAN_POINT ( 'NONE',  ( 1.189020794907483257E-14, 4.906250002048376579, 3.188101187499973399 ) ) ;
#90 = DIRECTION ( 'NONE',  ( 0.000000000000000000, 0.000000000000000000, 1.000000000000000000 ) ) ;
#91 = CARTESIAN_POINT ( 'NONE',  ( 13.74772708486752038, 6.000000000000010658, 0.000000000000000000 ) ) ;
#92 = CARTESIAN_POINT ( 'NONE',  ( 4.000000000000008882, -1.656249995903222194, 1.656854249492369036 ) ) ;
#93 = CARTESIAN_POINT ( 'NONE',  ( 2.828427124746201393, -0.2499999959032252195, 2.828427124746171195 ) ) ;
#94 = CARTESIAN_POINT ( 'NONE',  ( 29.69713462533560744, -5.188101187499998268, 1.320554750080270345 ) ) ;
#95 = FACE_OUTER_BOUND ( 'NONE', #3337, .T. ) ;
#96 = ORIENTED_EDGE ( 'NONE', *, *, #2270, .F. ) ;
#97 = FACE_OUTER_BOUND ( 'NONE', #2737, .T. ) ;
#98 = CARTESIAN_POINT ( 'NONE',  ( 2.254327968790163172, -5.406249997951618091, 2.254327968790115655 ) ) ;
#99 = CARTESIAN_POINT ( 'NONE',  ( 3.188101187500010703, -2.312499997951613651, 1.320554750080258577 ) ) ;
#100 = CARTESIAN_POINT ( 'NONE',  ( -2.828427124746114796, -8.499999995903246841, -2.828427124746171639 ) ) ;
#101 =( BOUNDED_CURVE ( )  B_SPLINE_CURVE ( 2, ( #4304, #4786, #768, #7063, #1968, #4232, #6496, #311, #1391 ),
 .UNSPECIFIED., .F., .T. ) 
 B_SPLINE_CURVE_WITH_KNOTS ( ( 3, 2, 2, 2, 3 ),
 ( 0.5454545454545454142, 0.5568181818181817677, 0.5681818181818181213, 0.5795454545454544748, 0.5909090909090908283 ),
 .UNSPECIFIED. ) 
 CURVE ( )  GEOMETRIC_REPRESENTATION_ITEM ( )  RATIONAL_B_SPLINE_CURVE ( ( 1.000000000000000000, 0.9238795325112867385, 1.000000000000000000, 0.9238795325112867385, 1.000000000000000000, 0.9238795325112867385, 1.000000000000000000, 0.9238795325112875156, 0.9999999999999992228 ) ) 
 REPRESENTATION_ITEM ( '' )  );
#102 = ORIENTED_EDGE ( 'NONE', *, *, #3966, .T. ) ;
#103 = CARTESIAN_POINT ( 'NONE',  ( 45.07213462533560033, -3.320554750080268569, -3.188101187500000488 ) ) ;
#104 = CARTESIAN_POINT ( 'NONE',  ( 38.97838462533560033, 0.2543279687901370267, -2.254327968790134751 ) ) ;
#105 = CARTESIAN_POINT ( 'NONE',  ( 1.594011603008238964, -8.843027048847000415, 2.760999129140405906 ) ) ;
#106 = PERSON_AND_ORGANIZATION ( #4300, #2884 ) ;
#107 = CARTESIAN_POINT ( 'NONE',  ( 11.18033988749894370, -10.00000000000001243, 0.5263787339969197010 ) ) ;
#108 =( BOUNDED_CURVE ( )  B_SPLINE_CURVE ( 2, ( #4855, #3266, #5415, #2709, #6530, #4894, #3185, #4302, #6567 ),
 .UNSPECIFIED., .F., .T. ) 
 B_SPLINE_CURVE_WITH_KNOTS ( ( 3, 2, 2, 2, 3 ),
 ( 0.5312500000000001110, 0.5390625000000000000, 0.5468750000000000000, 0.5546874999999998890, 0.5624999999999997780 ),
 .UNSPECIFIED. ) 
 CURVE ( )  GEOMETRIC_REPRESENTATION_ITEM ( )  RATIONAL_B_SPLINE_CURVE ( ( 0.9999999999999988898, 0.9238795325112878487, 1.000000000000000000, 0.9238795325112867385, 1.000000000000000000, 0.9238795325112867385, 1.000000000000000000, 0.9238795325112888479, 0.9999999999999978906 ) ) 
 REPRESENTATION_ITEM ( '' )  );
#109 = APPROVAL_STATUS ( 'not_yet_approved' ) ;
#110 = CARTESIAN_POINT ( 'NONE',  ( 33.25963462533560033, -0.6794452499197282114, -3.188101187500000044 ) ) ;
#111 = CARTESIAN_POINT ( 'NONE',  ( 35.41588462738398135, -0.3431457505076173642, -4.000000000000000000 ) ) ;
#112 = CARTESIAN_POINT ( 'NONE',  ( 43.75963462533560744, 1.188101187500002043, 1.320554750080270123 ) ) ;
#113 = CARTESIAN_POINT ( 'NONE',  ( 4.919416581195755753E-14, -5.968749997951626085, 3.188101187499973399 ) ) ;
#114 = CARTESIAN_POINT ( 'NONE',  ( 49.00963462533560744, -5.188101187499997380, -1.320554750080271678 ) ) ;
#115 = LOCAL_TIME ( 2, 47, 55.00000000000000000, #3205 ) ;
#116 = AXIS2_PLACEMENT_3D ( 'NONE', #1100, #173, #608 ) ;
#117 = CARTESIAN_POINT ( 'NONE',  ( 47.22838462328721221, -0.3431457505076173642, -4.000000000000000000 ) ) ;
#118 = ORIENTED_EDGE ( 'NONE', *, *, #2855, .F. ) ;
#119 = CARTESIAN_POINT ( 'NONE',  ( 49.94713462533560744, 1.188101187500001599, -1.320554750080269679 ) ) ;
#120 = CARTESIAN_POINT ( 'NONE',  ( 1.656854249492386577, 3.968749999999990674, 3.999999999999972911 ) ) ;
#121 = CARTESIAN_POINT ( 'NONE',  ( 42.54088462328721221, -3.656854249492369036, -4.000000000000010658 ) ) ;
#122 = CARTESIAN_POINT ( 'NONE',  ( 1.368203511531321432E-14, 4.156250002048376579, -3.188101187499973399 ) ) ;
#123 = CARTESIAN_POINT ( 'NONE',  ( -1.656854249492360820, 5.281249999999980460, 3.999999999999972911 ) ) ;
#124 = CARTESIAN_POINT ( 'NONE',  ( -2.828427124746120125, -6.624999995903245065, 2.828427124746172083 ) ) ;
#125 = CARTESIAN_POINT ( 'NONE',  ( -1.656854249492332398, -2.781250000000021760, -3.999999999999974243 ) ) ;
#126 = VECTOR ( 'NONE', #4435, 1000.000000000000000 ) ;
#127 = CARTESIAN_POINT ( 'NONE',  ( 28.47838462533560033, -4.254327968790132530, -2.254327968790135195 ) ) ;
#128 = CARTESIAN_POINT ( 'NONE',  ( -3.188101187499971179, 7.531250002048365921, 0.000000000000000000 ) ) ;
#129 = ORIENTED_EDGE ( 'NONE', *, *, #1940, .F. ) ;
#130 = CARTESIAN_POINT ( 'NONE',  ( 4.677631493238076773E-15, 6.781250002048376579, -3.188101187499973399 ) ) ;
#131 = CARTESIAN_POINT ( 'NONE',  ( -1.320554750080217055, -4.187499997951629638, 3.188101187499972955 ) ) ;
#132 = FACE_OUTER_BOUND ( 'NONE', #2857, .T. ) ;
#133 = CARTESIAN_POINT ( 'NONE',  ( 3.188101187499984057, 5.000000002048387238, -1.320554750080259021 ) ) ;
#134 = EDGE_LOOP ( 'NONE', ( #6954, #6629, #6151, #5200 ) ) ;
#135 = CARTESIAN_POINT ( 'NONE',  ( 46.57213462533560033, -3.320554750080268569, -3.188101187500000488 ) ) ;
#136 = CARTESIAN_POINT ( 'NONE',  ( 42.07213462533559323, 1.188101187500002043, -1.320554750080270123 ) ) ;
#137 = CARTESIAN_POINT ( 'NONE',  ( -2.828427124746119237, -6.812500000000026645, 2.828427124746172083 ) ) ;
#138 =( BOUNDED_CURVE ( )  B_SPLINE_CURVE ( 2, ( #3300, #5563, #641, #1207, #675, #3973, #1773, #5417, #4192 ),
 .UNSPECIFIED., .F., .T. ) 
 B_SPLINE_CURVE_WITH_KNOTS ( ( 3, 2, 2, 2, 3 ),
 ( 0.000000000000000000, 0.01136363636363635181, 0.02272727272727270362, 0.03409090909090905369, 0.04545454545454540723 ),
 .UNSPECIFIED. ) 
 CURVE ( )  GEOMETRIC_REPRESENTATION_ITEM ( )  RATIONAL_B_SPLINE_CURVE ( ( 1.000000000000000000, 0.9238795325112867385, 1.000000000000000000, 0.9238795325112867385, 1.000000000000000000, 0.9238795325112867385, 1.000000000000000000, 0.9238795325112870716, 0.9999999999999996669 ) ) 
 REPRESENTATION_ITEM ( '' )  );
#139 = LOCAL_TIME ( 2, 47, 55.00000000000000000, #2859 ) ;
#140 = CARTESIAN_POINT ( 'NONE',  ( -3.999999999999953371, 2.093750004096751827, -1.656854249492369702 ) ) ;
#141 = CARTESIAN_POINT ( 'NONE',  ( 12.19732351295675521, -4.056748915897014918, 7.735511908976988593 ) ) ;
#142 = CALENDAR_DATE ( 2026, 27, 9 ) ;
#143 = CARTESIAN_POINT ( 'NONE',  ( 31.85338462533560033, 0.2543279687901365826, -2.254327968790134307 ) ) ;
#144 = CARTESIAN_POINT ( 'NONE',  ( 32.32213462738398846, -1.999999999999997780, -4.000000000000000000 ) ) ;
#145 = CARTESIAN_POINT ( 'NONE',  ( 46.47838462533560033, 0.2543279687901370267, -2.254327968790134751 ) ) ;
#146 = CARTESIAN_POINT ( 'NONE',  ( -1.320554750080210615, -6.062499997951629638, 3.188101187499972955 ) ) ;
#147 = CARTESIAN_POINT ( 'NONE',  ( 5.557621441077628319E-14, -8.000000000000012434, 0.000000000000000000 ) ) ;
#148 = CARTESIAN_POINT ( 'NONE',  ( 44.32213462328721221, 0.8284271247461921783, -2.828427124746189847 ) ) ;
#149 = EDGE_LOOP ( 'NONE', ( #235, #2062, #1898, #2886 ) ) ;
#150 =( BOUNDED_CURVE ( )  B_SPLINE_CURVE ( 2, ( #976, #378, #1534, #3741, #4258, #3259, #2663, #2703, #4927, #6599, #2027, #5368, #4816, #2065, #5924, #7087, #3144, #4851, #1955, #7206, #2102, #262, #4366, #3218, #3779, #4223, #5999, #2584, #1993, #7124, #5962, #6637, #5410, #938, #5483, #3819, #5525, #6560, #1419, #2622, #2545, #421, #7164, #4965, #6486, #302, #4295, #901, #4887, #6523, #5446, #341, #6269, #1704, #2182, #460, #2787, #3382, #1019, #2144, #3976, #1173, #1099, #1615, #571, #5646, #1138, #5, #5716, #2744, #2222, #536, #4560, #1575, #2826, #5009, #3894, #6196, #3303, #2298, #4407, #6113, #6159, #6232, #7285, #4523, #5085, #5047, #6682, #6804, #502, #1661, #4446, #6842, #3424, #1741, #5566, #7323, #5121, #4485, #6722, #2258, #607, #7363, #5682, #1058, #2899, #4013, #3462, #2863, #7243, #3857, #3934, #3343, #5607, #6760, #6907, #3495, #4631, #4109, #710, #1877, #5810, #4139, #6437, #1810, #6368, #2996, #1266, #2368, #3555, #1210, #1843, #5843, #4077, #6331, #5256, #6302, #1237, #3526, #113, #146, #5779, #181, #678, #7005, #5749, #4666, #2965, #787, #5226, #644, #2429, #4042, #3590, #6400, #4700, #48, #6940, #2399, #2931, #1302, #6973, #5196, #748, #2334, #78, #3028, #5290, #2464, #4733, #1910, #6876 ),
 .UNSPECIFIED., .F., .F. ) 
 B_SPLINE_CURVE_WITH_KNOTS ( ( 3, 2, 2, 2, 2, 2, 2, 2, 2, 2, 2, 2, 2, 2, 2, 2, 2, 2, 2, 2, 2, 2, 2, 2, 2, 2, 2, 2, 2, 2, 2, 2, 2, 2, 2, 2, 2, 2, 2, 2, 2, 2, 2, 2, 2, 2, 2, 2, 2, 2, 2, 2, 2, 2, 2, 2, 2, 2, 2, 2, 2, 2, 2, 2, 2, 2, 2, 2, 2, 2, 2, 2, 2, 2, 2, 2, 2, 2, 2, 2, 2, 2, 2, 2, 2, 2, 3 ),
 ( 0.000000000000000000, 0.01171848552189676262, 0.02343697104379352525, 0.03515545656569028787, 0.04687394208758705050, 0.05859242760948381312, 0.07031091313138057575, 0.08202939865327733837, 0.09374788417517410100, 0.1054663696970708775, 0.1171848552189676262, 0.1289033407408644027, 0.1406218262627611515, 0.1523403117846579280, 0.1640587973065546767, 0.1757772828284514255, 0.1874957683503482020, 0.1992142538722449785, 0.2109327393941417550, 0.2226512249160385037, 0.2343697104379352525, 0.2460881959598320290, 0.2578066814817288055, 0.2695251670036255542, 0.2812436525255223030, 0.2929621380474191072, 0.3046806235693158560, 0.3163991090912126047, 0.3281175946131093535, 0.3398360801350061022, 0.3515545656569028510, 0.3632730511787996552, 0.3749915367006964040, 0.3867100222225932082, 0.3984285077444899570, 0.4101469932663867057, 0.4218654787882835100, 0.4335839643101802587, 0.4453024498320770075, 0.4570209353539737562, 0.4687394208758705050, 0.4804579063977672537, 0.4921763919196640580, 0.5038948774415608067, 0.5156133629634576110, 0.5273318484853543042, 0.5390503340072511085, 0.5507688195291478017, 0.5624873050510446060, 0.5742057905729412992, 0.5859242760948382145, 0.5976427616167349077, 0.6093612471386317120, 0.6210797326605285162, 0.6327982181824252095, 0.6445167037043220137, 0.6562351892262187070, 0.6679536747481155112, 0.6796721602700122045, 0.6913906457919090087, 0.7031091313138057020, 0.7148276168357026172, 0.7265461023575993105, 0.7382645878794961147, 0.7499830734013928080, 0.7617015589232896122, 0.7734200444451864165, 0.7851385299670831097, 0.7968570154889799140, 0.8085755010108766072, 0.8202939865327734115, 0.8320124720546701047, 0.8437309575765670200, 0.8554494430984637132, 0.8671679286203605175, 0.8788864141422572107, 0.8906048996641540150, 0.9023233851860507082, 0.9140418707079475125, 0.9257603562298443167, 0.9374788417517410100, 0.9491973272736378142, 0.9609158127955345075, 0.9726342983174314227, 0.9843527838393281160, 0.9960712693612249202, 1.000000000000000000 ),
 .UNSPECIFIED. ) 
 CURVE ( )  GEOMETRIC_REPRESENTATION_ITEM ( )  RATIONAL_B_SPLINE_CURVE ( ( 1.000000000000000000, 0.9238795325112867385, 1.000000000000000000, 0.9238795325112867385, 1.000000000000000000, 0.9238795325112867385, 1.000000000000000000, 0.9238795325112867385, 1.000000000000000000, 0.9238795325112867385, 1.000000000000000000, 0.9238795325112867385, 1.000000000000000000, 0.9238795325112867385, 1.000000000000000000, 0.9238795325112867385, 1.000000000000000000, 0.9238795325112867385, 1.000000000000000000, 0.9238795325112867385, 1.000000000000000000, 0.9238795325112867385, 1.000000000000000000, 0.9238795325112867385, 1.000000000000000000, 0.9238795325112867385, 1.000000000000000000, 0.9238795325112867385, 1.000000000000000000, 0.9238795325112867385, 1.000000000000000000, 0.9238795325112867385, 1.000000000000000000, 0.9238795325112867385, 1.000000000000000000, 0.9238795325112867385, 1.000000000000000000, 0.9238795325112867385, 1.000000000000000000, 0.9238795325112867385, 1.000000000000000000, 0.9238795325112867385, 1.000000000000000000, 0.9238795325112867385, 1.000000000000000000, 0.9238795325112867385, 1.000000000000000000, 0.9238795325112867385, 1.000000000000000000, 0.9238795325112867385, 1.000000000000000000, 0.9238795325112867385, 1.000000000000000000, 0.9238795325112867385, 1.000000000000000000, 0.9238795325112867385, 1.000000000000000000, 0.9238795325112867385, 1.000000000000000000, 0.9238795325112867385, 1.000000000000000000, 0.9238795325112867385, 1.000000000000000000, 0.9238795325112867385, 1.000000000000000000, 0.9238795325112867385, 1.000000000000000000, 0.9238795325112867385, 1.000000000000000000, 0.9238795325112867385, 1.000000000000000000, 0.9238795325112867385, 1.000000000000000000, 0.9238795325112867385, 1.000000000000000000, 0.9238795325112867385, 1.000000000000000000, 0.9238795325112867385, 1.000000000000000000, 0.9238795325112867385, 1.000000000000000000, 0.9238795325112867385, 1.000000000000000000, 0.9238795325112867385, 1.000000000000000000, 0.9238795325112867385, 1.000000000000000000, 0.9238795325112867385, 1.000000000000000000, 0.9238795325112867385, 1.000000000000000000, 0.9238795325112867385, 1.000000000000000000, 0.9238795325112867385, 1.000000000000000000, 0.9238795325112867385, 1.000000000000000000, 0.9238795325112867385, 1.000000000000000000, 0.9238795325112867385, 1.000000000000000000, 0.9238795325112867385, 1.000000000000000000, 0.9238795325112867385, 1.000000000000000000, 0.9238795325112867385, 1.000000000000000000, 0.9238795325112867385, 1.000000000000000000, 0.9238795325112867385, 1.000000000000000000, 0.9238795325112867385, 1.000000000000000000, 0.9238795325112867385, 1.000000000000000000, 0.9238795325112867385, 1.000000000000000000, 0.9238795325112867385, 1.000000000000000000, 0.9238795325112867385, 1.000000000000000000, 0.9238795325112867385, 1.000000000000000000, 0.9238795325112867385, 1.000000000000000000, 0.9238795325112867385, 1.000000000000000000, 0.9238795325112867385, 1.000000000000000000, 0.9238795325112867385, 1.000000000000000000, 0.9238795325112867385, 1.000000000000000000, 0.9238795325112867385, 1.000000000000000000, 0.9238795325112867385, 1.000000000000000000, 0.9238795325112867385, 1.000000000000000000, 0.9238795325112867385, 1.000000000000000000, 0.9238795325112867385, 1.000000000000000000, 0.9238795325112867385, 1.000000000000000000, 0.9238795325112867385, 1.000000000000000000, 0.9238795325112867385, 1.000000000000000000, 0.9238795325112867385, 1.000000000000000000, 0.9238795325112867385, 1.000000000000000000, 0.9238795325112867385, 1.000000000000000000, 0.9238795325112867385, 1.000000000000000000, 0.9238795325112867385, 1.000000000000000000, 0.9238795325112867385, 1.000000000000000000, 0.9238795325112867385, 1.000000000000000000, 0.9238795325112867385, 1.000000000000000000, 0.9238795325112867385, 1.000000000000000000, 0.9238795325112867385, 1.000000000000000000, 0.9238795325112867385, 1.000000000000000000, 0.9744799093447712446, 0.9660715114717146612 ) ) 
 REPRESENTATION_ITEM ( '' )  );
#151 = CARTESIAN_POINT ( 'NONE',  ( 29.13463462328720865, -1.999999999999997780, -4.000000000000000000 ) ) ;
#152 = CARTESIAN_POINT ( 'NONE',  ( 4.000000000000002665, -0.1562500000000018596, -1.656854249492369924 ) ) ;
#153 = CARTESIAN_POINT ( 'NONE',  ( 42.25963462328721221, -5.999999999999998224, -7.347880794884119736E-16 ) ) ;
#154 = CARTESIAN_POINT ( 'NONE',  ( 3.188101187500014255, -3.624999997951614095, -1.320554750080259021 ) ) ;
#155 = PLANE ( 'NONE',  #5249 ) ;
#156 = CARTESIAN_POINT ( 'NONE',  ( 1.656854249492381248, 5.468749999999990230, 3.999999999999972911 ) ) ;
#157 = CARTESIAN_POINT ( 'NONE',  ( 4.000000000000030198, -7.656249995903221972, 1.656854249492369036 ) ) ;
#158 = CARTESIAN_POINT ( 'NONE',  ( -3.999999999999889866, -0.8125000326420408481, -6.492956484424249619E-07 ) ) ;
#159 = CARTESIAN_POINT ( 'NONE',  ( 42.91588462738398135, -0.3431457505076173642, -4.000000000000000000 ) ) ;
#160 = CARTESIAN_POINT ( 'NONE',  ( 26.22838462533560033, -1.999999999999998224, 3.188101187500000044 ) ) ;
#161 = ORIENTED_EDGE ( 'NONE', *, *, #6594, .F. ) ;
#162 = VECTOR ( 'NONE', #6546, 1000.000000000000000 ) ;
#163 = CARTESIAN_POINT ( 'NONE',  ( -3.188101187499933875, -3.437499997951637187, -1.320554750080258799 ) ) ;
#164 = CARTESIAN_POINT ( 'NONE',  ( 3.188101187500010258, -2.312499997951613651, 1.320554750080258577 ) ) ;
#165 = CARTESIAN_POINT ( 'NONE',  ( 26.50963462533560033, -5.188101187499998268, -1.320554750080271900 ) ) ;
#166 = CARTESIAN_POINT ( 'NONE',  ( 1.320554750080279227, 2.187500002048380132, -3.188101187499973843 ) ) ;
#167 = ORIENTED_EDGE ( 'NONE', *, *, #4171, .F. ) ;
#168 = CARTESIAN_POINT ( 'NONE',  ( 38.22838462533560033, 0.2543279687901365826, 2.254327968790134751 ) ) ;
#169 = ADVANCED_FACE ( 'NONE', ( #1397 ), #774, .F. ) ;
#170 = CARTESIAN_POINT ( 'NONE',  ( 39.91588462533560033, -5.188101187499998268, -5.856446871944625661E-16 ) ) ;
#171 = CARTESIAN_POINT ( 'NONE',  ( 3.999999999997198685, 4.437440622732678364, 3.268391669911287251E-06 ) ) ;
#172 = B_SPLINE_CURVE_WITH_KNOTS ( 'NONE', 3,
 ( #3902, #3390, #508, #6165, #6201, #3862, #7250, #6810, #5571, #5015, #1105, #2188, #6120, #2228, #6728, #1065, #5651, #2793, #2708, #3431, #2149, #1024 ),
 .UNSPECIFIED., .F., .F.,
 ( 4, 2, 2, 2, 2, 2, 2, 2, 2, 2, 4 ),
 ( 0.01867943996218188532, 0.02025245083999891935, 0.02103895627890743636, 0.02182546171781595337, 0.02339847259563299087, 0.02497148347345002489, 0.02654449435126705892, 0.02733099979017557246, 0.02811750522908409294, 0.02969051610690112697, 0.03126352698471816099 ),
 .UNSPECIFIED. ) ;
#173 = DIRECTION ( 'NONE',  ( -3.430248998885766570E-15, 1.000000000000000000, -0.000000000000000000 ) ) ;
#174 = CARTESIAN_POINT ( 'NONE',  ( -3.999999999999941824, -1.000000000000028644, 0.000000000000000000 ) ) ;
#175 = CARTESIAN_POINT ( 'NONE',  ( 45.25963462533561454, -0.6794452499197283224, -3.188101187499999600 ) ) ;
#176 = COORDINATED_UNIVERSAL_TIME_OFFSET ( 8, 0, .AHEAD. ) ;
#177 = EDGE_CURVE ( 'NONE', #936, #6150, #6469, .T. ) ;
#178 = CARTESIAN_POINT ( 'NONE',  ( 33.44713462533560744, 1.188101187500001599, -1.320554750080269679 ) ) ;
#179 = CARTESIAN_POINT ( 'NONE',  ( 36.44713462738398135, -5.999999999999998224, -7.347880794884119736E-16 ) ) ;
#180 = CARTESIAN_POINT ( 'NONE',  ( 42.91588462533560744, -5.188101187499998268, -5.856446871944625661E-16 ) ) ;
#181 = CARTESIAN_POINT ( 'NONE',  ( -3.188101187499923217, -6.249999997951635855, 1.320554750080261019 ) ) ;
#182 = CARTESIAN_POINT ( 'NONE',  ( 48.07213462533560744, 1.188101187500001599, -1.320554750080269679 ) ) ;
#183 = CARTESIAN_POINT ( 'NONE',  ( 47.13463462328720510, -1.999999999999997780, -4.000000000000000000 ) ) ;
#184 = VERTEX_POINT ( 'NONE', #1975 ) ;
#185 = CC_DESIGN_DATE_AND_TIME_ASSIGNMENT ( #3551, #5805, ( #2656 ) ) ;
#186 = CARTESIAN_POINT ( 'NONE',  ( 50.88463462328721221, -1.999999999999998224, 0.000000000000000000 ) ) ;
#187 = CARTESIAN_POINT ( 'NONE',  ( 2.828427124746188959, 3.125000004096775363, -2.828427124746171639 ) ) ;
#188 = CARTESIAN_POINT ( 'NONE',  ( -2.828427124746139221, -1.187500000000025313, -2.828427124746171639 ) ) ;
#189 = LINE ( 'NONE', #686, #209 ) ;
#190 = CARTESIAN_POINT ( 'NONE',  ( -3.188101187499930322, -4.468749997951636743, 0.000000000000000000 ) ) ;
#191 = CARTESIAN_POINT ( 'NONE',  ( 38.88463462738398846, 0.8284271247461921783, 2.828427124746190291 ) ) ;
#192 = CARTESIAN_POINT ( 'NONE',  ( -1.656854249492365705, 6.781249999999980460, 3.999999999999972911 ) ) ;
#193 = CARTESIAN_POINT ( 'NONE',  ( 1.656854249492416331, -4.843749995903229966, 3.999999999999972911 ) ) ;
#194 = CARTESIAN_POINT ( 'NONE',  ( -3.999999999999948930, -2.593750000000028866, -1.656854249492357489 ) ) ;
#195 = CARTESIAN_POINT ( 'NONE',  ( 47.97838462738400267, -0.3431457505076178638, 4.000000000000000000 ) ) ;
#196 = DIRECTION ( 'NONE',  ( 0.000000000000000000, 0.000000000000000000, 1.000000000000000000 ) ) ;
#197 = ORIENTED_EDGE ( 'NONE', *, *, #2290, .F. ) ;
#198 = CARTESIAN_POINT ( 'NONE',  ( 2.011375198822402831E-14, 2.281250002048375691, -3.188101187499973399 ) ) ;
#199 = DIRECTION ( 'NONE',  ( 0.000000000000000000, 0.000000000000000000, 1.000000000000000000 ) ) ;
#200 = CARTESIAN_POINT ( 'NONE',  ( 28.75963462533559678, 1.188101187500002043, 1.320554750080270123 ) ) ;
#201 = CARTESIAN_POINT ( 'NONE',  ( -1.320554750080235928, 1.437500002048371472, 3.188101187499973399 ) ) ;
#202 = EDGE_CURVE ( 'NONE', #735, #3683, #628, .T. ) ;
#203 = EDGE_LOOP ( 'NONE', ( #6320, #360, #7120 ) ) ;
#204 = DIRECTION ( 'NONE',  ( 0.000000000000000000, 0.000000000000000000, -1.000000000000000000 ) ) ;
#205 = CARTESIAN_POINT ( 'NONE',  ( 41.79088462533560033, -5.188101187499998268, -5.856446871944625661E-16 ) ) ;
#206 = CARTESIAN_POINT ( 'NONE',  ( 31.38463462533559678, -0.6794452499197279893, -3.188101187500000044 ) ) ;
#207 = CARTESIAN_POINT ( 'NONE',  ( -3.999999999999921840, -6.906249995903249506, -1.656854249492369702 ) ) ;
#208 = CARTESIAN_POINT ( 'NONE',  ( -2.254327968790108550, 5.843750002048368586, -2.254327968790116099 ) ) ;
#209 = VECTOR ( 'NONE', #2510, 1000.000000000000000 ) ;
#210 = CARTESIAN_POINT ( 'NONE',  ( -1.656854249492337283, -1.281250000000020206, -3.999999999999974243 ) ) ;
#211 = CARTESIAN_POINT ( 'NONE',  ( 1.656854249492390796, 2.656250004096771367, 3.999999999999972911 ) ) ;
#212 = CARTESIAN_POINT ( 'NONE',  ( 40.57213462738398846, -1.999999999999998224, 4.000000000000000000 ) ) ;
#213 = CARTESIAN_POINT ( 'NONE',  ( 45.35338462533560033, 0.2543279687901365826, -2.254327968790134307 ) ) ;
#214 = PERSON_AND_ORGANIZATION ( #664, #951 ) ;
#215 = CARTESIAN_POINT ( 'NONE',  ( 30.44713462533560389, 1.188101187500001599, -1.320554750080269679 ) ) ;
#216 = CARTESIAN_POINT ( 'NONE',  ( 49.57213462533560033, 1.188101187500002043, -1.320554750080270123 ) ) ;
#217 = CARTESIAN_POINT ( 'NONE',  ( 41.88463462533560033, -0.6794452499197279893, -3.188101187500000488 ) ) ;
#218 = CARTESIAN_POINT ( 'NONE',  ( 50.41588462328721931, 2.000000000000001776, -1.656854249492380138 ) ) ;
#219 = CARTESIAN_POINT ( 'NONE',  ( 2.828427124746206722, -1.749999995903224859, 2.828427124746171195 ) ) ;
#220 = CARTESIAN_POINT ( 'NONE',  ( 46.38463462328720510, -1.999999999999998224, 4.000000000000000000 ) ) ;
#221 = ADVANCED_FACE ( 'NONE', ( #3455 ), #2562, .T. ) ;
#222 = ORIENTED_EDGE ( 'NONE', *, *, #6327, .T. ) ;
#223 = EDGE_LOOP ( 'NONE', ( #2099, #4944, #1832, #443 ) ) ;
#224 = CARTESIAN_POINT ( 'NONE',  ( 46.10338462533560033, -4.254327968790133419, 2.254327968790133863 ) ) ;
#225 = CARTESIAN_POINT ( 'NONE',  ( 1.656854249492386799, 3.218750004096771811, -3.999999999999974243 ) ) ;
#226 = CARTESIAN_POINT ( 'NONE',  ( -2.828427124746155208, 3.687499999999975575, 2.828427124746172083 ) ) ;
#227 = CARTESIAN_POINT ( 'NONE',  ( 29.13463462328720865, -1.999999999999997780, -4.000000000000000000 ) ) ;
#228 = CARTESIAN_POINT ( 'NONE',  ( 1.320554750080303874, -4.937499997951620756, -3.188101187499973843 ) ) ;
#229 = DIRECTION ( 'NONE',  ( -3.430248998885766570E-15, 1.000000000000000000, -0.000000000000000000 ) ) ;
#230 = CARTESIAN_POINT ( 'NONE',  ( 3.999999999999992450, 2.843749999999999112, -1.656854249492369924 ) ) ;
#231 = CARTESIAN_POINT ( 'NONE',  ( 5.768958122362782726E-14, -8.687499995903236183, -3.999999999999974243 ) ) ;
#232 = CARTESIAN_POINT ( 'NONE',  ( 3.999999999999988010, 4.249999999999999112, -4.898587196589381274E-16 ) ) ;
#233 = CARTESIAN_POINT ( 'NONE',  ( 44.41588462738398135, -0.3431457505076173642, -4.000000000000000000 ) ) ;
#234 = CARTESIAN_POINT ( 'NONE',  ( 29.79088462738398491, 2.000000000000001776, 1.656854249492380804 ) ) ;
#235 = ORIENTED_EDGE ( 'NONE', *, *, #6748, .T. ) ;
#236 = CARTESIAN_POINT ( 'NONE',  ( -2.254327968790092118, 1.343750002048367920, 2.254327968790116543 ) ) ;
#237 = CC_DESIGN_PERSON_AND_ORGANIZATION_ASSIGNMENT ( #5561, #3420, ( #2215 ) ) ;
#238 = CARTESIAN_POINT ( 'NONE',  ( 2.254327968790173387, -8.406249997951618980, 2.254327968790115655 ) ) ;
#239 = DIRECTION ( 'NONE',  ( -3.430248998885766570E-15, 1.000000000000000000, -0.000000000000000000 ) ) ;
#240 = CARTESIAN_POINT ( 'NONE',  ( -1.320554750080231043, -0.06249999795162903410, 3.188101187499973399 ) ) ;
#241 = ORIENTED_EDGE ( 'NONE', *, *, #6153, .F. ) ;
#242 = AXIS2_PLACEMENT_3D ( 'NONE', #5803, #5151, #5187 ) ;
#243 = CARTESIAN_POINT ( 'NONE',  ( 37.38463462533560033, -5.188101187499997380, -1.320554750080271678 ) ) ;
#244 = CARTESIAN_POINT ( 'NONE',  ( 37.00963462533560033, -5.188101187499998268, -1.320554750080271900 ) ) ;
#245 = CARTESIAN_POINT ( 'NONE',  ( 28.75963462738398491, -4.828427124746188959, 2.828427124746189403 ) ) ;
#246 = CARTESIAN_POINT ( 'NONE',  ( -3.999999999999920952, -6.906250000000031086, 1.656854249492372588 ) ) ;
#247 = CARTESIAN_POINT ( 'NONE',  ( 48.07213462738398846, -1.999999999999998224, 4.000000000000000000 ) ) ;
#248 = CARTESIAN_POINT ( 'NONE',  ( 35.69713462533560033, -5.188101187499998268, 1.320554750080270345 ) ) ;
#249 = SECURITY_CLASSIFICATION_LEVEL ( 'unclassified' ) ;
#250 = CARTESIAN_POINT ( 'NONE',  ( 28.75963462533560033, -0.6794452499197282114, -3.188101187500000044 ) ) ;
#251 = CARTESIAN_POINT ( 'NONE',  ( 27.63463462738398846, -4.828427124746188959, -2.828427124746190735 ) ) ;
#252 = CARTESIAN_POINT ( 'NONE',  ( 35.22838462533560744, -4.254327968790133419, 2.254327968790134307 ) ) ;
#253 = CARTESIAN_POINT ( 'NONE',  ( 38.13463462738398846, -4.828427124746188959, -2.828427124746190735 ) ) ;
#254 = CARTESIAN_POINT ( 'NONE',  ( 46.00963462533560033, -5.188101187499997380, -1.320554750080271678 ) ) ;
#255 = VERTEX_POINT ( 'NONE', #2041 ) ;
#256 = CARTESIAN_POINT ( 'NONE',  ( 36.82213462328720510, 0.8284271247461921783, -2.828427124746189847 ) ) ;
#257 = VERTEX_POINT ( 'NONE', #357 ) ;
#258 = VERTEX_POINT ( 'NONE', #2637 ) ;
#259 = LOCAL_TIME ( 2, 47, 55.00000000000000000, #7240 ) ;
#260 = CARTESIAN_POINT ( 'NONE',  ( 45.82213462533560033, -0.6794452499197284334, 3.188101187500000044 ) ) ;
#261 = CARTESIAN_POINT ( 'NONE',  ( 1.957520271668806267, -8.436049226551871172, 2.551135665911483663 ) ) ;
#262 = CARTESIAN_POINT ( 'NONE',  ( 1.320554750080269013, 5.187500002048380132, -3.188101187499973399 ) ) ;
#263 = EDGE_CURVE ( 'NONE', #453, #3986, #825, .T. ) ;
#264 = CARTESIAN_POINT ( 'NONE',  ( -2.254327968790087677, -0.1562499979516325799, -2.254327968790116099 ) ) ;
#265 = CARTESIAN_POINT ( 'NONE',  ( 2.828427124746193844, 1.625000004096774697, -2.828427124746171639 ) ) ;
#266 = CARTESIAN_POINT ( 'NONE',  ( -3.999999999999967137, 6.593749999999972466, 1.656854249492372588 ) ) ;
#267 =( BOUNDED_CURVE ( )  B_SPLINE_CURVE ( 2, ( #6887, #194, #1788, #125, #5760, #4057, #6412, #2412, #1279 ),
 .UNSPECIFIED., .F., .T. ) 
 B_SPLINE_CURVE_WITH_KNOTS ( ( 3, 2, 2, 2, 3 ),
 ( 0.6363636363636362425, 0.6477272727272725961, 0.6590909090909089496, 0.6704545454545454142, 0.6818181818181817677 ),
 .UNSPECIFIED. ) 
 CURVE ( )  GEOMETRIC_REPRESENTATION_ITEM ( )  RATIONAL_B_SPLINE_CURVE ( ( 1.000000000000000666, 0.9238795325112859613, 1.000000000000000000, 0.9238795325112867385, 1.000000000000000000, 0.9238795325112867385, 1.000000000000000000, 0.9238795325112867385, 1.000000000000000000 ) ) 
 REPRESENTATION_ITEM ( '' )  );
#268 = CARTESIAN_POINT ( 'NONE',  ( 1.656854249492427655, -8.781249995903230854, -3.999999999999974243 ) ) ;
#269 = DIRECTION ( 'NONE',  ( 1.000000000000000000, -0.000000000000000000, -0.000000000000000000 ) ) ;
#270 = CARTESIAN_POINT ( 'NONE',  ( 46.29088462738398846, 2.000000000000001776, 1.656854249492381026 ) ) ;
#271 = CARTESIAN_POINT ( 'NONE',  ( 30.63463462328720865, -1.999999999999997780, -4.000000000000000000 ) ) ;
#272 = EDGE_CURVE ( 'NONE', #414, #5064, #904, .T. ) ;
#273 = ORIENTED_EDGE ( 'NONE', *, *, #627, .T. ) ;
#274 = CARTESIAN_POINT ( 'NONE',  ( 3.188101187499999600, 0.5000000020483871266, -1.320554750080259021 ) ) ;
#275 = DIRECTION ( 'NONE',  ( -1.000000000000000000, -0.000000000000000000, -0.000000000000000000 ) ) ;
#276 = CARTESIAN_POINT ( 'NONE',  ( 45.72838462738397425, -3.656854249492395681, -3.999999999999982681 ) ) ;
#277 = CARTESIAN_POINT ( 'NONE',  ( 3.188101187499991163, 3.312500002048386794, 1.320554750080258577 ) ) ;
#278 = ORIENTED_EDGE ( 'NONE', *, *, #441, .T. ) ;
#279 = DIRECTION ( 'NONE',  ( -1.000000000000000000, -0.000000000000000000, -0.000000000000000000 ) ) ;
#280 = CARTESIAN_POINT ( 'NONE',  ( 30.91588462533560033, -5.188101187499998268, -5.856446871944625661E-16 ) ) ;
#281 = CARTESIAN_POINT ( 'NONE',  ( 39.63463462533560744, 1.188101187500001599, 1.320554750080270123 ) ) ;
#282 = ORIENTED_EDGE ( 'NONE', *, *, #7099, .T. ) ;
#283 = CARTESIAN_POINT ( 'NONE',  ( 32.97838462533560033, 0.2543279687901370267, -2.254327968790134751 ) ) ;
#284 = CARTESIAN_POINT ( 'NONE',  ( -2.075082740799387260, -8.064716903415543925, 3.581771508692899619 ) ) ;
#285 = CARTESIAN_POINT ( 'NONE',  ( 31.85338462738399201, -5.999999999999997335, 1.656854249492381248 ) ) ;
#286 = CARTESIAN_POINT ( 'NONE',  ( -3.999999999999927169, -5.500000000000029310, 0.000000000000000000 ) ) ;
#287 = DIRECTION ( 'NONE',  ( -1.000000000000000000, -0.000000000000000000, -0.000000000000000000 ) ) ;
#288 = EDGE_CURVE ( 'NONE', #2450, #3433, #6540, .T. ) ;
#289 = CARTESIAN_POINT ( 'NONE',  ( 38.41588462533560033, -1.999999999999998224, 3.188101187500000044 ) ) ;
#290 = APPROVAL_STATUS ( 'not_yet_approved' ) ;
#291 = CARTESIAN_POINT ( 'NONE',  ( 29.32213462738398491, -1.999999999999997780, -4.000000000000000000 ) ) ;
#292 = CARTESIAN_POINT ( 'NONE',  ( 39.16588462533560033, 1.188101187500002043, 1.952148957314875467E-16 ) ) ;
#293 = CYLINDRICAL_SURFACE ( 'NONE', #1523, 4.000000000000000000 ) ;
#294 = CARTESIAN_POINT ( 'NONE',  ( 43.85338462533560744, 0.2543279687901365826, 2.254327968790134751 ) ) ;
#295 = CARTESIAN_POINT ( 'NONE',  ( 41.60338462328721221, 2.000000000000001776, 1.656854249492381026 ) ) ;
#296 = ORIENTED_EDGE ( 'NONE', *, *, #3326, .F. ) ;
#297 = ORIENTED_EDGE ( 'NONE', *, *, #670, .T. ) ;
#298 = EDGE_CURVE ( 'NONE', #4097, #3546, #473, .T. ) ;
#299 = APPLICATION_CONTEXT ( 'configuration controlled 3d designs of mechanical parts and assemblies' ) ;
#300 = CARTESIAN_POINT ( 'NONE',  ( 48.91588462533560033, -1.999999999999998224, 3.188101187500000044 ) ) ;
#301 = CARTESIAN_POINT ( 'NONE',  ( 2.828427124746179189, 5.937499999999996447, -2.828427124746171639 ) ) ;
#302 = CARTESIAN_POINT ( 'NONE',  ( -1.320554750080241480, 2.937500002048372139, 3.188101187499972955 ) ) ;
#303 = CARTESIAN_POINT ( 'NONE',  ( 1.320554750080297213, -2.499999997951621200, 3.188101187499972955 ) ) ;
#304 = DIRECTION ( 'NONE',  ( -1.000000000000000000, -0.000000000000000000, -0.000000000000000000 ) ) ;
#305 =( BOUNDED_SURFACE ( )  B_SPLINE_SURFACE ( 1, 2, ( 
 ( #6401, #1878, #2369, #5751, #645, #2932, #5844, #5197, #2997, #4632, #5227, #114, #4667, #2400, #6908, #6941, #750, #5257, #1811, #4110, #3029, #182, #6369, #3702, #6027, #823, #6517, #7199, #3138, #1486, #4845, #2021, #894, #7156, #5956, #860, #6068, #5516, #932, #1412, #7082, #4288, #2615, #254, #1373, #3210, #4325, #5993, #3807, #2096, #3173, #5439, #5917, #334, #2058, #5403, #372, #7118, #3100, #4919, #6592, #6554, #3772, #4360, #5360, #5477, #294, #2539, #2655, #2135, #411, #1450, #6628, #2577, #4882, #1524, #4808, #3736, #969, #3250, #2694, #6478, #4957, #7235, #3663, #1987, #4252, #1651, #4516, #565, #4999, #530, #4437, #1051, #451, #1011, #7392, #6103, #7356, #6714, #2289, #6752, #6670, #3848, #2252, #3417, #3886, #5114, #6794, #1090, #1695, #4553, #6834, #3967, #2856, #2213, #2173, #4396, #6225, #1567, #3293, #1130, #3925, #1607, #6148, #5675, #2735, #3335, #5039, #6187, #5555, #7274, #5597, #494, #2779, #7315, #4476, #3374, #5640, #2819, #5078, #433, #6696, #3685, #1472, #4347, #2717, #1507, #7182, #2563, #2159, #6088, #3833, #2081, #3275, #3757, #4831, #5424, #3722, #7140, #319, #2008, #3159, #2639, #6612, #4902, #881, #3794, #7104, #358, #4380, #2600, #4865, #6051, #4273, #2044, #4312, #6015, #5977, #954, #6576, #993, #918, #5539, #6541, #3195, #5462, #5942, #3233, #1436, #5498, #396, #2117, #4941, #2679, #847, #7219, #6652, #1550, #4981, #7259, #4421, #3124, #5387, #280, #6222, #7351, #4393, #4953, #7311, #2091, #408, #1085, #6666, #2775, #6099, #3289, #2168, #1047, #7231, #2130, #2246, #6789, #2210, #2690, #965, #5552, #3881, #1519, #2650, #4471, #5592, #7270, #5074, #3368, #4431, #6709, #7194, #1601, #3331, #1563, #1646, #1006, #4357, #6183, #489, #447, #5034, #5635, #6623, #6747, #3843, #3803, #3921, #3413, #1691, #2729 ),
 ( #527, #2814, #4511, #3963, #4994, #6144, #1126, #368, #4915, #6064, #3246, #5511, #5245, #5740, #6830, #35, #5706, #1765, #2325, #4004, #5149, #4621, #1230, #6897, #2889, #1798, #1731, #2356, #6357, #4586, #6867, #4067, #6259, #4033, #6293, #631, #594, #6322, #1197, #701, #3485, #135, #1163, #5184, #2921, #1289, #68, #3452, #2955, #4549, #4098, #6930, #5218, #561, #3517, #5771, #667, #103, #2391, #1833, #1258, #3547, #4655, #5801, #2987, #2420, #4689, #6961, #1865, #4128, #6389, #5672, #2851, #5110, #7388, #2284, #6577, #2564, #4866, #4832, #7105, #4201, #5978, #4794, #2009, #5943, #736, #809, #7141, #848, #4162, #2451, #205, #3614, #4758, #6463, #4240, #7032, #5388, #4274, #883, #4313, #2526, #2487, #1360, #3125, #5868, #1437, #6542, #3051, #7070, #3650, #1976, #2045, #6423, #281, #2601, #775, #5904, #3576, #1326, #3723, #3160, #5425, #320, #5831, #3017, #5311, #1934, #5278, #168, #6504, #4721, #1398, #3686, #6992, #3087, #5346, #1899, #243, #2236, #7298, #6131, #1551, #359, #4348, #1590, #919, #6613, #2680, #4381, #1473, #2196, #1632, #5024, #3357, #4459, #6736, #5624, #6052, #3758, #4422, #516, #4499, #6016, #6653, #3834, #6697, #3196, #7339, #1073, #5499, #955, #1033, #5463, #1508, #3910, #397, #3871, #7220, #6089, #3276, #2160, #3234, #4942, #2801, #5062, #3318, #3795, #2083, #994, #4983, #2640, #4903, #5581, #475, #5540, #6172, #7183, #434, #2718, #2118, #7260, #2762, #1718, #657, #21, #1115, #5210, #6888, #2314, #4613, #4646, #6210, #5761, #6819, #3399, #2946, #2413, #692, #4575, #94, #2876, #2912, #6283, #5661, #5694, #6857, #5175, #2382, #6776, #5238, #2979, #3992, #127, #583, #620, #6922, #6346, #6247, #4058, #1152, #5138, #5099, #550, #1675, #2839, #3508, #3440, #3952, #5731, #7375, #2273, #1825, #4089, #1754, #4536 ) ),
 .UNSPECIFIED., .F., .F., .F. ) 
 B_SPLINE_SURFACE_WITH_KNOTS ( ( 2, 2 ),
 ( 3, 2, 2, 2, 2, 2, 2, 2, 2, 2, 2, 2, 2, 2, 2, 2, 2, 2, 2, 2, 2, 2, 2, 2, 2, 2, 2, 2, 2, 2, 2, 2, 2, 2, 2, 2, 2, 2, 2, 2, 2, 2, 2, 2, 2, 2, 2, 2, 2, 2, 2, 2, 2, 2, 2, 2, 2, 2, 2, 2, 2, 2, 2, 2, 2, 2, 2, 2, 2, 2, 2, 2, 2, 2, 2, 2, 2, 2, 2, 2, 2, 2, 2, 2, 2, 2, 2, 2, 2, 2, 2, 2, 2, 2, 2, 2, 2, 2, 2, 2, 2, 2, 2, 2, 2, 2, 2, 2, 2, 2, 2, 2, 2, 2, 2, 2, 2, 2, 2, 2, 2, 2, 2, 2, 2, 2, 2, 2, 3 ),
 ( 0.000000000000000000, 1.000000000000000000 ),
 ( 0.000000000000000000, 0.007812500000000000000, 0.01562500000000000000, 0.02343750000000000000, 0.03125000000000000000, 0.03906250000000000000, 0.04687500000000000000, 0.05468750000000000000, 0.06250000000000000000, 0.07031250000000000000, 0.07812500000000000000, 0.08593750000000000000, 0.09375000000000000000, 0.1015625000000000000, 0.1093750000000000000, 0.1171875000000000000, 0.1250000000000000000, 0.1328125000000000000, 0.1406250000000000000, 0.1484375000000000000, 0.1562500000000000000, 0.1640625000000000000, 0.1718750000000000000, 0.1796875000000000000, 0.1875000000000000000, 0.1953125000000000000, 0.2031250000000000000, 0.2109375000000000000, 0.2187500000000000000, 0.2265625000000000000, 0.2343750000000000000, 0.2421875000000000000, 0.2500000000000000000, 0.2578125000000000000, 0.2656250000000000000, 0.2734375000000000000, 0.2812500000000000000, 0.2890625000000000000, 0.2968750000000000000, 0.3046875000000000000, 0.3125000000000000000, 0.3203125000000000000, 0.3281250000000000000, 0.3359375000000000000, 0.3437500000000000000, 0.3515625000000000000, 0.3593750000000000000, 0.3671875000000000000, 0.3750000000000000000, 0.3828125000000000000, 0.3906250000000000000, 0.3984375000000000000, 0.4062500000000000000, 0.4140625000000000000, 0.4218750000000000000, 0.4296875000000000000, 0.4375000000000000000, 0.4453125000000000000, 0.4531250000000000000, 0.4609375000000000000, 0.4687500000000000000, 0.4765625000000000000, 0.4843750000000000000, 0.4921875000000000000, 0.5000000000000000000, 0.5078125000000000000, 0.5156250000000000000, 0.5234375000000000000, 0.5312500000000000000, 0.5390625000000000000, 0.5468750000000000000, 0.5546875000000000000, 0.5625000000000000000, 0.5703125000000000000, 0.5781250000000000000, 0.5859375000000000000, 0.5937500000000000000, 0.6015625000000000000, 0.6093750000000000000, 0.6171875000000000000, 0.6250000000000000000, 0.6328125000000000000, 0.6406250000000000000, 0.6484375000000000000, 0.6562500000000000000, 0.6640625000000000000, 0.6718750000000000000, 0.6796875000000000000, 0.6875000000000000000, 0.6953125000000000000, 0.7031250000000000000, 0.7109375000000000000, 0.7187500000000000000, 0.7265625000000000000, 0.7343750000000000000, 0.7421875000000000000, 0.7500000000000000000, 0.7578125000000000000, 0.7656250000000000000, 0.7734375000000000000, 0.7812500000000000000, 0.7890625000000000000, 0.7968750000000000000, 0.8046875000000000000, 0.8125000000000000000, 0.8203125000000000000, 0.8281250000000000000, 0.8359375000000000000, 0.8437500000000000000, 0.8515625000000000000, 0.8593750000000000000, 0.8671875000000000000, 0.8750000000000000000, 0.8828125000000000000, 0.8906250000000000000, 0.8984375000000000000, 0.9062500000000000000, 0.9140625000000000000, 0.9218750000000000000, 0.9296875000000000000, 0.9375000000000000000, 0.9453125000000000000, 0.9531250000000000000, 0.9609375000000000000, 0.9687500000000000000, 0.9765625000000000000, 0.9843750000000000000, 0.9921875000000000000, 1.000000000000000000 ),
 .UNSPECIFIED. ) 
 GEOMETRIC_REPRESENTATION_ITEM ( )  RATIONAL_B_SPLINE_SURFACE ( (
 ( 1.000000000000000000, 0.9238795325112867385, 1.000000000000000000, 0.9238795325112867385, 1.000000000000000000, 0.9238795325112867385, 1.000000000000000000, 0.9238795325112867385, 1.000000000000000000, 0.9238795325112867385, 1.000000000000000000, 0.9238795325112867385, 1.000000000000000000, 0.9238795325112867385, 1.000000000000000000, 0.9238795325112867385, 1.000000000000000000, 0.9238795325112867385, 1.000000000000000000, 0.9238795325112867385, 1.000000000000000000, 0.9238795325112867385, 1.000000000000000000, 0.9238795325112867385, 1.000000000000000000, 0.9238795325112867385, 1.000000000000000000, 0.9238795325112867385, 1.000000000000000000, 0.9238795325112867385, 1.000000000000000000, 0.9238795325112867385, 1.000000000000000000, 0.9238795325112867385, 1.000000000000000000, 0.9238795325112867385, 1.000000000000000000, 0.9238795325112867385, 1.000000000000000000, 0.9238795325112867385, 1.000000000000000000, 0.9238795325112867385, 1.000000000000000000, 0.9238795325112867385, 1.000000000000000000, 0.9238795325112867385, 1.000000000000000000, 0.9238795325112867385, 1.000000000000000000, 0.9238795325112867385, 1.000000000000000000, 0.9238795325112867385, 1.000000000000000000, 0.9238795325112867385, 1.000000000000000000, 0.9238795325112867385, 1.000000000000000000, 0.9238795325112867385, 1.000000000000000000, 0.9238795325112867385, 1.000000000000000000, 0.9238795325112867385, 1.000000000000000000, 0.9238795325112867385, 1.000000000000000000, 0.9238795325112867385, 1.000000000000000000, 0.9238795325112867385, 1.000000000000000000, 0.9238795325112867385, 1.000000000000000000, 0.9238795325112867385, 1.000000000000000000, 0.9238795325112867385, 1.000000000000000000, 0.9238795325112867385, 1.000000000000000000, 0.9238795325112867385, 1.000000000000000000, 0.9238795325112867385, 1.000000000000000000, 0.9238795325112867385, 1.000000000000000000, 0.9238795325112867385, 1.000000000000000000, 0.9238795325112867385, 1.000000000000000000, 0.9238795325112867385, 1.000000000000000000, 0.9238795325112867385, 1.000000000000000000, 0.9238795325112867385, 1.000000000000000000, 0.9238795325112867385, 1.000000000000000000, 0.9238795325112867385, 1.000000000000000000, 0.9238795325112867385, 1.000000000000000000, 0.9238795325112867385, 1.000000000000000000, 0.9238795325112867385, 1.000000000000000000, 0.9238795325112867385, 1.000000000000000000, 0.9238795325112867385, 1.000000000000000000, 0.9238795325112867385, 1.000000000000000000, 0.9238795325112867385, 1.000000000000000000, 0.9238795325112867385, 1.000000000000000000, 0.9238795325112867385, 1.000000000000000000, 0.9238795325112867385, 1.000000000000000000, 0.9238795325112867385, 1.000000000000000000, 0.9238795325112867385, 1.000000000000000000, 0.9238795325112867385, 1.000000000000000000, 0.9238795325112867385, 1.000000000000000000, 0.9238795325112867385, 1.000000000000000000, 0.9238795325112867385, 1.000000000000000000, 0.9238795325112867385, 1.000000000000000000, 0.9238795325112867385, 1.000000000000000000, 0.9238795325112867385, 1.000000000000000000, 0.9238795325112867385, 1.000000000000000000, 0.9238795325112867385, 1.000000000000000000, 0.9238795325112867385, 1.000000000000000000, 0.9238795325112867385, 1.000000000000000000, 0.9238795325112867385, 1.000000000000000000, 0.9238795325112867385, 1.000000000000000000, 0.9238795325112867385, 1.000000000000000000, 0.9238795325112867385, 1.000000000000000000, 0.9238795325112867385, 1.000000000000000000, 0.9238795325112867385, 1.000000000000000000, 0.9238795325112867385, 1.000000000000000000, 0.9238795325112867385, 1.000000000000000000, 0.9238795325112867385, 1.000000000000000000, 0.9238795325112867385, 1.000000000000000000, 0.9238795325112867385, 1.000000000000000000, 0.9238795325112867385, 1.000000000000000000, 0.9238795325112867385, 1.000000000000000000, 0.9238795325112867385, 1.000000000000000000, 0.9238795325112867385, 1.000000000000000000, 0.9238795325112867385, 1.000000000000000000, 0.9238795325112867385, 1.000000000000000000, 0.9238795325112867385, 1.000000000000000000, 0.9238795325112867385, 1.000000000000000000, 0.9238795325112867385, 1.000000000000000000, 0.9238795325112867385, 1.000000000000000000, 0.9238795325112867385, 1.000000000000000000, 0.9238795325112867385, 1.000000000000000000, 0.9238795325112867385, 1.000000000000000000, 0.9238795325112867385, 1.000000000000000000, 0.9238795325112867385, 1.000000000000000000, 0.9238795325112867385, 1.000000000000000000, 0.9238795325112867385, 1.000000000000000000, 0.9238795325112867385, 1.000000000000000000, 0.9238795325112867385, 1.000000000000000000, 0.9238795325112867385, 1.000000000000000000, 0.9238795325112867385, 1.000000000000000000, 0.9238795325112867385, 1.000000000000000000, 0.9238795325112867385, 1.000000000000000000, 0.9238795325112867385, 1.000000000000000000, 0.9238795325112867385, 1.000000000000000000, 0.9238795325112867385, 1.000000000000000000, 0.9238795325112867385, 1.000000000000000000, 0.9238795325112867385, 1.000000000000000000, 0.9238795325112867385, 1.000000000000000000, 0.9238795325112867385, 1.000000000000000000, 0.9238795325112867385, 1.000000000000000000, 0.9238795325112867385, 1.000000000000000000, 0.9238795325112867385, 1.000000000000000000, 0.9238795325112867385, 1.000000000000000000, 0.9238795325112867385, 1.000000000000000000, 0.9238795325112867385, 1.000000000000000000, 0.9238795325112867385, 1.000000000000000000, 0.9238795325112867385, 1.000000000000000000, 0.9238795325112867385, 1.000000000000000000, 0.9238795325112867385, 1.000000000000000000, 0.9238795325112867385, 1.000000000000000000, 0.9238795325112867385, 1.000000000000000000, 0.9238795325112867385, 1.000000000000000000, 0.9238795325112867385, 1.000000000000000000, 0.9238795325112867385, 1.000000000000000000, 0.9238795325112867385, 1.000000000000000000),
 ( 1.000000000000000000, 0.9238795325112867385, 1.000000000000000000, 0.9238795325112867385, 1.000000000000000000, 0.9238795325112867385, 1.000000000000000000, 0.9238795325112867385, 1.000000000000000000, 0.9238795325112867385, 1.000000000000000000, 0.9238795325112867385, 1.000000000000000000, 0.9238795325112867385, 1.000000000000000000, 0.9238795325112867385, 1.000000000000000000, 0.9238795325112867385, 1.000000000000000000, 0.9238795325112867385, 1.000000000000000000, 0.9238795325112867385, 1.000000000000000000, 0.9238795325112867385, 1.000000000000000000, 0.9238795325112867385, 1.000000000000000000, 0.9238795325112867385, 1.000000000000000000, 0.9238795325112867385, 1.000000000000000000, 0.9238795325112867385, 1.000000000000000000, 0.9238795325112867385, 1.000000000000000000, 0.9238795325112867385, 1.000000000000000000, 0.9238795325112867385, 1.000000000000000000, 0.9238795325112867385, 1.000000000000000000, 0.9238795325112867385, 1.000000000000000000, 0.9238795325112867385, 1.000000000000000000, 0.9238795325112867385, 1.000000000000000000, 0.9238795325112867385, 1.000000000000000000, 0.9238795325112867385, 1.000000000000000000, 0.9238795325112867385, 1.000000000000000000, 0.9238795325112867385, 1.000000000000000000, 0.9238795325112867385, 1.000000000000000000, 0.9238795325112867385, 1.000000000000000000, 0.9238795325112867385, 1.000000000000000000, 0.9238795325112867385, 1.000000000000000000, 0.9238795325112867385, 1.000000000000000000, 0.9238795325112867385, 1.000000000000000000, 0.9238795325112867385, 1.000000000000000000, 0.9238795325112867385, 1.000000000000000000, 0.9238795325112867385, 1.000000000000000000, 0.9238795325112867385, 1.000000000000000000, 0.9238795325112867385, 1.000000000000000000, 0.9238795325112867385, 1.000000000000000000, 0.9238795325112867385, 1.000000000000000000, 0.9238795325112867385, 1.000000000000000000, 0.9238795325112867385, 1.000000000000000000, 0.9238795325112867385, 1.000000000000000000, 0.9238795325112867385, 1.000000000000000000, 0.9238795325112867385, 1.000000000000000000, 0.9238795325112867385, 1.000000000000000000, 0.9238795325112867385, 1.000000000000000000, 0.9238795325112867385, 1.000000000000000000, 0.9238795325112867385, 1.000000000000000000, 0.9238795325112867385, 1.000000000000000000, 0.9238795325112867385, 1.000000000000000000, 0.9238795325112867385, 1.000000000000000000, 0.9238795325112867385, 1.000000000000000000, 0.9238795325112867385, 1.000000000000000000, 0.9238795325112867385, 1.000000000000000000, 0.9238795325112867385, 1.000000000000000000, 0.9238795325112867385, 1.000000000000000000, 0.9238795325112867385, 1.000000000000000000, 0.9238795325112867385, 1.000000000000000000, 0.9238795325112867385, 1.000000000000000000, 0.9238795325112867385, 1.000000000000000000, 0.9238795325112867385, 1.000000000000000000, 0.9238795325112867385, 1.000000000000000000, 0.9238795325112867385, 1.000000000000000000, 0.9238795325112867385, 1.000000000000000000, 0.9238795325112867385, 1.000000000000000000, 0.9238795325112867385, 1.000000000000000000, 0.9238795325112867385, 1.000000000000000000, 0.9238795325112867385, 1.000000000000000000, 0.9238795325112867385, 1.000000000000000000, 0.9238795325112867385, 1.000000000000000000, 0.9238795325112867385, 1.000000000000000000, 0.9238795325112867385, 1.000000000000000000, 0.9238795325112867385, 1.000000000000000000, 0.9238795325112867385, 1.000000000000000000, 0.9238795325112867385, 1.000000000000000000, 0.9238795325112867385, 1.000000000000000000, 0.9238795325112867385, 1.000000000000000000, 0.9238795325112867385, 1.000000000000000000, 0.9238795325112867385, 1.000000000000000000, 0.9238795325112867385, 1.000000000000000000, 0.9238795325112867385, 1.000000000000000000, 0.9238795325112867385, 1.000000000000000000, 0.9238795325112867385, 1.000000000000000000, 0.9238795325112867385, 1.000000000000000000, 0.9238795325112867385, 1.000000000000000000, 0.9238795325112867385, 1.000000000000000000, 0.9238795325112867385, 1.000000000000000000, 0.9238795325112867385, 1.000000000000000000, 0.9238795325112867385, 1.000000000000000000, 0.9238795325112867385, 1.000000000000000000, 0.9238795325112867385, 1.000000000000000000, 0.9238795325112867385, 1.000000000000000000, 0.9238795325112867385, 1.000000000000000000, 0.9238795325112867385, 1.000000000000000000, 0.9238795325112867385, 1.000000000000000000, 0.9238795325112867385, 1.000000000000000000, 0.9238795325112867385, 1.000000000000000000, 0.9238795325112867385, 1.000000000000000000, 0.9238795325112867385, 1.000000000000000000, 0.9238795325112867385, 1.000000000000000000, 0.9238795325112867385, 1.000000000000000000, 0.9238795325112867385, 1.000000000000000000, 0.9238795325112867385, 1.000000000000000000, 0.9238795325112867385, 1.000000000000000000, 0.9238795325112867385, 1.000000000000000000, 0.9238795325112867385, 1.000000000000000000, 0.9238795325112867385, 1.000000000000000000, 0.9238795325112867385, 1.000000000000000000, 0.9238795325112867385, 1.000000000000000000, 0.9238795325112867385, 1.000000000000000000, 0.9238795325112867385, 1.000000000000000000, 0.9238795325112867385, 1.000000000000000000, 0.9238795325112867385, 1.000000000000000000, 0.9238795325112867385, 1.000000000000000000, 0.9238795325112867385, 1.000000000000000000, 0.9238795325112867385, 1.000000000000000000, 0.9238795325112867385, 1.000000000000000000, 0.9238795325112867385, 1.000000000000000000, 0.9238795325112867385, 1.000000000000000000, 0.9238795325112867385, 1.000000000000000000, 0.9238795325112867385, 1.000000000000000000, 0.9238795325112867385, 1.000000000000000000, 0.9238795325112867385, 1.000000000000000000, 0.9238795325112867385, 1.000000000000000000, 0.9238795325112867385, 1.000000000000000000, 0.9238795325112867385, 1.000000000000000000, 0.9238795325112867385, 1.000000000000000000) ) ) 
 REPRESENTATION_ITEM ( '' )  SURFACE ( )  );
#306 = CARTESIAN_POINT ( 'NONE',  ( 4.000000000000002665, -0.1562500000000018596, -1.656854249492369924 ) ) ;
#307 = EDGE_CURVE ( 'NONE', #3986, #7172, #3408, .T. ) ;
#308 = CARTESIAN_POINT ( 'NONE',  ( 1.656854249492387243, 3.031249999999990674, -3.999999999999974243 ) ) ;
#309 = CARTESIAN_POINT ( 'NONE',  ( 0.000000000000000000, 8.201801801801801517, 0.000000000000000000 ) ) ;
#310 = ORIENTED_EDGE ( 'NONE', *, *, #5235, .F. ) ;
#311 = CARTESIAN_POINT ( 'NONE',  ( 3.999999999999995559, -1.656250000000000444, -1.656854249492382136 ) ) ;
#312 = CARTESIAN_POINT ( 'NONE',  ( 1.320554750080294992, -2.312499997951620756, -3.188101187499973843 ) ) ;
#313 = CYLINDRICAL_SURFACE ( 'NONE', #5720, 4.000000000000000000 ) ;
#314 = CARTESIAN_POINT ( 'NONE',  ( 28.66588462328721221, -5.999999999999997335, 1.656854249492381248 ) ) ;
#315 = CARTESIAN_POINT ( 'NONE',  ( -1.320554750080210615, -6.062499997951629638, 3.188101187499973399 ) ) ;
#316 = EDGE_CURVE ( 'NONE', #7143, #7030, #4713, .T. ) ;
#317 = CARTESIAN_POINT ( 'NONE',  ( -3.999999999999963585, 5.187500004096752271, 0.000000000000000000 ) ) ;
#318 = CARTESIAN_POINT ( 'NONE',  ( 11.65951125065923932, -7.264987261696305154, -6.046255272362117239 ) ) ;
#319 = CARTESIAN_POINT ( 'NONE',  ( 35.04088462533560033, -1.999999999999998224, 3.188101187500000044 ) ) ;
#320 = CARTESIAN_POINT ( 'NONE',  ( 38.79088462533560033, -5.188101187499998268, -5.856446871944625661E-16 ) ) ;
#321 = ORIENTED_EDGE ( 'NONE', *, *, #263, .T. ) ;
#322 = CARTESIAN_POINT ( 'NONE',  ( 4.000000000000023981, -6.156250000000001776, -1.656854249492369924 ) ) ;
#323 = CARTESIAN_POINT ( 'NONE',  ( 33.35338462533560033, 0.2543279687901370267, 2.254327968790135195 ) ) ;
#324 = CARTESIAN_POINT ( 'NONE',  ( 32.88463462738398846, 0.8284271247461921783, 2.828427124746190291 ) ) ;
#325 = CARTESIAN_POINT ( 'NONE',  ( 1.320554750080267681, 5.562500002048380132, -3.188101187499973399 ) ) ;
#326 = CARTESIAN_POINT ( 'NONE',  ( -2.828427124746133892, -2.687500000000026645, -2.828427124746171639 ) ) ;
#327 = CARTESIAN_POINT ( 'NONE',  ( 37.57213462738398846, -1.999999999999998224, 4.000000000000000000 ) ) ;
#328 = CARTESIAN_POINT ( 'NONE',  ( 50.88463462328721221, -1.999999999999998224, 0.000000000000000000 ) ) ;
#329 = CARTESIAN_POINT ( 'NONE',  ( 35.22838462533560744, 0.2543279687901365826, 2.254327968790134751 ) ) ;
#330 = PERSON_AND_ORGANIZATION ( #6710, #6828 ) ;
#331 = CARTESIAN_POINT ( 'NONE',  ( 26.04088462738398846, -5.999999999999997335, -1.656854249492382580 ) ) ;
#332 = CARTESIAN_POINT ( 'NONE',  ( 37.19713462533560033, -3.320554750080268125, -3.188101187500001377 ) ) ;
#333 = FACE_OUTER_BOUND ( 'NONE', #4895, .T. ) ;
#334 = CARTESIAN_POINT ( 'NONE',  ( 45.07213462533560033, 1.188101187500001599, -1.320554750080269679 ) ) ;
#335 = VERTEX_POINT ( 'NONE', #395 ) ;
#336 = CARTESIAN_POINT ( 'NONE',  ( 42.44713462328721221, -4.828427124746188959, -2.828427124746190735 ) ) ;
#337 = VERTEX_POINT ( 'NONE', #2158 ) ;
#338 = ORIENTED_EDGE ( 'NONE', *, *, #6686, .T. ) ;
#339 = CARTESIAN_POINT ( 'NONE',  ( 46.94713462533561454, 1.188101187500001599, -1.320554750080269679 ) ) ;
#340 = CARTESIAN_POINT ( 'NONE',  ( -1.656854249492363262, 6.218749999999981348, -3.999999999999974243 ) ) ;
#341 = CARTESIAN_POINT ( 'NONE',  ( -1.320554750080239259, 2.375000002048371694, -3.188101187499973399 ) ) ;
#342 = CARTESIAN_POINT ( 'NONE',  ( -3.188101187499969846, 7.156250002048365033, 0.000000000000000000 ) ) ;
#343 = CARTESIAN_POINT ( 'NONE',  ( 26.79088462738398491, 2.000000000000001776, 1.656854249492380804 ) ) ;
#344 = CARTESIAN_POINT ( 'NONE',  ( 4.000000000000004441, -0.3437500000000020539, 1.656854249492369036 ) ) ;
#345 = CARTESIAN_POINT ( 'NONE',  ( 45.54088462328721221, -3.656854249492404563, -3.999999999999973355 ) ) ;
#346 =( BOUNDED_CURVE ( )  B_SPLINE_CURVE ( 2, ( #811, #5348, #3761, #3199, #5980, #6465, #245, #2644, #6506 ),
 .UNSPECIFIED., .F., .F. ) 
 B_SPLINE_CURVE_WITH_KNOTS ( ( 3, 2, 2, 2, 3 ),
 ( 0.8437500000000000000, 0.8515625000000000000, 0.8593750000000000000, 0.8671875000000000000, 0.8750000000000000000 ),
 .UNSPECIFIED. ) 
 CURVE ( )  GEOMETRIC_REPRESENTATION_ITEM ( )  RATIONAL_B_SPLINE_CURVE ( ( 1.000000000000000000, 0.9238795325112867385, 1.000000000000000000, 0.9238795325112867385, 1.000000000000000000, 0.9238795325112867385, 1.000000000000000000, 0.9238795325112867385, 1.000000000000000000 ) ) 
 REPRESENTATION_ITEM ( '' )  );
#347 = CARTESIAN_POINT ( 'NONE',  ( 13.50515520945982750, 4.346840495044354213, -4.898063060305929639 ) ) ;
#348 = ORIENTED_EDGE ( 'NONE', *, *, #2205, .F. ) ;
#349 = CARTESIAN_POINT ( 'NONE',  ( 2.254327968790174719, -8.781249997951618980, 2.254327968790115655 ) ) ;
#350 = AXIS2_PLACEMENT_3D ( 'NONE', #3000, #684, #6977 ) ;
#351 = CYLINDRICAL_SURFACE ( 'NONE', #1801, 8.000000000000008882 ) ;
#352 = CARTESIAN_POINT ( 'NONE',  ( 30.44713462328720865, -4.828427124746188959, -2.828427124746190735 ) ) ;
#353 = CARTESIAN_POINT ( 'NONE',  ( 3.188101187500010258, -2.593749997951614095, -3.904297914629718393E-16 ) ) ;
#354 = LOCAL_TIME ( 2, 47, 55.00000000000000000, #2017 ) ;
#355 = VECTOR ( 'NONE', #4734, 1000.000000000000000 ) ;
#356 = CARTESIAN_POINT ( 'NONE',  ( 1.656854249492375919, 6.218750004096771811, -3.999999999999974243 ) ) ;
#357 = CARTESIAN_POINT ( 'NONE',  ( 34.38463462328721221, -1.999999999999998224, 4.000000000000000000 ) ) ;
#358 = CARTESIAN_POINT ( 'NONE',  ( 34.19713462533559323, -3.320554750080268569, -3.188101187500000488 ) ) ;
#359 = CARTESIAN_POINT ( 'NONE',  ( 36.91588462533560033, -1.999999999999998224, 3.188101187500000044 ) ) ;
#360 = ORIENTED_EDGE ( 'NONE', *, *, #3601, .F. ) ;
#361 = CARTESIAN_POINT ( 'NONE',  ( 37.29088462533560033, -1.999999999999997780, -3.188101187500000488 ) ) ;
#362 = CARTESIAN_POINT ( 'NONE',  ( -2.828427124746119681, -6.999999995903245065, -2.828427124746171639 ) ) ;
#363 = CARTESIAN_POINT ( 'NONE',  ( 32.22838462738399556, -3.656854249492361042, -4.000000000000019540 ) ) ;
#364 = CARTESIAN_POINT ( 'NONE',  ( 3.551511792046676418E-14, -1.937499995903234629, 3.999999999999974243 ) ) ;
#365 = CARTESIAN_POINT ( 'NONE',  ( -3.999999999999889866, -0.8125000326420408481, -6.492956484424249619E-07 ) ) ;
#366 = CARTESIAN_POINT ( 'NONE',  ( 50.88463462328721221, -1.999999999999998224, 4.000000000000000000 ) ) ;
#367 = CARTESIAN_POINT ( 'NONE',  ( 40.66588462533560033, -1.999999999999997780, -3.188101187500000044 ) ) ;
#368 = CARTESIAN_POINT ( 'NONE',  ( 49.75963462533561454, -0.6794452499197283224, -3.188101187499999600 ) ) ;
#369 = CARTESIAN_POINT ( 'NONE',  ( 30.54088462738398846, -5.999999999999997335, -1.656854249492382580 ) ) ;
#370 = CARTESIAN_POINT ( 'NONE',  ( 37.47838462533560033, 0.2543279687901370267, -2.254327968790134751 ) ) ;
#371 = DIRECTION ( 'NONE',  ( 1.000000000000000000, 0.000000000000000000, 0.000000000000000000 ) ) ;
#372 = CARTESIAN_POINT ( 'NONE',  ( 44.79088462533560744, -1.999999999999997780, -3.188101187500000044 ) ) ;
#373 = CARTESIAN_POINT ( 'NONE',  ( 41.22838462328720510, -0.3431457505076173642, -4.000000000000000000 ) ) ;
#374 = ORIENTED_EDGE ( 'NONE', *, *, #7279, .T. ) ;
#375 = ORIENTED_EDGE ( 'NONE', *, *, #3084, .T. ) ;
#376 = CARTESIAN_POINT ( 'NONE',  ( 43.85338462533560744, 0.2543279687901365826, -2.254327968790134307 ) ) ;
#377 = CARTESIAN_POINT ( 'NONE',  ( 1.202439144001401675E-14, 4.624999999999985789, -3.999999999999974243 ) ) ;
#378 = CARTESIAN_POINT ( 'NONE',  ( -3.188101187499969846, 7.062500002048364145, -1.320554750080259021 ) ) ;
#379 = CARTESIAN_POINT ( 'NONE',  ( 3.188101187500024025, -6.624999997951613651, -1.320554750080259021 ) ) ;
#380 = LINE ( 'NONE', #2665, #5618 ) ;
#381 = CC_DESIGN_SECURITY_CLASSIFICATION ( #3849, ( #7168 ) ) ;
#382 = CARTESIAN_POINT ( 'NONE',  ( 50.04088462533560033, 1.188101187500001599, 1.952148957314875220E-16 ) ) ;
#383 = EDGE_CURVE ( 'NONE', #4291, #3546, #3499, .T. ) ;
#384 = LINE ( 'NONE', #4782, #6449 ) ;
#385 = CARTESIAN_POINT ( 'NONE',  ( 13.45589892544330368, 4.014525604206415466, -5.301266440152076598 ) ) ;
#386 = ORIENTED_EDGE ( 'NONE', *, *, #723, .F. ) ;
#387 = CARTESIAN_POINT ( 'NONE',  ( -2.254327968790065917, -6.531249997951633190, -2.254327968790116099 ) ) ;
#388 = AXIS2_PLACEMENT_3D ( 'NONE', #1072, #3951, #6856 ) ;
#389 = CARTESIAN_POINT ( 'NONE',  ( 2.828427124746180521, 5.750000004096775363, 2.828427124746171195 ) ) ;
#390 = DIRECTION ( 'NONE',  ( 0.000000000000000000, 0.000000000000000000, 1.000000000000000000 ) ) ;
#391 = CARTESIAN_POINT ( 'NONE',  ( 30.16588462328721221, -5.999999999999997335, 1.656854249492381248 ) ) ;
#392 = CARTESIAN_POINT ( 'NONE',  ( -2.254327968790071690, -4.656249997951633190, 2.254327968790116543 ) ) ;
#393 = ADVANCED_BREP_SHAPE_REPRESENTATION ( '', ( #6413, #4195 ), #4314 ) ;
#394 = CARTESIAN_POINT ( 'NONE',  ( -3.999999999999963585, 5.093750004096750494, -1.656854249492369702 ) ) ;
#395 = CARTESIAN_POINT ( 'NONE',  ( 4.000000000000028422, -7.750000000000003553, -4.898587196589381274E-16 ) ) ;
#396 = CARTESIAN_POINT ( 'NONE',  ( 32.13463462533560033, -3.320554750080270345, 3.188101187499999156 ) ) ;
#397 = CARTESIAN_POINT ( 'NONE',  ( 33.82213462533560033, -0.6794452499197284334, 3.188101187499999600 ) ) ;
#398 = CARTESIAN_POINT ( 'NONE',  ( 30.91588462533560033, -1.999999999999998224, 3.188101187500000044 ) ) ;
#399 = CARTESIAN_POINT ( 'NONE',  ( 5.318737942664321874E-14, -7.375000000000016875, -3.999999999999974243 ) ) ;
#400 = CARTESIAN_POINT ( 'NONE',  ( 28.29088462533560033, -1.999999999999997780, -3.188101187500000488 ) ) ;
#401 = CARTESIAN_POINT ( 'NONE',  ( 30.25963462738398491, -4.828427124746188959, 2.828427124746189403 ) ) ;
#402 = CARTESIAN_POINT ( 'NONE',  ( 2.218095494573213307E-14, 1.906250002048376135, 3.188101187499973399 ) ) ;
#403 = CARTESIAN_POINT ( 'NONE',  ( 4.000000000000007105, -1.468749995903221972, -1.656854249492369924 ) ) ;
#404 = DIRECTION ( 'NONE',  ( -3.430248998885766570E-15, 1.000000000000000000, -0.000000000000000000 ) ) ;
#405 = EDGE_CURVE ( 'NONE', #1013, #3479, #1787, .T. ) ;
#406 = AXIS2_PLACEMENT_3D ( 'NONE', #6014, #6050, #2677 ) ;
#407 = CARTESIAN_POINT ( 'NONE',  ( 39.82213462533560033, -0.6794452499197284334, 3.188101187499999600 ) ) ;
#408 = CARTESIAN_POINT ( 'NONE',  ( 30.25963462533560033, 1.188101187500001599, 1.320554750080270123 ) ) ;
#409 = CARTESIAN_POINT ( 'NONE',  ( 46.00963462533560033, -5.188101187499998268, -1.320554750080271900 ) ) ;
#410 = CARTESIAN_POINT ( 'NONE',  ( 35.41588462533560033, -5.188101187499998268, -5.856446871944625661E-16 ) ) ;
#411 = CARTESIAN_POINT ( 'NONE',  ( 43.47838462533560744, 0.2543279687901365826, -2.254327968790134307 ) ) ;
#412 = CARTESIAN_POINT ( 'NONE',  ( 38.50963462328720510, 2.000000000000001776, 2.449293598294706414E-16 ) ) ;
#413 = ORIENTED_EDGE ( 'NONE', *, *, #6808, .F. ) ;
#414 = VERTEX_POINT ( 'NONE', #6855 ) ;
#415 = CARTESIAN_POINT ( 'NONE',  ( -3.999999999999953371, 0.4062499999999713562, -1.656854249492363262 ) ) ;
#416 = APPLICATION_PROTOCOL_DEFINITION ( 'international standard', 'config_control_design', 1994, #299 ) ;
#417 = CARTESIAN_POINT ( 'NONE',  ( 38.97838462533560033, -4.254327968790132530, -2.254327968790135195 ) ) ;
#418 = CARTESIAN_POINT ( 'NONE',  ( -3.999999999999937828, -2.406249995903248617, -1.656854249492369702 ) ) ;
#419 = CARTESIAN_POINT ( 'NONE',  ( 45.35338462738398135, -5.999999999999997335, 1.656854249492381248 ) ) ;
#420 = CARTESIAN_POINT ( 'NONE',  ( 1.656854249492371700, 7.531249999999990230, -3.999999999999974243 ) ) ;
#421 = CARTESIAN_POINT ( 'NONE',  ( 3.188101187499990719, 3.312500002048386794, 1.320554750080258577 ) ) ;
#422 = CARTESIAN_POINT ( 'NONE',  ( 4.969964960361376448E-14, -6.343749997951625197, -3.188101187499973399 ) ) ;
#423 = LINE ( 'NONE', #5412, #1435 ) ;
#424 = CARTESIAN_POINT ( 'NONE',  ( 2.254327968790132086, 3.593750002048383685, 2.254327968790115655 ) ) ;
#425 = CYLINDRICAL_SURFACE ( 'NONE', #2063, 3.999999999999974243 ) ;
#426 = EDGE_LOOP ( 'NONE', ( #5944, #5825, #7085, #2631, #4231 ) ) ;
#427 = CARTESIAN_POINT ( 'NONE',  ( 1.594002944889498785, -8.843027810501929764, 2.761004127744565384 ) ) ;
#428 = CARTESIAN_POINT ( 'NONE',  ( 41.32213462738398846, -1.999999999999997780, -4.000000000000000000 ) ) ;
#429 = CARTESIAN_POINT ( 'NONE',  ( 33.25963462328721221, -5.999999999999998224, -7.347880794884119736E-16 ) ) ;
#430 = CARTESIAN_POINT ( 'NONE',  ( -1.320554750080223494, -2.124999997951629194, -3.188101187499973843 ) ) ;
#431 = CARTESIAN_POINT ( 'NONE',  ( -2.828427124746118793, -7.187500000000027534, -2.828427124746171639 ) ) ;
#432 = CARTESIAN_POINT ( 'NONE',  ( 11.95497431945052469, -5.521234069526637533, -7.202053539066370469 ) ) ;
#433 = CARTESIAN_POINT ( 'NONE',  ( 36.82213462533561454, -5.188101187499998268, 1.320554750080270345 ) ) ;
#434 = CARTESIAN_POINT ( 'NONE',  ( 31.75963462533559678, -0.6794452499197283224, -3.188101187499999600 ) ) ;
#435 = CARTESIAN_POINT ( 'NONE',  ( 30.72838462533560033, 0.2543279687901365826, 2.254327968790134751 ) ) ;
#436 = ORIENTED_EDGE ( 'NONE', *, *, #6441, .T. ) ;
#437 = CARTESIAN_POINT ( 'NONE',  ( 4.000000000000028422, -7.750000000000003553, -4.898587196589381274E-16 ) ) ;
#438 = CARTESIAN_POINT ( 'NONE',  ( 30.07213462533560033, 1.188101187500002043, -1.320554750080270123 ) ) ;
#439 = CARTESIAN_POINT ( 'NONE',  ( 34.57213462738398135, -1.999999999999998224, 4.000000000000000000 ) ) ;
#440 = CARTESIAN_POINT ( 'NONE',  ( 3.188101187499988054, 3.875000002048387682, -1.320554750080259243 ) ) ;
#441 = EDGE_CURVE ( 'NONE', #4266, #4577, #1628, .T. ) ;
#442 = CARTESIAN_POINT ( 'NONE',  ( 2.828427124746204502, -1.374999995903226191, -2.828427124746171639 ) ) ;
#443 = ORIENTED_EDGE ( 'NONE', *, *, #1863, .F. ) ;
#444 = CARTESIAN_POINT ( 'NONE',  ( 40.19713462738398846, 2.000000000000001776, 2.449293598294706414E-16 ) ) ;
#445 = CYLINDRICAL_SURFACE ( 'NONE', #6467, 3.999999999999974243 ) ;
#446 = CARTESIAN_POINT ( 'NONE',  ( 31.66588462533560033, -1.999999999999997780, -3.188101187500000044 ) ) ;
#447 = CARTESIAN_POINT ( 'NONE',  ( 26.97838462533560033, 0.2543279687901365826, -2.254327968790134307 ) ) ;
#448 = CARTESIAN_POINT ( 'NONE',  ( 45.07213462533560033, 1.188101187500002043, -1.320554750080270123 ) ) ;
#449 = CARTESIAN_POINT ( 'NONE',  ( 33.82213462533560033, -5.188101187499998268, 1.320554750080270789 ) ) ;
#450 = CARTESIAN_POINT ( 'NONE',  ( 1.656854249492423437, -7.468750000000011546, -3.999999999999974243 ) ) ;
#451 = CARTESIAN_POINT ( 'NONE',  ( 41.22838462533560033, -4.254327968790133419, 2.254327968790133863 ) ) ;
#452 = CARTESIAN_POINT ( 'NONE',  ( 35.79088462328720510, -0.3431457505076178638, 4.000000000000000000 ) ) ;
#453 = VERTEX_POINT ( 'NONE', #5612 ) ;
#454 = LINE ( 'NONE', #6800, #6591 ) ;
#455 = APPLICATION_PROTOCOL_DEFINITION ( 'international standard', 'config_control_design', 1994, #3475 ) ;
#456 = CARTESIAN_POINT ( 'NONE',  ( 43.00963462533560033, -3.320554750080270345, 3.188101187499999156 ) ) ;
#457 = DIRECTION ( 'NONE',  ( -1.000000000000000000, -3.469446951953636671E-15, 0.000000000000000000 ) ) ;
#458 = CARTESIAN_POINT ( 'NONE',  ( 39.91588462738398846, -0.3431457505076173642, -4.000000000000000000 ) ) ;
#459 = CARTESIAN_POINT ( 'NONE',  ( 49.10338462533560033, -4.254327968790133419, -2.254327968790135639 ) ) ;
#460 = CARTESIAN_POINT ( 'NONE',  ( 3.188101187499994715, 2.000000002048386794, -1.320554750080259243 ) ) ;
#461 = CARTESIAN_POINT ( 'NONE',  ( -3.188101187499924993, -5.874999997951634967, 1.320554750080261019 ) ) ;
#462 = CARTESIAN_POINT ( 'NONE',  ( 30.44713462328720865, -4.828427124746188959, -2.828427124746190735 ) ) ;
#463 = ADVANCED_FACE ( 'NONE', ( #541 ), #3347, .F. ) ;
#464 = CARTESIAN_POINT ( 'NONE',  ( 1.320554750080266349, 6.500000002048381020, 3.188101187499972955 ) ) ;
#465 = CARTESIAN_POINT ( 'NONE',  ( 26.88463462533560033, -5.188101187499997380, -1.320554750080271678 ) ) ;
#466 = CARTESIAN_POINT ( 'NONE',  ( 42.82213462738398846, -1.999999999999997780, -4.000000000000000000 ) ) ;
#467 = CARTESIAN_POINT ( 'NONE',  ( 0.000000000000000000, 0.000000000000000000, 0.000000000000000000 ) ) ;
#468 = DIRECTION ( 'NONE',  ( -1.000000000000000000, -0.000000000000000000, -0.000000000000000000 ) ) ;
#469 = CARTESIAN_POINT ( 'NONE',  ( 1.320554750080299877, -3.812499997951619868, -3.188101187499973843 ) ) ;
#470 = LINE ( 'NONE', #2757, #7017 ) ;
#471 = CARTESIAN_POINT ( 'NONE',  ( -3.188101187499928990, -4.843749997951636743, 0.000000000000000000 ) ) ;
#472 = CARTESIAN_POINT ( 'NONE',  ( 3.999999999999987121, 4.531250004096779804, -1.656854249492369924 ) ) ;
#473 = LINE ( 'NONE', #3756, #6849 ) ;
#474 = CARTESIAN_POINT ( 'NONE',  ( 42.72838462328721221, -0.3431457505076083714, -3.999999999999990674 ) ) ;
#475 = CARTESIAN_POINT ( 'NONE',  ( 32.13463462533560033, 1.188101187500001599, 1.320554750080270123 ) ) ;
#476 = CARTESIAN_POINT ( 'NONE',  ( 31.00963462533560033, -3.320554750080270345, 3.188101187499999156 ) ) ;
#477 = CARTESIAN_POINT ( 'NONE',  ( 28.10338462328720865, 2.000000000000001776, 1.656854249492381026 ) ) ;
#478 = CARTESIAN_POINT ( 'NONE',  ( -1.656854249492355713, 3.968750004096759376, 3.999999999999972911 ) ) ;
#479 = ORIENTED_EDGE ( 'NONE', *, *, #723, .T. ) ;
#480 = CARTESIAN_POINT ( 'NONE',  ( 4.000000000000009770, -1.843750000000001554, 1.656854249492369036 ) ) ;
#481 = CARTESIAN_POINT ( 'NONE',  ( 26.69713462533560033, -3.320554750080268569, -3.188101187500000933 ) ) ;
#482 = CARTESIAN_POINT ( 'NONE',  ( 33.44713462738398135, -5.999999999999998224, -7.347880794884119736E-16 ) ) ;
#483 = CARTESIAN_POINT ( 'NONE',  ( -1.320554750080237483, 1.812500002048371694, 3.188101187499972955 ) ) ;
#484 = CARTESIAN_POINT ( 'NONE',  ( -1.656854249492327291, -4.093749995903242400, -3.999999999999974243 ) ) ;
#485 = ORIENTED_EDGE ( 'NONE', *, *, #7099, .F. ) ;
#486 = CARTESIAN_POINT ( 'NONE',  ( -3.999999999999963585, 5.093750004096750494, -1.656854249492369702 ) ) ;
#487 = CARTESIAN_POINT ( 'NONE',  ( -1.656854249492364151, 6.406250004096760264, -3.999999999999974243 ) ) ;
#488 = CARTESIAN_POINT ( 'NONE',  ( 30.72838462533560033, 0.2543279687901365826, 2.254327968790134751 ) ) ;
#489 = CARTESIAN_POINT ( 'NONE',  ( 27.07213462533560033, 1.188101187500001599, -1.320554750080269679 ) ) ;
#490 = EDGE_CURVE ( 'NONE', #3253, #2914, #4582, .T. ) ;
#491 = CARTESIAN_POINT ( 'NONE',  ( 44.22838462533560744, -4.254327968790133419, 2.254327968790134307 ) ) ;
#492 = CARTESIAN_POINT ( 'NONE',  ( 32.32213462533560744, -5.188101187499998268, 1.320554750080270789 ) ) ;
#493 = CARTESIAN_POINT ( 'NONE',  ( 39.44713462738398846, -5.999999999999998224, -7.347880794884119736E-16 ) ) ;
#494 = CARTESIAN_POINT ( 'NONE',  ( 37.57213462533560033, 1.188101187500001599, -1.320554750080269679 ) ) ;
#495 = CARTESIAN_POINT ( 'NONE',  ( 34.66588462328720510, -5.999999999999997335, 1.656854249492381248 ) ) ;
#496 = ORIENTED_EDGE ( 'NONE', *, *, #1655, .T. ) ;
#497 = LINE ( 'NONE', #1425, #882 ) ;
#498 = DATE_TIME_ROLE ( 'creation_date' ) ;
#499 = CARTESIAN_POINT ( 'NONE',  ( 37.57213462533560033, -3.320554750080268125, -3.188101187500000933 ) ) ;
#500 = CARTESIAN_POINT ( 'NONE',  ( 38.32213462738398846, -1.999999999999997780, -4.000000000000000000 ) ) ;
#501 = FACE_OUTER_BOUND ( 'NONE', #203, .T. ) ;
#502 = CARTESIAN_POINT ( 'NONE',  ( 2.254327968790149406, -1.281249997951616315, 2.254327968790115655 ) ) ;
#503 = CYLINDRICAL_SURFACE ( 'NONE', #3094, 4.000000000000000000 ) ;
#504 = CARTESIAN_POINT ( 'NONE',  ( 29.97838462328720510, -3.656854249492381914, 3.999999999999999112 ) ) ;
#505 = CARTESIAN_POINT ( 'NONE',  ( 6.744834450746182324E-15, 6.406250002048376579, 3.188101187499973399 ) ) ;
#506 = CARTESIAN_POINT ( 'NONE',  ( 50.32213462533560744, -0.6794452499197284334, 3.188101187499999600 ) ) ;
#507 = EDGE_CURVE ( 'NONE', #5344, #7159, #1378, .T. ) ;
#508 = CARTESIAN_POINT ( 'NONE',  ( 12.69557416732130584, -0.9571821229940552511, 7.948645915787706961 ) ) ;
#509 = CARTESIAN_POINT ( 'NONE',  ( 5.557621441077632105E-14, -8.000000000000023093, 0.000000000000000000 ) ) ;
#510 = CARTESIAN_POINT ( 'NONE',  ( -2.254327968790060588, -8.031249997951634967, -2.254327968790116099 ) ) ;
#511 = CARTESIAN_POINT ( 'NONE',  ( -1.656854249492321962, -5.781250000000020428, -3.999999999999974243 ) ) ;
#512 = CARTESIAN_POINT ( 'NONE',  ( 27.54088462328720865, -3.656854249492378806, -4.000000000000000888 ) ) ;
#513 = CARTESIAN_POINT ( 'NONE',  ( 3.710808723031321364E-14, -2.687499995903235295, -3.999999999999974243 ) ) ;
#514 = ADVANCED_FACE ( 'NONE', ( #4892 ), #671, .T. ) ;
#515 = DIRECTION ( 'NONE',  ( -3.430248998885766570E-15, 1.000000000000000000, -0.000000000000000000 ) ) ;
#516 = CARTESIAN_POINT ( 'NONE',  ( 35.22838462533560744, 0.2543279687901365826, 2.254327968790134751 ) ) ;
#517 = CARTESIAN_POINT ( 'NONE',  ( 0.000000000000000000, 0.000000000000000000, 0.000000000000000000 ) ) ;
#518 = ORIENTED_EDGE ( 'NONE', *, *, #3429, .F. ) ;
#519 = CARTESIAN_POINT ( 'NONE',  ( -2.828427124746133892, -2.687500000000026645, -2.828427124746171639 ) ) ;
#520 = CARTESIAN_POINT ( 'NONE',  ( 27.44713462533560033, -0.6794452499197284334, 3.188101187500000044 ) ) ;
#521 = CARTESIAN_POINT ( 'NONE',  ( 34.94713462738398135, -5.999999999999998224, -7.347880794884119736E-16 ) ) ;
#522 = CARTESIAN_POINT ( 'NONE',  ( -2.254327968790093006, 1.343750002048367920, -2.254327968790116099 ) ) ;
#523 = CARTESIAN_POINT ( 'NONE',  ( -1.320554750080204620, -7.749999997951632302, -3.188101187499973843 ) ) ;
#524 = CARTESIAN_POINT ( 'NONE',  ( -3.999999999999922728, -6.812499995903249506, 0.000000000000000000 ) ) ;
#525 = CARTESIAN_POINT ( 'NONE',  ( 4.000000000000003553, -9.165151389911676105, 4.898587196589347748E-16 ) ) ;
#526 = CARTESIAN_POINT ( 'NONE',  ( 30.82213462533560033, -0.6794452499197284334, 3.188101187499999600 ) ) ;
#527 = CARTESIAN_POINT ( 'NONE',  ( 50.41588462533560033, -1.999999999999998224, 3.188101187500000044 ) ) ;
#528 = CARTESIAN_POINT ( 'NONE',  ( 47.32213462533560744, -5.188101187499998268, 1.320554750080270567 ) ) ;
#529 = CARTESIAN_POINT ( 'NONE',  ( 33.54088462533559323, -1.999999999999998224, 3.188101187500000488 ) ) ;
#530 = CARTESIAN_POINT ( 'NONE',  ( 41.50963462533560744, -5.188101187499997380, -1.320554750080271678 ) ) ;
#531 = EDGE_LOOP ( 'NONE', ( #6348, #2006, #4002, #585 ) ) ;
#532 = CARTESIAN_POINT ( 'NONE',  ( 27.44713462738398491, -5.999999999999998224, -7.347880794884119736E-16 ) ) ;
#533 =( NAMED_UNIT ( * ) PLANE_ANGLE_UNIT ( ) SI_UNIT ( $, .RADIAN. ) );
#534 = CARTESIAN_POINT ( 'NONE',  ( 41.50963462533560744, -3.320554750080270345, 3.188101187499999156 ) ) ;
#535 = CARTESIAN_POINT ( 'NONE',  ( 38.13463462738398846, -4.828427124746188959, -2.828427124746190735 ) ) ;
#536 = CARTESIAN_POINT ( 'NONE',  ( 3.188101187500000044, 0.5000000020483871266, -1.320554750080259243 ) ) ;
#537 = CARTESIAN_POINT ( 'NONE',  ( 3.999999999999998224, 1.249999999999999334, -4.898587196589381274E-16 ) ) ;
#538 = CYLINDRICAL_SURFACE ( 'NONE', #4547, 4.000000000000000000 ) ;
#539 = CARTESIAN_POINT ( 'NONE',  ( 3.188101187499988498, 3.781250002048387238, -3.904297914629718393E-16 ) ) ;
#540 = ADVANCED_FACE ( 'NONE', ( #606 ), #2743, .T. ) ;
#541 = FACE_OUTER_BOUND ( 'NONE', #1075, .T. ) ;
#542 = DIRECTION ( 'NONE',  ( -1.000000000000000000, -0.000000000000000000, -0.000000000000000000 ) ) ;
#543 = FACE_OUTER_BOUND ( 'NONE', #149, .T. ) ;
#544 = CARTESIAN_POINT ( 'NONE',  ( 1.703558144740348440E-14, 3.406250002048375691, 3.188101187499973399 ) ) ;
#545 = CARTESIAN_POINT ( 'NONE',  ( 5.799182036218510175E-14, -10.00000000000001599, 0.000000000000000000 ) ) ;
#546 = EDGE_CURVE ( 'NONE', #6593, #3484, #1193, .T. ) ;
#547 = CARTESIAN_POINT ( 'NONE',  ( -3.188101187499918332, -7.843749997951638520, 0.000000000000000000 ) ) ;
#548 = CARTESIAN_POINT ( 'NONE',  ( -2.828427124746145438, 0.5000000040967554904, -2.828427124746171639 ) ) ;
#549 = CARTESIAN_POINT ( 'NONE',  ( 44.97838462738400267, -0.3431457505076450087, 4.000000000000027534 ) ) ;
#550 = CARTESIAN_POINT ( 'NONE',  ( 27.54088462533560033, 1.188101187500001599, 1.952148957314875220E-16 ) ) ;
#551 = CARTESIAN_POINT ( 'NONE',  ( -3.999999999999948042, 0.7812500040967513826, 1.656854249492372366 ) ) ;
#552 = VERTEX_POINT ( 'NONE', #5645 ) ;
#553 = CARTESIAN_POINT ( 'NONE',  ( 3.775125893165726642E-14, -2.875000000000014655, -3.999999999999974243 ) ) ;
#554 = CARTESIAN_POINT ( 'NONE',  ( 27.82213462533560389, -5.188101187499998268, 1.320554750080270567 ) ) ;
#555 = CARTESIAN_POINT ( 'NONE',  ( 4.000000000000027534, -7.562499995903221972, -4.898587196589381274E-16 ) ) ;
#556 = CARTESIAN_POINT ( 'NONE',  ( -2.254327968790087677, -0.1562499979516325799, -2.254327968790116099 ) ) ;
#557 = CARTESIAN_POINT ( 'NONE',  ( 3.188101187500008926, -2.124999997951613206, -1.320554750080259021 ) ) ;
#558 = CARTESIAN_POINT ( 'NONE',  ( -1.656854249492322628, -5.593749995903241512, -3.999999999999974243 ) ) ;
#559 = CARTESIAN_POINT ( 'NONE',  ( 3.999999999999987121, 4.531250004096779804, -1.656854249492370146 ) ) ;
#560 = CARTESIAN_POINT ( 'NONE',  ( 29.69713462533560744, -5.188101187499998268, 1.320554750080270345 ) ) ;
#561 = CARTESIAN_POINT ( 'NONE',  ( 45.44713462533560033, 1.188101187500001599, -1.320554750080269679 ) ) ;
#562 = DESIGN_CONTEXT ( 'detailed design', #3475, 'design' ) ;
#563 = CARTESIAN_POINT ( 'NONE',  ( 43.57213462533560033, 1.188101187500002043, -1.320554750080270123 ) ) ;
#564 = DIRECTION ( 'NONE',  ( -1.000000000000000000, -3.469446951953613400E-15, 0.000000000000000000 ) ) ;
#565 = CARTESIAN_POINT ( 'NONE',  ( 41.69713462533560033, -3.320554750080268569, -3.188101187500000488 ) ) ;
#566 = EDGE_LOOP ( 'NONE', ( #1827, #5519, #897, #6596 ) ) ;
#567 = DIRECTION ( 'NONE',  ( -3.430248998885765781E-15, 1.000000000000000000, -0.000000000000000000 ) ) ;
#568 = CARTESIAN_POINT ( 'NONE',  ( 42.07213462533560033, -3.320554750080268125, -3.188101187500000933 ) ) ;
#569 = CARTESIAN_POINT ( 'NONE',  ( 39.54088462738400267, -5.999999999999997335, -1.656854249492382580 ) ) ;
#570 = CARTESIAN_POINT ( 'NONE',  ( -3.188101187499971179, 7.531250002048365921, 0.000000000000000000 ) ) ;
#571 = CARTESIAN_POINT ( 'NONE',  ( -3.188101187499949418, 1.156250002048364145, 0.000000000000000000 ) ) ;
#572 = CARTESIAN_POINT ( 'NONE',  ( 49.00963462738398846, 0.8284271247461921783, -2.828427124746189847 ) ) ;
#573 = CARTESIAN_POINT ( 'NONE',  ( 3.999999999999990674, 5.656250000000000000, 1.656854249492362596 ) ) ;
#574 = CARTESIAN_POINT ( 'NONE',  ( -3.188101187499950306, 1.625000002048364367, 1.320554750080261019 ) ) ;
#575 = CARTESIAN_POINT ( 'NONE',  ( 27.82213462533560389, -0.6794452499197284334, 3.188101187499999600 ) ) ;
#576 = CARTESIAN_POINT ( 'NONE',  ( 43.85338462533560744, 0.2543279687901365826, -2.254327968790134307 ) ) ;
#577 = CARTESIAN_POINT ( 'NONE',  ( 36.35338462738398846, -5.999999999999997335, 1.656854249492381248 ) ) ;
#578 = CARTESIAN_POINT ( 'NONE',  ( -1.320554750080242590, 3.312500002048372583, 3.188101187499973399 ) ) ;
#579 = CARTESIAN_POINT ( 'NONE',  ( 50.88463462328721221, -1.999999999999998224, 0.000000000000000000 ) ) ;
#580 = CARTESIAN_POINT ( 'NONE',  ( 3.188101187500025802, -6.999999997951614539, -1.320554750080259021 ) ) ;
#581 = CARTESIAN_POINT ( 'NONE',  ( 2.828427124746211607, -3.249999995903225969, 2.828427124746171195 ) ) ;
#582 = CARTESIAN_POINT ( 'NONE',  ( 45.07213462738398846, -1.999999999999998224, 4.000000000000000000 ) ) ;
#583 = CARTESIAN_POINT ( 'NONE',  ( 28.38463462533560033, -5.188101187499997380, -1.320554750080271678 ) ) ;
#584 = PLANE ( 'NONE',  #2499 ) ;
#585 = ORIENTED_EDGE ( 'NONE', *, *, #1176, .F. ) ;
#586 = CARTESIAN_POINT ( 'NONE',  ( 4.000000000000020428, -4.843750000000002665, 1.656854249492369036 ) ) ;
#587 = CARTESIAN_POINT ( 'NONE',  ( 2.254327968790131642, 3.593750002048383685, -2.254327968790116099 ) ) ;
#588 = CARTESIAN_POINT ( 'NONE',  ( 29.13463462328720865, -1.999999999999997780, -4.000000000000000000 ) ) ;
#589 = CARTESIAN_POINT ( 'NONE',  ( -2.254327968790067693, -5.781249997951632302, 2.254327968790116543 ) ) ;
#590 = CARTESIAN_POINT ( 'NONE',  ( 3.188101187500014255, -3.624999997951614095, -1.320554750080259021 ) ) ;
#591 = CARTESIAN_POINT ( 'NONE',  ( 4.000000000000022204, -6.062499995903222860, -4.898587196589381274E-16 ) ) ;
#592 = VERTEX_POINT ( 'NONE', #5606 ) ;
#593 = CARTESIAN_POINT ( 'NONE',  ( 32.88463462533560033, -5.188101187499997380, -1.320554750080271678 ) ) ;
#594 = CARTESIAN_POINT ( 'NONE',  ( 47.04088462533560033, 1.188101187500001599, 1.952148957314875220E-16 ) ) ;
#595 = ADVANCED_FACE ( 'NONE', ( #501 ), #3342, .T. ) ;
#596 = CARTESIAN_POINT ( 'NONE',  ( 42.16588462533560033, 1.188101187500002043, 1.952148957314875467E-16 ) ) ;
#597 =( BOUNDED_CURVE ( )  B_SPLINE_CURVE ( 2, ( #171, #4692, #3019, #2958, #6324, #2453, #6963, #6994, #1867 ),
 .UNSPECIFIED., .F., .T. ) 
 B_SPLINE_CURVE_WITH_KNOTS ( ( 3, 2, 2, 2, 3 ),
 ( 0.1406218746756754678, 0.1523403365401854448, 0.1640588239663535453, 0.1757773113925216735, 0.1874958153693992713 ),
 .UNSPECIFIED. ) 
 CURVE ( )  GEOMETRIC_REPRESENTATION_ITEM ( )  RATIONAL_B_SPLINE_CURVE ( ( 1.000000000000000000, 0.9238795325112867385, 1.000000000000000000, 0.9238795325112867385, 1.000000000000000000, 0.9238795325112867385, 1.000000000000000000, 0.9238795325112867385, 1.000000000000000000 ) ) 
 REPRESENTATION_ITEM ( '' )  );
#598 = CARTESIAN_POINT ( 'NONE',  ( 3.999999999999974243, 8.201801801801815728, 4.898587196589381274E-16 ) ) ;
#599 = AXIS2_PLACEMENT_3D ( 'NONE', #658, #5025, #3993 ) ;
#600 = VERTEX_POINT ( 'NONE', #2898 ) ;
#601 = CARTESIAN_POINT ( 'NONE',  ( 50.88463462328721221, -1.999999999999998224, 0.000000000000000000 ) ) ;
#602 = CARTESIAN_POINT ( 'NONE',  ( 39.91588462328720510, 2.000000000000001776, -1.656854249492380138 ) ) ;
#603 = DATE_AND_TIME ( #142, #4789 ) ;
#604 = CARTESIAN_POINT ( 'NONE',  ( 33.16588462533560033, -1.999999999999997780, -3.188101187500000044 ) ) ;
#605 = CARTESIAN_POINT ( 'NONE',  ( 31.00963462738398491, 0.8284271247461921783, -2.828427124746189847 ) ) ;
#606 = FACE_OUTER_BOUND ( 'NONE', #3375, .T. ) ;
#607 = CARTESIAN_POINT ( 'NONE',  ( 2.254327968790152070, -2.406249997951617203, -2.254327968790116099 ) ) ;
#608 = DIRECTION ( 'NONE',  ( -1.000000000000000000, -3.469446951953636671E-15, 0.000000000000000000 ) ) ;
#609 = CARTESIAN_POINT ( 'NONE',  ( 46.85338462738398846, -5.999999999999997335, 1.656854249492381248 ) ) ;
#610 = CARTESIAN_POINT ( 'NONE',  ( -2.254327968790087677, -0.1562499979516325799, -2.254327968790116099 ) ) ;
#611 = CARTESIAN_POINT ( 'NONE',  ( 42.54088462533560033, 1.188101187500001599, 1.952148957314875220E-16 ) ) ;
#612 = CARTESIAN_POINT ( 'NONE',  ( 50.32213462533560744, -0.6794452499197284334, 3.188101187500000044 ) ) ;
#613 = CARTESIAN_POINT ( 'NONE',  ( 36.82213462738398135, -1.999999999999997780, -4.000000000000000000 ) ) ;
#614 = CARTESIAN_POINT ( 'NONE',  ( -2.254327968790093450, 1.718750002048368142, 2.254327968790116543 ) ) ;
#615 = SHAPE_REPRESENTATION_RELATIONSHIP ( 'NONE' , 'NONE' ,  #4877, #393 ) ;
#616 = CARTESIAN_POINT ( 'NONE',  ( 5.613136647652459110E-14, -8.218749997951626085, -3.188101187499973399 ) ) ;
#617 = ADVANCED_FACE ( 'NONE', ( #3933 ), #5046, .F. ) ;
#618 = CARTESIAN_POINT ( 'NONE',  ( 1.656854249492395903, 1.156250004096771811, 3.999999999999972911 ) ) ;
#619 = CARTESIAN_POINT ( 'NONE',  ( 0.000000000000000000, 0.000000000000000000, 0.000000000000000000 ) ) ;
#620 = CARTESIAN_POINT ( 'NONE',  ( 28.29088462533560033, -5.188101187499998268, -5.856446871944625661E-16 ) ) ;
#621 = CARTESIAN_POINT ( 'NONE',  ( 38.22838462328721221, -0.3431457505076354608, -4.000000000000018652 ) ) ;
#622 = VERTEX_POINT ( 'NONE', #3893 ) ;
#623 = CARTESIAN_POINT ( 'NONE',  ( 3.188101187499989830, 3.406250002048387238, -3.904297914629718393E-16 ) ) ;
#624 = CARTESIAN_POINT ( 'NONE',  ( -3.188101187499924993, -5.874999997951634967, 1.320554750080261019 ) ) ;
#625 = CARTESIAN_POINT ( 'NONE',  ( 2.254327968790160952, -5.031249997951618091, -2.254327968790116099 ) ) ;
#626 = CARTESIAN_POINT ( 'NONE',  ( 1.656854249492421660, -6.343749995903231742, 3.999999999999972911 ) ) ;
#627 = EDGE_CURVE ( 'NONE', #3085, #1161, #5636, .T. ) ;
#628 =( BOUNDED_CURVE ( )  B_SPLINE_CURVE ( 2, ( #3684, #4591, #5941, #5154, #1769, #845, #3123, #636, #5386 ),
 .UNSPECIFIED., .F., .F. ) 
 B_SPLINE_CURVE_WITH_KNOTS ( ( 3, 2, 2, 2, 3 ),
 ( 0.8125000000000000000, 0.8203125000000000000, 0.8281250000000000000, 0.8359375000000000000, 0.8437500000000000000 ),
 .UNSPECIFIED. ) 
 CURVE ( )  GEOMETRIC_REPRESENTATION_ITEM ( )  RATIONAL_B_SPLINE_CURVE ( ( 1.000000000000000000, 0.9238795325112867385, 1.000000000000000000, 0.9238795325112867385, 1.000000000000000000, 0.9238795325112867385, 1.000000000000000000, 0.9238795325112867385, 1.000000000000000000 ) ) 
 REPRESENTATION_ITEM ( '' )  );
#629 = ORIENTED_EDGE ( 'NONE', *, *, #4801, .T. ) ;
#630 = CC_DESIGN_APPROVAL ( #3356, ( #3849 ) ) ;
#631 = CARTESIAN_POINT ( 'NONE',  ( 47.13463462533560033, 1.188101187500001599, 1.320554750080270123 ) ) ;
#632 = UNCERTAINTY_MEASURE_WITH_UNIT (LENGTH_MEASURE( 1.000000000000000082E-05 ), #3435, 'distance_accuracy_value', 'NONE');
#633 = CARTESIAN_POINT ( 'NONE',  ( 42.44713462533560033, -0.6794452499197284334, 3.188101187500000044 ) ) ;
#634 = CARTESIAN_POINT ( 'NONE',  ( 0.000000000000000000, 6.906008975156701091, 0.000000000000000000 ) ) ;
#635 = EDGE_CURVE ( 'NONE', #1229, #5426, #5991, .T. ) ;
#636 = CARTESIAN_POINT ( 'NONE',  ( 30.72838462328720865, -0.3431457505076174197, -4.000000000000000000 ) ) ;
#637 = DIRECTION ( 'NONE',  ( -3.430248998885766570E-15, 1.000000000000000000, -0.000000000000000000 ) ) ;
#638 =( BOUNDED_CURVE ( )  B_SPLINE_CURVE ( 2, ( #4987, #7304, #7344, #1513, #3363 ),
 .UNSPECIFIED., .F., .F. ) 
 B_SPLINE_CURVE_WITH_KNOTS ( ( 3, 2, 3 ),
 ( 0.9870235873217929612, 0.9921875000000000000, 1.000000000000000000 ),
 .UNSPECIFIED. ) 
 CURVE ( )  GEOMETRIC_REPRESENTATION_ITEM ( )  RATIONAL_B_SPLINE_CURVE ( ( 0.9658850634910325361, 0.9496858307665902998, 1.000000000000000000, 0.9238795325112867385, 1.000000000000000000 ) ) 
 REPRESENTATION_ITEM ( '' )  );
#639 = COORDINATED_UNIVERSAL_TIME_OFFSET ( 8, 0, .AHEAD. ) ;
#640 = CARTESIAN_POINT ( 'NONE',  ( 35.88463462533560033, -5.188101187499997380, -1.320554750080271678 ) ) ;
#641 = CARTESIAN_POINT ( 'NONE',  ( -2.828427124746170751, 7.812499999999976019, -2.828427124746171639 ) ) ;
#642 = CARTESIAN_POINT ( 'NONE',  ( 32.88463462738398846, 0.8284271247461921783, 2.828427124746190291 ) ) ;
#643 = CARTESIAN_POINT ( 'NONE',  ( 42.25963462533560744, 1.188101187500002043, 1.320554750080270123 ) ) ;
#644 = CARTESIAN_POINT ( 'NONE',  ( 3.188101187500024913, -6.999999997951614539, -1.320554750080259243 ) ) ;
#645 = CARTESIAN_POINT ( 'NONE',  ( 49.66588462533560033, 1.188101187500001599, 1.952148957314875220E-16 ) ) ;
#646 = CARTESIAN_POINT ( 'NONE',  ( -2.254327968790088121, 0.2187500020483677532, 2.254327968790116543 ) ) ;
#647 = CARTESIAN_POINT ( 'NONE',  ( 46.10338462328721221, 2.000000000000001776, 1.656854249492381026 ) ) ;
#648 = EDGE_CURVE ( 'NONE', #6799, #1132, #5340, .T. ) ;
#649 = CARTESIAN_POINT ( 'NONE',  ( 3.615828962181082327E-14, -2.125000000000015987, 3.999999999999974243 ) ) ;
#650 = CARTESIAN_POINT ( 'NONE',  ( 2.746051193499997223E-14, 0.1249999999999844985, -3.999999999999974243 ) ) ;
#651 = LINE ( 'NONE', #1343, #2134 ) ;
#652 = AXIS2_PLACEMENT_3D ( 'NONE', #761, #7278, #1698 ) ;
#653 = CARTESIAN_POINT ( 'NONE',  ( 2.397278211197051797E-14, 1.156250002048375469, -3.188101187499973399 ) ) ;
#654 = CYLINDRICAL_SURFACE ( 'NONE', #2293, 4.000000000000000000 ) ;
#655 = FACE_OUTER_BOUND ( 'NONE', #824, .T. ) ;
#656 = CARTESIAN_POINT ( 'NONE',  ( 3.036974442213811551E-14, -0.4374999959032349062, 3.999999999999974243 ) ) ;
#657 = CARTESIAN_POINT ( 'NONE',  ( 31.19713462533560389, -5.188101187499998268, 1.320554750080270345 ) ) ;
#658 = CARTESIAN_POINT ( 'NONE',  ( 0.000000000000000000, 8.201801801801801517, 0.000000000000000000 ) ) ;
#659 = VERTEX_POINT ( 'NONE', #2522 ) ;
#660 = CARTESIAN_POINT ( 'NONE',  ( 3.188101187499984945, 4.906250002048387238, -3.904297914629718393E-16 ) ) ;
#661 = CARTESIAN_POINT ( 'NONE',  ( 30.07213462533560033, 1.188101187500002043, -1.320554750080270123 ) ) ;
#662 = CARTESIAN_POINT ( 'NONE',  ( -3.188101187499930322, -4.468749997951636743, 0.000000000000000000 ) ) ;
#663 = CARTESIAN_POINT ( 'NONE',  ( 3.188101187500008926, -2.218749997951613651, -3.904297914629718393E-16 ) ) ;
#664 = PERSON ( 'NAUO-PER1', 'UNSPECIFIED', 'UNSPECIFIED', ('UNSPECIFIED'), ('UNSPECIFIED'), ('UNSPECIFIED') ) ;
#665 = CARTESIAN_POINT ( 'NONE',  ( -2.828427124746119681, -6.999999995903245065, -2.828427124746171639 ) ) ;
#666 = ORIENTED_EDGE ( 'NONE', *, *, #6236, .F. ) ;
#667 = CARTESIAN_POINT ( 'NONE',  ( 45.16588462533560744, -1.999999999999997780, -3.188101187500000044 ) ) ;
#668 = CARTESIAN_POINT ( 'NONE',  ( 43.29088462533560744, -1.999999999999997780, -3.188101187500000488 ) ) ;
#669 = CARTESIAN_POINT ( 'NONE',  ( 48.54088462738399556, -5.999999999999997335, -1.656854249492382580 ) ) ;
#670 = EDGE_CURVE ( 'NONE', #5959, #7068, #4239, .T. ) ;
#671 =( BOUNDED_SURFACE ( )  B_SPLINE_SURFACE ( 1, 2, ( 
 ( #6164, #506, #1023, #6766, #382, #981, #5650, #3388, #941, #4931, #6079, #7289, #2070, #5013, #3307, #6039, #4337, #2707, #4490, #2187, #7208, #2148, #7249, #4369, #1666, #3263, #6641, #3222, #3941, #1496, #1537, #2792, #4450, #5529, #4411, #6687, #7328, #1580, #6727, #3861, #3430, #6275, #3657, #1367, #6235, #5686, #1746, #5285, #5911, #743, #6395, #1709, #2831, #5722, #213, #175, #2868, #52, #5166, #5127, #2494, #1179, #4566, #1142, #2304, #1871, #5838, #4134, #10, #2339, #576, #2904, #4018, #1295, #4209, #6847, #3058, #3585, #782, #2459, #3621, #3023, #3467, #5317, #611, #4728, #4603, #7000, #6967, #5090, #1905, #4169, #6431, #1332, #5877, #4764, #7039, #1941, #6472, #7367, #2264, #4529, #6809, #3983, #367, #4914, #2649, #2090, #6063, #5950, #5396, #7193, #4356, #407, #3696, #2689, #1481, #4246, #5434, #855, #3204, #6622, #2129, #1518, #3802, #964, #4952, #3133, #289, #2572, #7230, #6548, #4839, #7113, #4392, #2053, #2016, #3245, #4320, #5510, #6665, #1562, #1406, #3168, #6586, #3842, #3730, #6022, #6511, #1445, #889, #817, #3093, #5353, #5986, #7076, #4282, #248, #3766, #2532, #4802, #1982, #329, #2610, #927, #4875, #7149, #5472, #4430, #4470, #6182, #6098, #6829, #1005, #6746, #4993, #3451, #6866, #2774, #2850, #7350, #1645, #1084, #1764, #5109, #1730, #2245, #593, #6708, #2209, #3288, #4585, #2167, #1600, #5033, #1125, #5551, #3962, #4510, #7269, #446, #3920, #5705, #3412, #6143, #3367, #5634, #1046, #2888, #526, #488, #3880, #5591, #5073, #1690, #6788, #3329, #2813, #7310, #6221, #5671, #560, #34, #7387, #6258, #2283, #4003, #4548, #1162, #5148, #2324, #2728, #2954, #4688, #5800, #1325, #1196, #6321, #2226, #1062, #2867, #575, #4564, #7327, #4489, #3428, #5125, #6879, #9, #5089, #6846, #465, #2302, #1745, #4017, #6273, #3466 ),
 ( #2791, #1178, #1779, #1619, #2749, #5051, #6764, #51, #4601, #1665, #2338, #3387, #3939, #6200, #3898, #4047, #6163, #5611, #1103, #3981, #1213, #5649, #2262, #4527, #1708, #4702, #5324, #6370, #1304, #1813, #1846, #3557, #3498, #4177, #5753, #4111, #2371, #790, #4218, #117, #183, #6975, #1269, #5812, #6480, #2466, #6439, #1879, #220, #4079, #6943, #647, #1948, #6911, #6335, #2401, #5845, #2935, #3592, #4141, #4634, #5199, #714, #3065, #751, #3529, #2998, #5258, #5782, #2504, #148, #5228, #1240, #2967, #2431, #6402, #3031, #680, #5292, #4668, #4735, #7008, #1912, #4772, #1339, #3629, #5883, #7048, #81, #2098, #336, #5405, #3809, #5957, #7158, #3139, #4326, #4290, #4397, #295, #4253, #6029, #1487, #373, #2579, #4846, #6595, #3773, #2695, #934, #3737, #2657, #1375, #3212, #5478, #4920, #7201, #6630, #6518, #862, #4362, #1526, #970, #1414, #3252, #2060, #4810, #5994, #3703, #6069, #5517, #4958, #412, #7236, #2136, #3664, #7119, #2022, #6555, #5919, #1451, #896, #3175, #826, #2616, #5441, #3101, #4883, #5362, #7083, #256, #2541, #1988, #1608, #5556, #4439, #3294, #2174, #2736, #3887, #4477, #452, #5040, #6149, #7317, #1052, #2780, #3336, #5000, #2214, #7275, #5598, #6715, #495, #6753, #1652, #6671, #1568, #3850, #6104, #1012, #913, #5457, #4376, #6648, #2758, #1546, #1503, #429, #6536, #6084, #3270, #989, #2713, #4417, #4308, #3753, #5535, #4977, #6125, #2038, #1028, #7215, #2594, #3789, #6572, #3828, #7253, #5019, #2155, #6692, #1585, #3313, #1468, #6011, #3190, #5576, #4898, #352, #2634, #7294, #391, #7176, #3867, #2672, #2192, #5974, #878, #7135, #6046, #4937, #3155, #2076, #5420, #4861, #4343, #948, #314, #3228, #2113, #1035, #5583, #4501, #477, #2198, #3912, #1634, #3359, #6778, #5367, #5524, #6681, #4926, #6559, #1458, #2621, #7163 ) ),
 .UNSPECIFIED., .F., .F., .F. ) 
 B_SPLINE_SURFACE_WITH_KNOTS ( ( 2, 2 ),
 ( 3, 2, 2, 2, 2, 2, 2, 2, 2, 2, 2, 2, 2, 2, 2, 2, 2, 2, 2, 2, 2, 2, 2, 2, 2, 2, 2, 2, 2, 2, 2, 2, 2, 2, 2, 2, 2, 2, 2, 2, 2, 2, 2, 2, 2, 2, 2, 2, 2, 2, 2, 2, 2, 2, 2, 2, 2, 2, 2, 2, 2, 2, 2, 2, 2, 2, 2, 2, 2, 2, 2, 2, 2, 2, 2, 2, 2, 2, 2, 2, 2, 2, 2, 2, 2, 2, 2, 2, 2, 2, 2, 2, 2, 2, 2, 2, 2, 2, 2, 2, 2, 2, 2, 2, 2, 2, 2, 2, 2, 2, 2, 2, 2, 2, 2, 2, 2, 2, 2, 2, 2, 2, 2, 2, 2, 2, 2, 2, 3 ),
 ( 0.000000000000000000, 1.000000000000000000 ),
 ( 0.000000000000000000, 0.007812500000000000000, 0.01562500000000000000, 0.02343750000000000000, 0.03125000000000000000, 0.03906250000000000000, 0.04687500000000000000, 0.05468750000000000000, 0.06250000000000000000, 0.07031250000000000000, 0.07812500000000000000, 0.08593750000000000000, 0.09375000000000000000, 0.1015625000000000000, 0.1093750000000000000, 0.1171875000000000000, 0.1250000000000000000, 0.1328125000000000000, 0.1406250000000000000, 0.1484375000000000000, 0.1562500000000000000, 0.1640625000000000000, 0.1718750000000000000, 0.1796875000000000000, 0.1875000000000000000, 0.1953125000000000000, 0.2031250000000000000, 0.2109375000000000000, 0.2187500000000000000, 0.2265625000000000000, 0.2343750000000000000, 0.2421875000000000000, 0.2500000000000000000, 0.2578125000000000000, 0.2656250000000000000, 0.2734375000000000000, 0.2812500000000000000, 0.2890625000000000000, 0.2968750000000000000, 0.3046875000000000000, 0.3125000000000000000, 0.3203125000000000000, 0.3281250000000000000, 0.3359375000000000000, 0.3437500000000000000, 0.3515625000000000000, 0.3593750000000000000, 0.3671875000000000000, 0.3750000000000000000, 0.3828125000000000000, 0.3906250000000000000, 0.3984375000000000000, 0.4062500000000000000, 0.4140625000000000000, 0.4218750000000000000, 0.4296875000000000000, 0.4375000000000000000, 0.4453125000000000000, 0.4531250000000000000, 0.4609375000000000000, 0.4687500000000000000, 0.4765625000000000000, 0.4843750000000000000, 0.4921875000000000000, 0.5000000000000000000, 0.5078125000000000000, 0.5156250000000000000, 0.5234375000000000000, 0.5312500000000000000, 0.5390625000000000000, 0.5468750000000000000, 0.5546875000000000000, 0.5625000000000000000, 0.5703125000000000000, 0.5781250000000000000, 0.5859375000000000000, 0.5937500000000000000, 0.6015625000000000000, 0.6093750000000000000, 0.6171875000000000000, 0.6250000000000000000, 0.6328125000000000000, 0.6406250000000000000, 0.6484375000000000000, 0.6562500000000000000, 0.6640625000000000000, 0.6718750000000000000, 0.6796875000000000000, 0.6875000000000000000, 0.6953125000000000000, 0.7031250000000000000, 0.7109375000000000000, 0.7187500000000000000, 0.7265625000000000000, 0.7343750000000000000, 0.7421875000000000000, 0.7500000000000000000, 0.7578125000000000000, 0.7656250000000000000, 0.7734375000000000000, 0.7812500000000000000, 0.7890625000000000000, 0.7968750000000000000, 0.8046875000000000000, 0.8125000000000000000, 0.8203125000000000000, 0.8281250000000000000, 0.8359375000000000000, 0.8437500000000000000, 0.8515625000000000000, 0.8593750000000000000, 0.8671875000000000000, 0.8750000000000000000, 0.8828125000000000000, 0.8906250000000000000, 0.8984375000000000000, 0.9062500000000000000, 0.9140625000000000000, 0.9218750000000000000, 0.9296875000000000000, 0.9375000000000000000, 0.9453125000000000000, 0.9531250000000000000, 0.9609375000000000000, 0.9687500000000000000, 0.9765625000000000000, 0.9843750000000000000, 0.9921875000000000000, 1.000000000000000000 ),
 .UNSPECIFIED. ) 
 GEOMETRIC_REPRESENTATION_ITEM ( )  RATIONAL_B_SPLINE_SURFACE ( (
 ( 1.000000000000000000, 0.9238795325112867385, 1.000000000000000000, 0.9238795325112867385, 1.000000000000000000, 0.9238795325112867385, 1.000000000000000000, 0.9238795325112867385, 1.000000000000000000, 0.9238795325112867385, 1.000000000000000000, 0.9238795325112867385, 1.000000000000000000, 0.9238795325112867385, 1.000000000000000000, 0.9238795325112867385, 1.000000000000000000, 0.9238795325112867385, 1.000000000000000000, 0.9238795325112867385, 1.000000000000000000, 0.9238795325112867385, 1.000000000000000000, 0.9238795325112867385, 1.000000000000000000, 0.9238795325112867385, 1.000000000000000000, 0.9238795325112867385, 1.000000000000000000, 0.9238795325112867385, 1.000000000000000000, 0.9238795325112867385, 1.000000000000000000, 0.9238795325112867385, 1.000000000000000000, 0.9238795325112867385, 1.000000000000000000, 0.9238795325112867385, 1.000000000000000000, 0.9238795325112867385, 1.000000000000000000, 0.9238795325112867385, 1.000000000000000000, 0.9238795325112867385, 1.000000000000000000, 0.9238795325112867385, 1.000000000000000000, 0.9238795325112867385, 1.000000000000000000, 0.9238795325112867385, 1.000000000000000000, 0.9238795325112867385, 1.000000000000000000, 0.9238795325112867385, 1.000000000000000000, 0.9238795325112867385, 1.000000000000000000, 0.9238795325112867385, 1.000000000000000000, 0.9238795325112867385, 1.000000000000000000, 0.9238795325112867385, 1.000000000000000000, 0.9238795325112867385, 1.000000000000000000, 0.9238795325112867385, 1.000000000000000000, 0.9238795325112867385, 1.000000000000000000, 0.9238795325112867385, 1.000000000000000000, 0.9238795325112867385, 1.000000000000000000, 0.9238795325112867385, 1.000000000000000000, 0.9238795325112867385, 1.000000000000000000, 0.9238795325112867385, 1.000000000000000000, 0.9238795325112867385, 1.000000000000000000, 0.9238795325112867385, 1.000000000000000000, 0.9238795325112867385, 1.000000000000000000, 0.9238795325112867385, 1.000000000000000000, 0.9238795325112867385, 1.000000000000000000, 0.9238795325112867385, 1.000000000000000000, 0.9238795325112867385, 1.000000000000000000, 0.9238795325112867385, 1.000000000000000000, 0.9238795325112867385, 1.000000000000000000, 0.9238795325112867385, 1.000000000000000000, 0.9238795325112867385, 1.000000000000000000, 0.9238795325112867385, 1.000000000000000000, 0.9238795325112867385, 1.000000000000000000, 0.9238795325112867385, 1.000000000000000000, 0.9238795325112867385, 1.000000000000000000, 0.9238795325112867385, 1.000000000000000000, 0.9238795325112867385, 1.000000000000000000, 0.9238795325112867385, 1.000000000000000000, 0.9238795325112867385, 1.000000000000000000, 0.9238795325112867385, 1.000000000000000000, 0.9238795325112867385, 1.000000000000000000, 0.9238795325112867385, 1.000000000000000000, 0.9238795325112867385, 1.000000000000000000, 0.9238795325112867385, 1.000000000000000000, 0.9238795325112867385, 1.000000000000000000, 0.9238795325112867385, 1.000000000000000000, 0.9238795325112867385, 1.000000000000000000, 0.9238795325112867385, 1.000000000000000000, 0.9238795325112867385, 1.000000000000000000, 0.9238795325112867385, 1.000000000000000000, 0.9238795325112867385, 1.000000000000000000, 0.9238795325112867385, 1.000000000000000000, 0.9238795325112867385, 1.000000000000000000, 0.9238795325112867385, 1.000000000000000000, 0.9238795325112867385, 1.000000000000000000, 0.9238795325112867385, 1.000000000000000000, 0.9238795325112867385, 1.000000000000000000, 0.9238795325112867385, 1.000000000000000000, 0.9238795325112867385, 1.000000000000000000, 0.9238795325112867385, 1.000000000000000000, 0.9238795325112867385, 1.000000000000000000, 0.9238795325112867385, 1.000000000000000000, 0.9238795325112867385, 1.000000000000000000, 0.9238795325112867385, 1.000000000000000000, 0.9238795325112867385, 1.000000000000000000, 0.9238795325112867385, 1.000000000000000000, 0.9238795325112867385, 1.000000000000000000, 0.9238795325112867385, 1.000000000000000000, 0.9238795325112867385, 1.000000000000000000, 0.9238795325112867385, 1.000000000000000000, 0.9238795325112867385, 1.000000000000000000, 0.9238795325112867385, 1.000000000000000000, 0.9238795325112867385, 1.000000000000000000, 0.9238795325112867385, 1.000000000000000000, 0.9238795325112867385, 1.000000000000000000, 0.9238795325112867385, 1.000000000000000000, 0.9238795325112867385, 1.000000000000000000, 0.9238795325112867385, 1.000000000000000000, 0.9238795325112867385, 1.000000000000000000, 0.9238795325112867385, 1.000000000000000000, 0.9238795325112867385, 1.000000000000000000, 0.9238795325112867385, 1.000000000000000000, 0.9238795325112867385, 1.000000000000000000, 0.9238795325112867385, 1.000000000000000000, 0.9238795325112867385, 1.000000000000000000, 0.9238795325112867385, 1.000000000000000000, 0.9238795325112867385, 1.000000000000000000, 0.9238795325112867385, 1.000000000000000000, 0.9238795325112867385, 1.000000000000000000, 0.9238795325112867385, 1.000000000000000000, 0.9238795325112867385, 1.000000000000000000, 0.9238795325112867385, 1.000000000000000000, 0.9238795325112867385, 1.000000000000000000, 0.9238795325112867385, 1.000000000000000000, 0.9238795325112867385, 1.000000000000000000, 0.9238795325112867385, 1.000000000000000000, 0.9238795325112867385, 1.000000000000000000, 0.9238795325112867385, 1.000000000000000000, 0.9238795325112867385, 1.000000000000000000, 0.9238795325112867385, 1.000000000000000000, 0.9238795325112867385, 1.000000000000000000, 0.9238795325112867385, 1.000000000000000000, 0.9238795325112867385, 1.000000000000000000, 0.9238795325112867385, 1.000000000000000000, 0.9238795325112867385, 1.000000000000000000, 0.9238795325112867385, 1.000000000000000000, 0.9238795325112867385, 1.000000000000000000, 0.9238795325112867385, 1.000000000000000000, 0.9238795325112867385, 1.000000000000000000),
 ( 1.000000000000000000, 0.9238795325112867385, 1.000000000000000000, 0.9238795325112867385, 1.000000000000000000, 0.9238795325112867385, 1.000000000000000000, 0.9238795325112867385, 1.000000000000000000, 0.9238795325112867385, 1.000000000000000000, 0.9238795325112867385, 1.000000000000000000, 0.9238795325112867385, 1.000000000000000000, 0.9238795325112867385, 1.000000000000000000, 0.9238795325112867385, 1.000000000000000000, 0.9238795325112867385, 1.000000000000000000, 0.9238795325112867385, 1.000000000000000000, 0.9238795325112867385, 1.000000000000000000, 0.9238795325112867385, 1.000000000000000000, 0.9238795325112867385, 1.000000000000000000, 0.9238795325112867385, 1.000000000000000000, 0.9238795325112867385, 1.000000000000000000, 0.9238795325112867385, 1.000000000000000000, 0.9238795325112867385, 1.000000000000000000, 0.9238795325112867385, 1.000000000000000000, 0.9238795325112867385, 1.000000000000000000, 0.9238795325112867385, 1.000000000000000000, 0.9238795325112867385, 1.000000000000000000, 0.9238795325112867385, 1.000000000000000000, 0.9238795325112867385, 1.000000000000000000, 0.9238795325112867385, 1.000000000000000000, 0.9238795325112867385, 1.000000000000000000, 0.9238795325112867385, 1.000000000000000000, 0.9238795325112867385, 1.000000000000000000, 0.9238795325112867385, 1.000000000000000000, 0.9238795325112867385, 1.000000000000000000, 0.9238795325112867385, 1.000000000000000000, 0.9238795325112867385, 1.000000000000000000, 0.9238795325112867385, 1.000000000000000000, 0.9238795325112867385, 1.000000000000000000, 0.9238795325112867385, 1.000000000000000000, 0.9238795325112867385, 1.000000000000000000, 0.9238795325112867385, 1.000000000000000000, 0.9238795325112867385, 1.000000000000000000, 0.9238795325112867385, 1.000000000000000000, 0.9238795325112867385, 1.000000000000000000, 0.9238795325112867385, 1.000000000000000000, 0.9238795325112867385, 1.000000000000000000, 0.9238795325112867385, 1.000000000000000000, 0.9238795325112867385, 1.000000000000000000, 0.9238795325112867385, 1.000000000000000000, 0.9238795325112867385, 1.000000000000000000, 0.9238795325112867385, 1.000000000000000000, 0.9238795325112867385, 1.000000000000000000, 0.9238795325112867385, 1.000000000000000000, 0.9238795325112867385, 1.000000000000000000, 0.9238795325112867385, 1.000000000000000000, 0.9238795325112867385, 1.000000000000000000, 0.9238795325112867385, 1.000000000000000000, 0.9238795325112867385, 1.000000000000000000, 0.9238795325112867385, 1.000000000000000000, 0.9238795325112867385, 1.000000000000000000, 0.9238795325112867385, 1.000000000000000000, 0.9238795325112867385, 1.000000000000000000, 0.9238795325112867385, 1.000000000000000000, 0.9238795325112867385, 1.000000000000000000, 0.9238795325112867385, 1.000000000000000000, 0.9238795325112867385, 1.000000000000000000, 0.9238795325112867385, 1.000000000000000000, 0.9238795325112867385, 1.000000000000000000, 0.9238795325112867385, 1.000000000000000000, 0.9238795325112867385, 1.000000000000000000, 0.9238795325112867385, 1.000000000000000000, 0.9238795325112867385, 1.000000000000000000, 0.9238795325112867385, 1.000000000000000000, 0.9238795325112867385, 1.000000000000000000, 0.9238795325112867385, 1.000000000000000000, 0.9238795325112867385, 1.000000000000000000, 0.9238795325112867385, 1.000000000000000000, 0.9238795325112867385, 1.000000000000000000, 0.9238795325112867385, 1.000000000000000000, 0.9238795325112867385, 1.000000000000000000, 0.9238795325112867385, 1.000000000000000000, 0.9238795325112867385, 1.000000000000000000, 0.9238795325112867385, 1.000000000000000000, 0.9238795325112867385, 1.000000000000000000, 0.9238795325112867385, 1.000000000000000000, 0.9238795325112867385, 1.000000000000000000, 0.9238795325112867385, 1.000000000000000000, 0.9238795325112867385, 1.000000000000000000, 0.9238795325112867385, 1.000000000000000000, 0.9238795325112867385, 1.000000000000000000, 0.9238795325112867385, 1.000000000000000000, 0.9238795325112867385, 1.000000000000000000, 0.9238795325112867385, 1.000000000000000000, 0.9238795325112867385, 1.000000000000000000, 0.9238795325112867385, 1.000000000000000000, 0.9238795325112867385, 1.000000000000000000, 0.9238795325112867385, 1.000000000000000000, 0.9238795325112867385, 1.000000000000000000, 0.9238795325112867385, 1.000000000000000000, 0.9238795325112867385, 1.000000000000000000, 0.9238795325112867385, 1.000000000000000000, 0.9238795325112867385, 1.000000000000000000, 0.9238795325112867385, 1.000000000000000000, 0.9238795325112867385, 1.000000000000000000, 0.9238795325112867385, 1.000000000000000000, 0.9238795325112867385, 1.000000000000000000, 0.9238795325112867385, 1.000000000000000000, 0.9238795325112867385, 1.000000000000000000, 0.9238795325112867385, 1.000000000000000000, 0.9238795325112867385, 1.000000000000000000, 0.9238795325112867385, 1.000000000000000000, 0.9238795325112867385, 1.000000000000000000, 0.9238795325112867385, 1.000000000000000000, 0.9238795325112867385, 1.000000000000000000, 0.9238795325112867385, 1.000000000000000000, 0.9238795325112867385, 1.000000000000000000, 0.9238795325112867385, 1.000000000000000000, 0.9238795325112867385, 1.000000000000000000, 0.9238795325112867385, 1.000000000000000000, 0.9238795325112867385, 1.000000000000000000, 0.9238795325112867385, 1.000000000000000000, 0.9238795325112867385, 1.000000000000000000, 0.9238795325112867385, 1.000000000000000000, 0.9238795325112867385, 1.000000000000000000, 0.9238795325112867385, 1.000000000000000000, 0.9238795325112867385, 1.000000000000000000, 0.9238795325112867385, 1.000000000000000000, 0.9238795325112867385, 1.000000000000000000, 0.9238795325112867385, 1.000000000000000000, 0.9238795325112867385, 1.000000000000000000, 0.9238795325112867385, 1.000000000000000000, 0.9238795325112867385, 1.000000000000000000) ) ) 
 REPRESENTATION_ITEM ( '' )  SURFACE ( )  );
#672 = CARTESIAN_POINT ( 'NONE',  ( 11.66017175884608292, -7.260402439865869084, 6.033022737173980410 ) ) ;
#673 = SECURITY_CLASSIFICATION_LEVEL ( 'unclassified' ) ;
#674 = CARTESIAN_POINT ( 'NONE',  ( 36.72838462533560744, 0.2543279687901365826, 2.254327968790134751 ) ) ;
#675 = CARTESIAN_POINT ( 'NONE',  ( 1.733644443356716051E-15, 7.624999999999985789, -3.999999999999974243 ) ) ;
#676 = CARTESIAN_POINT ( 'NONE',  ( 33.16588462738398135, -3.656854249492381914, 3.999999999999999112 ) ) ;
#677 = CARTESIAN_POINT ( 'NONE',  ( 41.13463462533560744, -3.320554750080270345, 3.188101187499999156 ) ) ;
#678 = CARTESIAN_POINT ( 'NONE',  ( -3.188101187499923661, -6.343749997951636743, 0.000000000000000000 ) ) ;
#679 = CARTESIAN_POINT ( 'NONE',  ( 37.00963462328721221, 2.000000000000001776, 2.449293598294706414E-16 ) ) ;
#680 = CARTESIAN_POINT ( 'NONE',  ( 43.66588462328720510, -5.999999999999997335, 1.656854249492381248 ) ) ;
#681 = AXIS2_PLACEMENT_3D ( 'NONE', #1181, #7291, #6768 ) ;
#682 = ORIENTED_EDGE ( 'NONE', *, *, #6730, .T. ) ;
#683 =( BOUNDED_CURVE ( )  B_SPLINE_CURVE ( 2, ( #4531, #2189, #5092, #1747, #5614, #7331, #6811, #4452, #2229 ),
 .UNSPECIFIED., .F., .T. ) 
 B_SPLINE_CURVE_WITH_KNOTS ( ( 3, 2, 2, 2, 3 ),
 ( 0.04545454545454540723, 0.05681818181818178159, 0.06818181818181814902, 0.07954545454545453032, 0.09090909090909091161 ),
 .UNSPECIFIED. ) 
 CURVE ( )  GEOMETRIC_REPRESENTATION_ITEM ( )  RATIONAL_B_SPLINE_CURVE ( ( 1.000000000000000222, 0.9238795325112862944, 1.000000000000000000, 0.9238795325112867385, 1.000000000000000000, 0.9238795325112867385, 1.000000000000000000, 0.9238795325112867385, 1.000000000000000000 ) ) 
 REPRESENTATION_ITEM ( '' )  );
#684 = DIRECTION ( 'NONE',  ( -3.430248998885766570E-15, 1.000000000000000000, -0.000000000000000000 ) ) ;
#685 = CARTESIAN_POINT ( 'NONE',  ( 1.716976493834267173E-14, 3.124999999999985345, -3.999999999999974243 ) ) ;
#686 = CARTESIAN_POINT ( 'NONE',  ( 50.88463462328721221, -1.999999999999997780, -4.000000000000000000 ) ) ;
#687 = ADVANCED_FACE ( 'NONE', ( #132 ), #5005, .F. ) ;
#688 = CARTESIAN_POINT ( 'NONE',  ( -3.188101187499960965, 4.531250002048365921, 0.000000000000000000 ) ) ;
#689 = CARTESIAN_POINT ( 'NONE',  ( -3.999999999999972911, 7.906249999999971578, -1.656854249492369702 ) ) ;
#690 = CARTESIAN_POINT ( 'NONE',  ( 0.8290209176742814323, -9.393876554354646302, 4.140166703533726178 ) ) ;
#691 = CARTESIAN_POINT ( 'NONE',  ( -2.828427124746160093, 4.812499999999975131, -2.828427124746171639 ) ) ;
#692 = CARTESIAN_POINT ( 'NONE',  ( 29.88463462533560033, -5.188101187499997380, -1.320554750080271678 ) ) ;
#693 = CARTESIAN_POINT ( 'NONE',  ( -3.999999999999926725, -5.406249995903249506, -1.656854249492369702 ) ) ;
#694 = ORIENTED_EDGE ( 'NONE', *, *, #3562, .F. ) ;
#695 = CARTESIAN_POINT ( 'NONE',  ( -3.188101187499964961, 5.562500002048364145, -1.320554750080258799 ) ) ;
#696 = CARTESIAN_POINT ( 'NONE',  ( -1.320554750080224604, -1.749999997951628972, -3.188101187499973399 ) ) ;
#697 = CARTESIAN_POINT ( 'NONE',  ( 45.25963462738398846, -4.828427124746188959, 2.828427124746189403 ) ) ;
#698 = CARTESIAN_POINT ( 'NONE',  ( 1.317655132365699790E-14, 4.531250002048375691, 3.188101187499973399 ) ) ;
#699 = ORIENTED_EDGE ( 'NONE', *, *, #5361, .T. ) ;
#700 = CC_DESIGN_PERSON_AND_ORGANIZATION_ASSIGNMENT ( #6396, #1872, ( #3583 ) ) ;
#701 = CARTESIAN_POINT ( 'NONE',  ( 46.75963462533560744, -0.6794452499197283224, -3.188101187499999600 ) ) ;
#702 = CARTESIAN_POINT ( 'NONE',  ( 39.54088462533560033, -1.999999999999998224, 3.188101187500000488 ) ) ;
#703 = DIRECTION ( 'NONE',  ( -3.430248998885766570E-15, 1.000000000000000000, -0.000000000000000000 ) ) ;
#704 = CALENDAR_DATE ( 2026, 27, 9 ) ;
#705 = CARTESIAN_POINT ( 'NONE',  ( 11.18033988749894725, -10.00000000000004086, 0.000000000000000000 ) ) ;
#706 = PERSON_AND_ORGANIZATION ( #6710, #6828 ) ;
#707 = CARTESIAN_POINT ( 'NONE',  ( 34.66588462533559323, -1.999999999999997780, -3.188101187500000044 ) ) ;
#708 = CARTESIAN_POINT ( 'NONE',  ( 34.10338462738398846, 2.000000000000001776, -1.656854249492380360 ) ) ;
#709 = CARTESIAN_POINT ( 'NONE',  ( 44.60338462533560744, -4.254327968790133419, -2.254327968790135639 ) ) ;
#710 = CARTESIAN_POINT ( 'NONE',  ( 3.188101187500015588, -4.093749997951613651, -3.904297914629718393E-16 ) ) ;
#711 = CARTESIAN_POINT ( 'NONE',  ( -1.656854249492335285, -2.031249995903240624, 3.999999999999973355 ) ) ;
#712 = CC_DESIGN_APPROVAL ( #5711, ( #6538 ) ) ;
#713 = AXIS2_PLACEMENT_3D ( 'NONE', #7325, #4487, #1663 ) ;
#714 = CARTESIAN_POINT ( 'NONE',  ( 45.07213462328721221, -4.828427124746188959, 2.828427124746189403 ) ) ;
#715 = ORIENTED_EDGE ( 'NONE', *, *, #2835, .T. ) ;
#716 = EDGE_CURVE ( 'NONE', #7047, #2765, #6061, .T. ) ;
#717 = CARTESIAN_POINT ( 'NONE',  ( -1.656854249492334619, -2.218750000000020872, 3.999999999999973355 ) ) ;
#718 = CARTESIAN_POINT ( 'NONE',  ( -1.656854249492342612, 0.2187499999999793776, -3.999999999999974243 ) ) ;
#719 = DIRECTION ( 'NONE',  ( -1.000000000000000000, -0.000000000000000000, -0.000000000000000000 ) ) ;
#720 = CARTESIAN_POINT ( 'NONE',  ( 2.254327968790148073, -0.9062499979516158710, 2.254327968790115655 ) ) ;
#721 = CARTESIAN_POINT ( 'NONE',  ( 34.38463462328721221, -1.999999999999998224, 4.000000000000000000 ) ) ;
#722 = CARTESIAN_POINT ( 'NONE',  ( 1.656854249492386577, 3.968749999999990674, 3.999999999999972911 ) ) ;
#723 = EDGE_CURVE ( 'NONE', #1933, #4990, #4812, .T. ) ;
#724 = CARTESIAN_POINT ( 'NONE',  ( -1.656854249492325293, -5.031249995903240624, 3.999999999999972911 ) ) ;
#725 = CARTESIAN_POINT ( 'NONE',  ( 3.036974442213811551E-14, -0.4374999959032349062, 3.999999999999974243 ) ) ;
#726 = AXIS2_PLACEMENT_3D ( 'NONE', #6425, #5392, #2489 ) ;
#727 = CARTESIAN_POINT ( 'NONE',  ( 43.10338462738398846, 2.000000000000001776, -1.656854249492380360 ) ) ;
#728 = CARTESIAN_POINT ( 'NONE',  ( 29.32213462738398491, -1.999999999999997780, -4.000000000000000000 ) ) ;
#729 = ORIENTED_EDGE ( 'NONE', *, *, #85, .F. ) ;
#730 = CARTESIAN_POINT ( 'NONE',  ( -3.188101187499933875, -3.343749997951637187, 0.000000000000000000 ) ) ;
#731 = CARTESIAN_POINT ( 'NONE',  ( -3.188101187499924993, -5.968749997951635855, 0.000000000000000000 ) ) ;
#732 = CARTESIAN_POINT ( 'NONE',  ( 28.57213462533559678, 1.188101187500002043, -1.320554750080270123 ) ) ;
#733 = CARTESIAN_POINT ( 'NONE',  ( 2.254327968790126313, 5.093750002048383685, -2.254327968790116099 ) ) ;
#734 = ADVANCED_FACE ( 'NONE', ( #6664 ), #3286, .T. ) ;
#735 = VERTEX_POINT ( 'NONE', #1045 ) ;
#736 = CARTESIAN_POINT ( 'NONE',  ( 42.35338462533560033, 0.2543279687901365826, -2.254327968790134307 ) ) ;
#737 = CARTESIAN_POINT ( 'NONE',  ( 38.88463462533560033, -0.6794452499197279893, -3.188101187500000044 ) ) ;
#738 = DIRECTION ( 'NONE',  ( 0.000000000000000000, 0.000000000000000000, 1.000000000000000000 ) ) ;
#739 = CARTESIAN_POINT ( 'NONE',  ( 2.828427124746191623, 2.562499999999996003, 2.828427124746171195 ) ) ;
#740 = CARTESIAN_POINT ( 'NONE',  ( -3.999999999999926281, -5.593750000000031086, -1.656854249492369702 ) ) ;
#741 = PRODUCT_DEFINITION_FORMATION_WITH_SPECIFIED_SOURCE ( 'ANY', '', #3583, .NOT_KNOWN. ) ;
#742 = CARTESIAN_POINT ( 'NONE',  ( 1.656854249492416997, -5.031250000000011546, 3.999999999999973355 ) ) ;
#743 = CARTESIAN_POINT ( 'NONE',  ( 45.82213462533560033, -0.6794452499197284334, 3.188101187499999600 ) ) ;
#744 = PERSON_AND_ORGANIZATION_ROLE ( 'creator' ) ;
#745 = CARTESIAN_POINT ( 'NONE',  ( 32.97838462533560033, -4.254327968790132530, -2.254327968790135195 ) ) ;
#746 = CARTESIAN_POINT ( 'NONE',  ( 33.44713462738398135, -5.999999999999998224, -7.347880794884119736E-16 ) ) ;
#747 = CARTESIAN_POINT ( 'NONE',  ( 44.79088462533560744, -1.999999999999997780, -3.188101187500000488 ) ) ;
#748 = CARTESIAN_POINT ( 'NONE',  ( 5.613136647652459110E-14, -8.218749997951626085, -3.188101187499973399 ) ) ;
#749 = AXIS2_PLACEMENT_3D ( 'NONE', #4498, #3870, #5623 ) ;
#750 = CARTESIAN_POINT ( 'NONE',  ( 48.54088462533560033, -1.999999999999998224, 3.188101187500000044 ) ) ;
#751 = CARTESIAN_POINT ( 'NONE',  ( 44.88463462328721221, -1.999999999999998224, 4.000000000000000000 ) ) ;
#752 = ORIENTED_EDGE ( 'NONE', *, *, #6371, .T. ) ;
#753 = CARTESIAN_POINT ( 'NONE',  ( 50.88463462328721221, -1.999999999999998224, 0.000000000000000000 ) ) ;
#754 = CARTESIAN_POINT ( 'NONE',  ( -1.656854249492353270, 3.406250004096759376, -3.999999999999974243 ) ) ;
#755 = CARTESIAN_POINT ( 'NONE',  ( -3.999999999999941824, -1.093750000000028644, -1.656854249492369702 ) ) ;
#756 = DIRECTION ( 'NONE',  ( 0.000000000000000000, 0.000000000000000000, 1.000000000000000000 ) ) ;
#757 = CARTESIAN_POINT ( 'NONE',  ( 3.761707544071808224E-14, -2.593749997951625197, 3.188101187499973399 ) ) ;
#758 = CARTESIAN_POINT ( 'NONE',  ( 50.88463462328721221, -1.999999999999997780, -4.000000000000000000 ) ) ;
#759 = EDGE_CURVE ( 'NONE', #7068, #6645, #3244, .T. ) ;
#760 = CARTESIAN_POINT ( 'NONE',  ( 3.999999999999993783, 2.656249999999998668, 1.656854249492369036 ) ) ;
#761 = CARTESIAN_POINT ( 'NONE',  ( 25.88463462328721221, -1.999999999999998224, 0.000000000000000000 ) ) ;
#762 = AXIS2_PLACEMENT_3D ( 'NONE', #2666, #2106, #3900 ) ;
#763 = CARTESIAN_POINT ( 'NONE',  ( 1.202439144001401675E-14, 4.624999999999985789, -3.999999999999974243 ) ) ;
#764 = CARTESIAN_POINT ( 'NONE',  ( 44.97838462738399556, -0.3431457505076178638, 4.000000000000000000 ) ) ;
#765 = CARTESIAN_POINT ( 'NONE',  ( 2.828427124746216492, -4.749999995903225525, 2.828427124746171195 ) ) ;
#766 = ORIENTED_EDGE ( 'NONE', *, *, #5235, .T. ) ;
#767 = VECTOR ( 'NONE', #1093, 1000.000000000000000 ) ;
#768 = CARTESIAN_POINT ( 'NONE',  ( -2.828427124746139221, -1.187500000000025313, -2.828427124746171639 ) ) ;
#769 = CARTESIAN_POINT ( 'NONE',  ( 3.188101187499994271, 2.000000002048386794, -1.320554750080259021 ) ) ;
#770 = CARTESIAN_POINT ( 'NONE',  ( 44.32213462328721221, 0.8284271247461921783, -2.828427124746189847 ) ) ;
#771 = CARTESIAN_POINT ( 'NONE',  ( -1.320554750080255912, 7.250000002048372139, -3.188101187499973843 ) ) ;
#772 = CARTESIAN_POINT ( 'NONE',  ( -3.188101187499954303, 2.656250002048364589, 0.000000000000000000 ) ) ;
#773 = ORIENTED_EDGE ( 'NONE', *, *, #5557, .T. ) ;
#774 = SPHERICAL_SURFACE ( 'NONE', #2078, 9.999999999999996447 ) ;
#775 = CARTESIAN_POINT ( 'NONE',  ( 39.44713462533560744, 1.188101187500001599, -1.320554750080269679 ) ) ;
#776 = CARTESIAN_POINT ( 'NONE',  ( 35.04088462533560033, -1.999999999999998224, 3.188101187500000488 ) ) ;
#777 = CARTESIAN_POINT ( 'NONE',  ( 38.13463462328720510, -1.999999999999997780, -4.000000000000000000 ) ) ;
#778 = EDGE_CURVE ( 'NONE', #255, #3044, #6771, .T. ) ;
#779 = CARTESIAN_POINT ( 'NONE',  ( 3.999999999999998224, 1.249999999999999334, -4.898587196589381274E-16 ) ) ;
#780 = CARTESIAN_POINT ( 'NONE',  ( -1.656854249492321962, -5.781250000000020428, -3.999999999999974243 ) ) ;
#781 = CARTESIAN_POINT ( 'NONE',  ( 49.38463462328721221, -1.999999999999998224, 4.000000000000000000 ) ) ;
#782 = CARTESIAN_POINT ( 'NONE',  ( 43.10338462533560744, -4.254327968790133419, 2.254327968790133863 ) ) ;
#783 = CALENDAR_DATE ( 2026, 27, 9 ) ;
#784 = CARTESIAN_POINT ( 'NONE',  ( 29.32213462533560033, -0.6794452499197284334, 3.188101187500000044 ) ) ;
#785 = CARTESIAN_POINT ( 'NONE',  ( 29.41588462738398135, -0.3431457505076173642, -4.000000000000000000 ) ) ;
#786 = CARTESIAN_POINT ( 'NONE',  ( 46.38463462533560033, -0.6794452499197279893, -3.188101187500000488 ) ) ;
#787 = CARTESIAN_POINT ( 'NONE',  ( 1.320554750080309869, -6.812499997951619868, -3.188101187499973399 ) ) ;
#788 = CARTESIAN_POINT ( 'NONE',  ( 3.551511792046676418E-14, -1.937499995903234629, 3.999999999999974243 ) ) ;
#789 =( BOUNDED_CURVE ( )  B_SPLINE_CURVE ( 2, ( #537, #6805, #1705, #6, #5086, #4014, #2864, #6995, #2259 ),
 .UNSPECIFIED., .F., .T. ) 
 B_SPLINE_CURVE_WITH_KNOTS ( ( 3, 2, 2, 2, 3 ),
 ( 0.4090909090909090606, 0.4204545454545454142, 0.4318181818181817677, 0.4431818181818181213, 0.4545454545454544748 ),
 .UNSPECIFIED. ) 
 CURVE ( )  GEOMETRIC_REPRESENTATION_ITEM ( )  RATIONAL_B_SPLINE_CURVE ( ( 1.000000000000000444, 0.9238795325112864054, 1.000000000000000000, 0.9238795325112867385, 1.000000000000000000, 0.9238795325112867385, 1.000000000000000000, 0.9238795325112870716, 0.9999999999999996669 ) ) 
 REPRESENTATION_ITEM ( '' )  );
#790 = CARTESIAN_POINT ( 'NONE',  ( 47.41588462328721931, 2.000000000000001776, -1.656854249492380360 ) ) ;
#791 = ORIENTED_EDGE ( 'NONE', *, *, #3102, .T. ) ;
#792 = ORIENTED_EDGE ( 'NONE', *, *, #5349, .T. ) ;
#793 = CARTESIAN_POINT ( 'NONE',  ( 49.00963462533560744, -3.320554750080270345, 3.188101187499999156 ) ) ;
#794 = CARTESIAN_POINT ( 'NONE',  ( 2.828427124746194732, 1.437499999999995115, -2.828427124746171639 ) ) ;
#795 = FACE_OUTER_BOUND ( 'NONE', #5229, .T. ) ;
#796 = CARTESIAN_POINT ( 'NONE',  ( 2.732632844406078490E-14, 0.4062500020483756913, 3.188101187499973399 ) ) ;
#797 = CARTESIAN_POINT ( 'NONE',  ( -3.999999999999963141, 5.093749999999972466, 1.656854249492372588 ) ) ;
#798 = CARTESIAN_POINT ( 'NONE',  ( -2.828427124746115240, -8.124999995903246841, 2.828427124746172083 ) ) ;
#799 = CARTESIAN_POINT ( 'NONE',  ( 27.82213462738398846, -1.999999999999997780, -4.000000000000000000 ) ) ;
#800 = CARTESIAN_POINT ( 'NONE',  ( 46.94713462738398846, -5.999999999999998224, -7.347880794884119736E-16 ) ) ;
#801 = CARTESIAN_POINT ( 'NONE',  ( 29.50963462738398491, 0.8284271247461921783, -2.828427124746189847 ) ) ;
#802 = VERTEX_POINT ( 'NONE', #2773 ) ;
#803 = CARTESIAN_POINT ( 'NONE',  ( -2.254327968790086789, -0.1562499979516325799, 2.254327968790116543 ) ) ;
#804 = CARTESIAN_POINT ( 'NONE',  ( 1.320554750080314088, -7.937499997951621644, -3.188101187499973399 ) ) ;
#805 = CARTESIAN_POINT ( 'NONE',  ( 28.85338462533560033, 0.2543279687901370267, 2.254327968790135195 ) ) ;
#806 = CARTESIAN_POINT ( 'NONE',  ( -3.188101187499948530, 1.250000002048364367, 1.320554750080261019 ) ) ;
#807 = EDGE_LOOP ( 'NONE', ( #4959, #5364, #5885, #7203 ) ) ;
#808 = EDGE_LOOP ( 'NONE', ( #5940, #4440, #479, #3214 ) ) ;
#809 = CARTESIAN_POINT ( 'NONE',  ( 42.25963462533560744, -0.6794452499197283224, -3.188101187499999600 ) ) ;
#810 = CARTESIAN_POINT ( 'NONE',  ( 34.66588462533559323, 1.188101187500002043, 1.952148957314875467E-16 ) ) ;
#811 = CARTESIAN_POINT ( 'NONE',  ( 29.32213462738398491, -1.999999999999997780, -4.000000000000000000 ) ) ;
#812 = CARTESIAN_POINT ( 'NONE',  ( 1.320554750080271678, 5.000000002048381020, 3.188101187499972955 ) ) ;
#813 = VECTOR ( 'NONE', #3070, 1000.000000000000000 ) ;
#814 = CARTESIAN_POINT ( 'NONE',  ( -1.656854249492319298, -6.718750000000021316, 3.999999999999972911 ) ) ;
#815 = CARTESIAN_POINT ( 'NONE',  ( 47.41588462738398135, -0.3431457505076286330, -4.000000000000011546 ) ) ;
#816 = ADVANCED_FACE ( 'NONE', ( #2208 ), #4469, .T. ) ;
#817 = CARTESIAN_POINT ( 'NONE',  ( 36.25963462533560744, -0.6794452499197283224, -3.188101187499999600 ) ) ;
#818 = PERSON_AND_ORGANIZATION ( #6710, #6828 ) ;
#819 = CARTESIAN_POINT ( 'NONE',  ( 29.79088462533560033, -5.188101187499998268, -5.856446871944625661E-16 ) ) ;
#820 = CARTESIAN_POINT ( 'NONE',  ( 25.66588462738398135, -3.656854249492381914, 3.999999999999999112 ) ) ;
#821 = CARTESIAN_POINT ( 'NONE',  ( 34.85338462533560744, 0.2543279687901370267, 2.254327968790135195 ) ) ;
#822 = CARTESIAN_POINT ( 'NONE',  ( 33.07213462328721221, -4.828427124746188959, 2.828427124746189403 ) ) ;
#823 = CARTESIAN_POINT ( 'NONE',  ( 47.69713462533560744, -3.320554750080268569, -3.188101187500000488 ) ) ;
#824 = EDGE_LOOP ( 'NONE', ( #3593, #5573, #6865, #5733 ) ) ;
#825 = B_SPLINE_CURVE_WITH_KNOTS ( 'NONE', 3,
 ( #6087, #4901, #4940, #4272, #1588, #5579, #7139, #432, #2761, #7218, #318, #7181, #5976, #2599, #2116, #5461, #4311, #2716, #6611, #2007, #5538, #4379, #6651 ),
 .UNSPECIFIED., .F., .F.,
 ( 4, 2, 2, 2, 2, 2, 2, 1, 2, 2, 2, 4 ),
 ( 0.04384025775400558073, 0.04541358175918317613, 0.04620024376177197384, 0.04698690576436077154, 0.04856022976953836695, 0.05013355377471596236, 0.05092021577730476006, 0.05170687777989355777, 0.05249353978248235547, 0.05328020178507114624, 0.05485352579024874164, 0.05642684979542633011 ),
 .UNSPECIFIED. ) ;
#826 = CARTESIAN_POINT ( 'NONE',  ( 37.47838462328721931, -3.656854249492381914, 3.999999999999999112 ) ) ;
#827 = ORIENTED_EDGE ( 'NONE', *, *, #716, .T. ) ;
#828 = EDGE_LOOP ( 'NONE', ( #6292, #5378, #5212, #6481 ) ) ;
#829 = CARTESIAN_POINT ( 'NONE',  ( 46.29088462533560033, -5.188101187499998268, -5.856446871944625661E-16 ) ) ;
#830 = CARTESIAN_POINT ( 'NONE',  ( 2.254327968790173387, -8.406249997951618980, 2.254327968790115655 ) ) ;
#831 = CARTESIAN_POINT ( 'NONE',  ( 47.97838462328721931, -3.656854249492368147, 4.000000000000012434 ) ) ;
#832 = CARTESIAN_POINT ( 'NONE',  ( 3.188101187500004041, -0.7187499979516139836, -3.904297914629718393E-16 ) ) ;
#833 = CARTESIAN_POINT ( 'NONE',  ( 27.82213462328720865, 0.8284271247461921783, -2.828427124746189847 ) ) ;
#834 = VECTOR ( 'NONE', #2490, 1000.000000000000227 ) ;
#835 = CARTESIAN_POINT ( 'NONE',  ( -1.656854249492355491, 3.781249999999980904, 3.999999999999972911 ) ) ;
#836 = CARTESIAN_POINT ( 'NONE',  ( -2.828427124746125010, -5.499999995903245065, -2.828427124746171639 ) ) ;
#837 = CARTESIAN_POINT ( 'NONE',  ( 4.000000000000002665, -10.00000000000001243, 0.000000000000000000 ) ) ;
#838 = CARTESIAN_POINT ( 'NONE',  ( 45.07213462738398846, -1.999999999999998224, 4.000000000000000000 ) ) ;
#839 = DIRECTION ( 'NONE',  ( 0.000000000000000000, 0.000000000000000000, 1.000000000000000000 ) ) ;
#840 = ORIENTED_EDGE ( 'NONE', *, *, #2595, .F. ) ;
#841 = CARTESIAN_POINT ( 'NONE',  ( -3.188101187499938760, -1.749999997951635633, 1.320554750080261019 ) ) ;
#842 = CARTESIAN_POINT ( 'NONE',  ( 27.44713462533560033, -0.6794452499197284334, 3.188101187500000488 ) ) ;
#843 = CARTESIAN_POINT ( 'NONE',  ( 2.254327968790138748, 1.718750002048383907, 2.254327968790115655 ) ) ;
#844 = EDGE_LOOP ( 'NONE', ( #2581, #792, #3630 ) ) ;
#845 = CARTESIAN_POINT ( 'NONE',  ( 30.91588462328721221, 2.000000000000001776, -1.656854249492380138 ) ) ;
#846 = VECTOR ( 'NONE', #869, 1000.000000000000000 ) ;
#847 = CARTESIAN_POINT ( 'NONE',  ( 31.75963462533559678, 1.188101187500001599, 1.320554750080270123 ) ) ;
#848 = CARTESIAN_POINT ( 'NONE',  ( 42.07213462533559323, -3.320554750080268569, -3.188101187500000488 ) ) ;
#849 = CARTESIAN_POINT ( 'NONE',  ( 36.44713462533560033, -0.6794452499197284334, 3.188101187500000044 ) ) ;
#850 = CARTESIAN_POINT ( 'NONE',  ( 1.656854249492427655, -8.781249995903230854, -3.999999999999974243 ) ) ;
#851 = CARTESIAN_POINT ( 'NONE',  ( 1.594011603008238964, -8.843027048847000415, 2.760999129140405906 ) ) ;
#852 = ADVANCED_FACE ( 'NONE', ( #2128 ), #445, .F. ) ;
#853 = CARTESIAN_POINT ( 'NONE',  ( 2.828427124746215160, -4.562500000000006217, -2.828427124746171639 ) ) ;
#854 = CARTESIAN_POINT ( 'NONE',  ( 41.32213462738398846, -1.999999999999997780, -4.000000000000000000 ) ) ;
#855 = CARTESIAN_POINT ( 'NONE',  ( 39.25963462533560744, -0.6794452499197283224, -3.188101187499999600 ) ) ;
#856 = PERSON_AND_ORGANIZATION_ROLE ( 'creator' ) ;
#857 = CARTESIAN_POINT ( 'NONE',  ( 27.44713462738398491, -5.999999999999998224, -7.347880794884119736E-16 ) ) ;
#858 = CARTESIAN_POINT ( 'NONE',  ( 40.47838462533560033, 0.2543279687901370267, -2.254327968790134751 ) ) ;
#859 = FACE_BOUND ( 'NONE', #2200, .T. ) ;
#860 = CARTESIAN_POINT ( 'NONE',  ( 46.75963462533560744, 1.188101187500001599, 1.320554750080270123 ) ) ;
#861 = ORIENTED_EDGE ( 'NONE', *, *, #1621, .F. ) ;
#862 = CARTESIAN_POINT ( 'NONE',  ( 39.72838462328721221, -0.3431457505076173642, -4.000000000000000000 ) ) ;
#863 = ORIENTED_EDGE ( 'NONE', *, *, #2483, .F. ) ;
#864 = VERTEX_POINT ( 'NONE', #4391 ) ;
#865 = CARTESIAN_POINT ( 'NONE',  ( 44.97838462533560744, -4.254327968790132530, -2.254327968790135195 ) ) ;
#866 = CARTESIAN_POINT ( 'NONE',  ( 3.999999999999977351, 7.343749999999999112, -1.656854249492369924 ) ) ;
#867 = CARTESIAN_POINT ( 'NONE',  ( 47.88463462328721221, -1.999999999999998224, 4.000000000000000000 ) ) ;
#868 = CARTESIAN_POINT ( 'NONE',  ( 2.254327968790150738, -2.031249997951616759, -2.254327968790116099 ) ) ;
#869 = DIRECTION ( 'NONE',  ( -1.000000000000000000, -0.000000000000000000, -0.000000000000000000 ) ) ;
#870 = CARTESIAN_POINT ( 'NONE',  ( 3.999999999999998224, 1.249999999999999334, -4.898587196589381274E-16 ) ) ;
#871 = CARTESIAN_POINT ( 'NONE',  ( 27.16588462738398491, -3.656854249492381914, 3.999999999999999112 ) ) ;
#872 = DIRECTION ( 'NONE',  ( -1.000000000000000000, -3.469446951953636671E-15, 0.000000000000000000 ) ) ;
#873 =( BOUNDED_CURVE ( )  B_SPLINE_CURVE ( 2, ( #4579, #1276, #191, #1157, #6861, #1758, #2438, #3564, #6408 ),
 .UNSPECIFIED., .F., .T. ) 
 B_SPLINE_CURVE_WITH_KNOTS ( ( 3, 2, 2, 2, 3 ),
 ( 0.4375000000000000000, 0.4453125000000000000, 0.4531250000000000000, 0.4609375000000000555, 0.4687500000000000555 ),
 .UNSPECIFIED. ) 
 CURVE ( )  GEOMETRIC_REPRESENTATION_ITEM ( )  RATIONAL_B_SPLINE_CURVE ( ( 1.000000000000000000, 0.9238795325112867385, 1.000000000000000000, 0.9238795325112867385, 1.000000000000000000, 0.9238795325112867385, 1.000000000000000000, 0.9238795325112861834, 1.000000000000000444 ) ) 
 REPRESENTATION_ITEM ( '' )  );
#874 = DIRECTION ( 'NONE',  ( 1.000000000000000000, 0.000000000000000000, 0.000000000000000000 ) ) ;
#875 = ORIENTED_EDGE ( 'NONE', *, *, #5449, .F. ) ;
#876 = CARTESIAN_POINT ( 'NONE',  ( -1.320554750080223494, -2.124999997951629194, -3.188101187499973843 ) ) ;
#877 = CARTESIAN_POINT ( 'NONE',  ( 2.828427124746180521, 5.750000004096775363, 2.828427124746171195 ) ) ;
#878 = CARTESIAN_POINT ( 'NONE',  ( 29.60338462328720865, 2.000000000000001776, 1.656854249492381026 ) ) ;
#879 = CARTESIAN_POINT ( 'NONE',  ( -2.254327968790086345, -0.5312499979516329685, -2.254327968790116099 ) ) ;
#880 = CARTESIAN_POINT ( 'NONE',  ( 4.000000000000004441, -0.3437500000000020539, 1.656854249492369036 ) ) ;
#881 = CARTESIAN_POINT ( 'NONE',  ( 34.47838462533560033, 0.2543279687901365826, -2.254327968790134307 ) ) ;
#882 = VECTOR ( 'NONE', #4479, 1000.000000000000000 ) ;
#883 = CARTESIAN_POINT ( 'NONE',  ( 41.04088462533560033, 1.188101187500001599, 1.952148957314875220E-16 ) ) ;
#884 = CARTESIAN_POINT ( 'NONE',  ( 34.19713462533559323, -3.320554750080268569, -3.188101187500000933 ) ) ;
#885 = CARTESIAN_POINT ( 'NONE',  ( -3.999999999999917843, -8.312499995903250394, 0.000000000000000000 ) ) ;
#886 = CARTESIAN_POINT ( 'NONE',  ( 46.29088462738398846, 2.000000000000001776, 1.656854249492380804 ) ) ;
#887 = CARTESIAN_POINT ( 'NONE',  ( 1.656854249492412778, -4.468750000000010658, -3.999999999999974243 ) ) ;
#888 = CARTESIAN_POINT ( 'NONE',  ( 43.38463462328721221, -1.999999999999998224, 4.000000000000000000 ) ) ;
#889 = CARTESIAN_POINT ( 'NONE',  ( 36.35338462533560744, 0.2543279687901365826, -2.254327968790134307 ) ) ;
#890 = PERSON_AND_ORGANIZATION_ROLE ( 'design_supplier' ) ;
#891 = CARTESIAN_POINT ( 'NONE',  ( 26.41588462738398491, -0.3431457505076173642, -4.000000000000000000 ) ) ;
#892 = CARTESIAN_POINT ( 'NONE',  ( 35.88463462533560033, -0.6794452499197279893, -3.188101187500000488 ) ) ;
#893 = FACE_OUTER_BOUND ( 'NONE', #6976, .T. ) ;
#894 = CARTESIAN_POINT ( 'NONE',  ( 47.04088462533560033, -1.999999999999998224, 3.188101187500000044 ) ) ;
#895 = VERTEX_POINT ( 'NONE', #4992 ) ;
#896 = CARTESIAN_POINT ( 'NONE',  ( 37.66588462328721221, -5.999999999999997335, 1.656854249492381248 ) ) ;
#897 = ORIENTED_EDGE ( 'NONE', *, *, #5905, .F. ) ;
#898 = ORIENTED_EDGE ( 'NONE', *, *, #6153, .T. ) ;
#899 = CARTESIAN_POINT ( 'NONE',  ( 45.25963462533560744, -0.6794452499197282114, -3.188101187500000044 ) ) ;
#900 = CARTESIAN_POINT ( 'NONE',  ( -2.828427124746160093, 4.812499999999975131, -2.828427124746171639 ) ) ;
#901 = CARTESIAN_POINT ( 'NONE',  ( -3.188101187499953859, 2.750000002048364589, 1.320554750080261019 ) ) ;
#902 = CARTESIAN_POINT ( 'NONE',  ( 3.188101187500021361, -5.312499997951615427, 1.320554750080258577 ) ) ;
#903 = DIRECTION ( 'NONE',  ( 0.000000000000000000, 0.000000000000000000, 1.000000000000000000 ) ) ;
#904 =( BOUNDED_CURVE ( )  B_SPLINE_CURVE ( 2, ( #2080, #4420, #3832, #6575, #4346, #1506, #1471, #6695, #3194 ),
 .UNSPECIFIED., .F., .T. ) 
 B_SPLINE_CURVE_WITH_KNOTS ( ( 3, 2, 2, 2, 3 ),
 ( 0.7500000000000000000, 0.7578125000000000000, 0.7656250000000000000, 0.7734375000000000000, 0.7812500000000000000 ),
 .UNSPECIFIED. ) 
 CURVE ( )  GEOMETRIC_REPRESENTATION_ITEM ( )  RATIONAL_B_SPLINE_CURVE ( ( 1.000000000000000000, 0.9238795325112867385, 1.000000000000000000, 0.9238795325112867385, 1.000000000000000000, 0.9238795325112867385, 1.000000000000000000, 0.9238795325112867385, 1.000000000000000000 ) ) 
 REPRESENTATION_ITEM ( '' )  );
#905 = CARTESIAN_POINT ( 'NONE',  ( -3.999999999999941824, -0.9062500000000285327, 1.656854249492372588 ) ) ;
#906 = ADVANCED_FACE ( 'NONE', ( #6745 ), #4873, .F. ) ;
#907 = LINE ( 'NONE', #1963, #3613 ) ;
#908 = DIRECTION ( 'NONE',  ( -1.000000000000000000, -0.000000000000000000, -0.000000000000000000 ) ) ;
#909 = ORIENTED_EDGE ( 'NONE', *, *, #5361, .F. ) ;
#910 = CARTESIAN_POINT ( 'NONE',  ( -2.254327968790061032, -7.656249997951634079, 2.254327968790116543 ) ) ;
#911 = CARTESIAN_POINT ( 'NONE',  ( -3.999999999999963585, 5.093750004096750494, -1.656854249492369702 ) ) ;
#912 = CARTESIAN_POINT ( 'NONE',  ( 0.000000000000000000, 8.201801801801801517, 0.000000000000000000 ) ) ;
#913 = CARTESIAN_POINT ( 'NONE',  ( 33.91588462328720510, 2.000000000000001776, -1.656854249492380360 ) ) ;
#914 = CARTESIAN_POINT ( 'NONE',  ( -1.320554750080228601, -0.6249999979516295268, -3.188101187499973843 ) ) ;
#915 = CARTESIAN_POINT ( 'NONE',  ( 2.828427124746225818, -7.562500000000007105, -2.828427124746171639 ) ) ;
#916 = CARTESIAN_POINT ( 'NONE',  ( 2.828427124746202281, -0.4375000000000038858, 2.828427124746171195 ) ) ;
#917 =( BOUNDED_CURVE ( )  B_SPLINE_CURVE ( 2, ( #5322, #6627, #1522, #3806, #3063, #218, #2500, #4769, #7045 ),
 .UNSPECIFIED., .F., .F. ) 
 B_SPLINE_CURVE_WITH_KNOTS ( ( 3, 2, 2, 2, 3 ),
 ( 0.000000000000000000, 0.007812500000000005204, 0.01562500000000001041, 0.02343750000000001388, 0.03125000000000002082 ),
 .UNSPECIFIED. ) 
 CURVE ( )  GEOMETRIC_REPRESENTATION_ITEM ( )  RATIONAL_B_SPLINE_CURVE ( ( 1.000000000000000000, 0.9238795325112867385, 1.000000000000000000, 0.9238795325112867385, 1.000000000000000000, 0.9238795325112867385, 1.000000000000000000, 0.9238795325112865164, 1.000000000000000222 ) ) 
 REPRESENTATION_ITEM ( '' )  );
#918 = CARTESIAN_POINT ( 'NONE',  ( 32.97838462533560033, 0.2543279687901365826, -2.254327968790134307 ) ) ;
#919 = CARTESIAN_POINT ( 'NONE',  ( 36.63463462533560033, 1.188101187500001599, 1.320554750080270123 ) ) ;
#920 = CARTESIAN_POINT ( 'NONE',  ( -1.656854249492319298, -6.718750000000021316, 3.999999999999972911 ) ) ;
#921 = CARTESIAN_POINT ( 'NONE',  ( 31.94713462533560744, -0.6794452499197284334, 3.188101187500000044 ) ) ;
#922 = CARTESIAN_POINT ( 'NONE',  ( 32.50963462738398846, 0.8284271247461921783, -2.828427124746189847 ) ) ;
#923 = CARTESIAN_POINT ( 'NONE',  ( 30.07213462738398491, -1.999999999999998224, 4.000000000000000000 ) ) ;
#924 = CARTESIAN_POINT ( 'NONE',  ( 2.828427124746216492, -4.749999995903225525, 2.828427124746171195 ) ) ;
#925 = APPROVAL ( #6326, 'UNSPECIFIED' ) ;
#926 = CARTESIAN_POINT ( 'NONE',  ( 47.50963462738398846, 0.8284271247461921783, -2.828427124746189847 ) ) ;
#927 = CARTESIAN_POINT ( 'NONE',  ( 35.04088462533560033, 1.188101187500001599, 1.952148957314875220E-16 ) ) ;
#928 = APPLICATION_PROTOCOL_DEFINITION ( 'international standard', 'config_control_design', 1994, #6108 ) ;
#929 = CARTESIAN_POINT ( 'NONE',  ( 30.72838462738399201, -3.656854249492377917, -4.000000000000000888 ) ) ;
#930 = CARTESIAN_POINT ( 'NONE',  ( 36.35338462533560744, 0.2543279687901370267, 2.254327968790135195 ) ) ;
#931 = CARTESIAN_POINT ( 'NONE',  ( 32.88463462328721221, -1.999999999999998224, 4.000000000000000000 ) ) ;
#932 = CARTESIAN_POINT ( 'NONE',  ( 46.47838462533560033, 0.2543279687901365826, -2.254327968790134307 ) ) ;
#933 = ORIENTED_EDGE ( 'NONE', *, *, #202, .F. ) ;
#934 = CARTESIAN_POINT ( 'NONE',  ( 40.66588462328721931, -5.999999999999997335, 1.656854249492381248 ) ) ;
#935 = EDGE_CURVE ( 'NONE', #2024, #2524, #7248, .T. ) ;
#936 = VERTEX_POINT ( 'NONE', #2662 ) ;
#937 = CARTESIAN_POINT ( 'NONE',  ( 45.16588462533560744, -1.999999999999997780, -3.188101187500000044 ) ) ;
#938 = CARTESIAN_POINT ( 'NONE',  ( -3.188101187499959188, 4.062500002048365033, -1.320554750080259021 ) ) ;
#939 = DIRECTION ( 'NONE',  ( -1.000000000000000000, -0.000000000000000000, -0.000000000000000000 ) ) ;
#940 = CARTESIAN_POINT ( 'NONE',  ( 26.41588462738398491, -0.3431457505076174197, -4.000000000000000000 ) ) ;
#941 = CARTESIAN_POINT ( 'NONE',  ( 49.66588462533560033, -1.999999999999997780, -3.188101187500000044 ) ) ;
#942 = CARTESIAN_POINT ( 'NONE',  ( 45.16588462328721221, -5.999999999999997335, 1.656854249492381248 ) ) ;
#943 = CARTESIAN_POINT ( 'NONE',  ( 13.64324335175897396, 5.284467628449919019, -3.317461178276646550 ) ) ;
#944 = VERTEX_POINT ( 'NONE', #2142 ) ;
#945 = CARTESIAN_POINT ( 'NONE',  ( 3.188101187500020917, -5.593749997951614539, -3.904297914629718393E-16 ) ) ;
#946 = CARTESIAN_POINT ( 'NONE',  ( 3.999999999999981792, 5.937500004096780692, -4.898587196589381274E-16 ) ) ;
#947 = CARTESIAN_POINT ( 'NONE',  ( 42.82213462738398846, -1.999999999999997780, -4.000000000000000000 ) ) ;
#948 = CARTESIAN_POINT ( 'NONE',  ( 28.75963462328720865, -5.999999999999998224, -7.347880794884119736E-16 ) ) ;
#949 = ADVANCED_FACE ( 'NONE', ( #6193 ), #6719, .T. ) ;
#950 = CARTESIAN_POINT ( 'NONE',  ( -2.254327968790086789, -0.1562499979516325799, 2.254327968790116543 ) ) ;
#951 = ORGANIZATION ( 'NAUO-ORG1', 'UNSPECIFIED', 'UNSPECIFIED' ) ;
#952 = CARTESIAN_POINT ( 'NONE',  ( 3.999999999999992450, 2.937500004096779360, -4.898587196589381274E-16 ) ) ;
#953 = CARTESIAN_POINT ( 'NONE',  ( 3.101291612348216828E-14, -0.6250000000000144329, 3.999999999999974243 ) ) ;
#954 = CARTESIAN_POINT ( 'NONE',  ( 33.25963462533560033, 1.188101187500001599, 1.320554750080270123 ) ) ;
#955 = CARTESIAN_POINT ( 'NONE',  ( 34.29088462533559323, -5.188101187499998268, -5.856446871944625661E-16 ) ) ;
#956 = CARTESIAN_POINT ( 'NONE',  ( 4.000000000000025757, -6.343750000000002665, 1.656854249492369036 ) ) ;
#957 = CYLINDRICAL_SURFACE ( 'NONE', #4056, 3.999999999999974243 ) ;
#958 = CYLINDRICAL_SURFACE ( 'NONE', #1094, 4.000000000000000000 ) ;
#959 = CARTESIAN_POINT ( 'NONE',  ( -3.188101187499949862, 1.625000002048364367, 1.320554750080261019 ) ) ;
#960 = EDGE_CURVE ( 'NONE', #337, #2024, #6679, .T. ) ;
#961 = CARTESIAN_POINT ( 'NONE',  ( 4.000000000000013323, -3.062499995903221528, -4.898587196589381274E-16 ) ) ;
#962 = CARTESIAN_POINT ( 'NONE',  ( 3.999999999971772802, 2.937311127680351408, 1.031579682754140229E-05 ) ) ;
#963 = DIRECTION ( 'NONE',  ( -1.000000000000000000, -0.000000000000000000, -0.000000000000000000 ) ) ;
#964 = CARTESIAN_POINT ( 'NONE',  ( 38.69713462533560033, -5.188101187499998268, 1.320554750080270345 ) ) ;
#965 = CARTESIAN_POINT ( 'NONE',  ( 28.94713462533560389, -0.6794452499197284334, 3.188101187499999600 ) ) ;
#966 = CARTESIAN_POINT ( 'NONE',  ( 46.57213462533560033, 1.188101187500002043, -1.320554750080270123 ) ) ;
#967 = CARTESIAN_POINT ( 'NONE',  ( 35.69713462533560033, -3.320554750080268125, -3.188101187500001377 ) ) ;
#968 = CARTESIAN_POINT ( 'NONE',  ( 2.828427124746215160, -4.562500000000006217, -2.828427124746171639 ) ) ;
#969 = CARTESIAN_POINT ( 'NONE',  ( 42.72838462533560744, -4.254327968790133419, 2.254327968790133863 ) ) ;
#970 = CARTESIAN_POINT ( 'NONE',  ( 39.44713462328720510, -4.828427124746188959, -2.828427124746190735 ) ) ;
#971 = ORIENTED_EDGE ( 'NONE', *, *, #3221, .T. ) ;
#972 = ORIENTED_EDGE ( 'NONE', *, *, #5399, .F. ) ;
#973 = PERSON_AND_ORGANIZATION ( #6710, #6828 ) ;
#974 = CARTESIAN_POINT ( 'NONE',  ( 41.04088462533560033, 1.188101187500001599, 1.952148957314875220E-16 ) ) ;
#975 = CARTESIAN_POINT ( 'NONE',  ( 44.04088462738399556, -5.999999999999997335, -1.656854249492382580 ) ) ;
#976 = CARTESIAN_POINT ( 'NONE',  ( -3.188101187499969846, 7.156250002048365033, 0.000000000000000000 ) ) ;
#977 = CARTESIAN_POINT ( 'NONE',  ( 3.188101187500030687, -8.312499997951615427, 1.320554750080258577 ) ) ;
#978 = CARTESIAN_POINT ( 'NONE',  ( 2.167196673532726447E-14, 1.812500004096765371, -3.999999999999974243 ) ) ;
#979 = CARTESIAN_POINT ( 'NONE',  ( -1.320554750080237483, 1.812500002048371694, 3.188101187499973399 ) ) ;
#980 = LOCAL_TIME ( 2, 47, 55.00000000000000000, #176 ) ;
#981 = CARTESIAN_POINT ( 'NONE',  ( 49.94713462533560744, 1.188101187500001599, -1.320554750080269679 ) ) ;
#982 = PLANE ( 'NONE',  #5165 ) ;
#983 = CARTESIAN_POINT ( 'NONE',  ( -1.656854249492347719, 1.718749999999979794, -3.999999999999974243 ) ) ;
#984 = EDGE_CURVE ( 'NONE', #4648, #5080, #138, .T. ) ;
#985 = EDGE_LOOP ( 'NONE', ( #3516, #4303, #694, #6780 ) ) ;
#986 = CARTESIAN_POINT ( 'NONE',  ( 1.320554750080315864, -8.312499997951620756, -3.188101187499973843 ) ) ;
#987 = VECTOR ( 'NONE', #6643, 1000.000000000000000 ) ;
#988 = CARTESIAN_POINT ( 'NONE',  ( 41.60338462738399556, 2.000000000000001776, -1.656854249492380138 ) ) ;
#989 = CARTESIAN_POINT ( 'NONE',  ( 32.88463462328721221, -1.999999999999998224, 4.000000000000000000 ) ) ;
#990 = CARTESIAN_POINT ( 'NONE',  ( -1.320554750080215944, -4.562499997951628750, 3.188101187499973399 ) ) ;
#991 = CARTESIAN_POINT ( 'NONE',  ( -3.999999999999958256, 3.593750004096751383, -1.656854249492369702 ) ) ;
#992 = CARTESIAN_POINT ( 'NONE',  ( 4.000000000000003553, -0.2500000000000019429, -4.898587196589381274E-16 ) ) ;
#993 = CARTESIAN_POINT ( 'NONE',  ( 33.07213462533560744, 1.188101187500001599, -1.320554750080269679 ) ) ;
#994 = CARTESIAN_POINT ( 'NONE',  ( 32.60338462533560033, -4.254327968790133419, 2.254327968790133863 ) ) ;
#995 = CARTESIAN_POINT ( 'NONE',  ( 29.13463462533560033, 1.188101187500001599, 1.320554750080270123 ) ) ;
#996 = EDGE_LOOP ( 'NONE', ( #6421, #2658, #1413, #5217 ) ) ;
#997 = CARTESIAN_POINT ( 'NONE',  ( 1.656854249492423437, -7.468750000000011546, -3.999999999999974243 ) ) ;
#998 = CARTESIAN_POINT ( 'NONE',  ( 29.88463462533560033, -0.6794452499197279893, -3.188101187500000044 ) ) ;
#999 = CARTESIAN_POINT ( 'NONE',  ( 33.16588462738398135, -3.656854249492345499, 4.000000000000034639 ) ) ;
#1000 = CARTESIAN_POINT ( 'NONE',  ( -1.320554750080245254, 4.250000002048373027, -3.188101187499973399 ) ) ;
#1001 = CARTESIAN_POINT ( 'NONE',  ( -2.828427124746145882, 0.8750000040967558235, 2.828427124746172083 ) ) ;
#1002 = CARTESIAN_POINT ( 'NONE',  ( 2.828427124746196064, 1.250000004096775141, 2.828427124746171195 ) ) ;
#1003 = FACE_OUTER_BOUND ( 'NONE', #2023, .T. ) ;
#1004 = CARTESIAN_POINT ( 'NONE',  ( 25.88463462328721221, -1.999999999999998224, 4.000000000000000000 ) ) ;
#1005 = CARTESIAN_POINT ( 'NONE',  ( 34.19713462533559323, -5.188101187499998268, 1.320554750080270345 ) ) ;
#1006 = CARTESIAN_POINT ( 'NONE',  ( 27.35338462533560033, 0.2543279687901365826, 2.254327968790134751 ) ) ;
#1007 = EDGE_CURVE ( 'NONE', #7030, #6042, #101, .T. ) ;
#1008 = CARTESIAN_POINT ( 'NONE',  ( 44.50963462533560033, -5.188101187499998268, -1.320554750080271900 ) ) ;
#1009 = CARTESIAN_POINT ( 'NONE',  ( 31.94713462533560389, -0.6794452499197284334, 3.188101187500000488 ) ) ;
#1010 = CARTESIAN_POINT ( 'NONE',  ( -1.656854249492316633, -7.281250000000021316, -3.999999999999974243 ) ) ;
#1011 = CARTESIAN_POINT ( 'NONE',  ( 41.13463462533560033, -3.320554750080270345, 3.188101187499999156 ) ) ;
#1012 = CARTESIAN_POINT ( 'NONE',  ( 34.00963462328721221, 2.000000000000001776, 2.449293598294706414E-16 ) ) ;
#1013 = VERTEX_POINT ( 'NONE', #3749 ) ;
#1014 = CARTESIAN_POINT ( 'NONE',  ( 47.13463462328720510, -1.999999999999997780, -4.000000000000000000 ) ) ;
#1015 = CARTESIAN_POINT ( 'NONE',  ( 0.000000000000000000, 0.000000000000000000, 0.000000000000000000 ) ) ;
#1016 = CARTESIAN_POINT ( 'NONE',  ( 40.47838462533560033, -4.254327968790132530, -2.254327968790135195 ) ) ;
#1017 = CARTESIAN_POINT ( 'NONE',  ( 38.60338462738399556, 2.000000000000001776, -1.656854249492380360 ) ) ;
#1018 = CARTESIAN_POINT ( 'NONE',  ( -3.188101187499969846, 7.156250002048365033, 0.000000000000000000 ) ) ;
#1019 = CARTESIAN_POINT ( 'NONE',  ( 2.254327968790138748, 1.718750002048383907, 2.254327968790115655 ) ) ;
#1020 = CARTESIAN_POINT ( 'NONE',  ( 2.254327968790166281, -6.531249997951617203, -2.254327968790116099 ) ) ;
#1021 = PLANE ( 'NONE',  #5487 ) ;
#1022 = CARTESIAN_POINT ( 'NONE',  ( 2.254327968790121872, 6.593750002048384573, 2.254327968790115655 ) ) ;
#1023 = CARTESIAN_POINT ( 'NONE',  ( 50.22838462533560033, 0.2543279687901365826, 2.254327968790134751 ) ) ;
#1024 = CARTESIAN_POINT ( 'NONE',  ( 13.74772708486752038, 6.000000000000010658, 0.000000000000000000 ) ) ;
#1025 = CARTESIAN_POINT ( 'NONE',  ( 50.88463462328721221, -1.999999999999997780, -4.000000000000000000 ) ) ;
#1026 = CARTESIAN_POINT ( 'NONE',  ( 4.404879231362890255E-14, -4.468749997951625197, 3.188101187499973399 ) ) ;
#1027 = FACE_OUTER_BOUND ( 'NONE', #3015, .T. ) ;
#1028 = CARTESIAN_POINT ( 'NONE',  ( 32.04088462328720510, -3.656854249492377917, -4.000000000000000888 ) ) ;
#1029 = CARTESIAN_POINT ( 'NONE',  ( 4.404879231362890255E-14, -4.468749997951625197, 3.188101187499973399 ) ) ;
#1030 = CARTESIAN_POINT ( 'NONE',  ( -0.3419581646510279627, -8.163479496034256044, 4.816231791929453721 ) ) ;
#1031 = CARTESIAN_POINT ( 'NONE',  ( -3.999999999999958256, 3.593750004096751383, -1.656854249492369702 ) ) ;
#1032 = CARTESIAN_POINT ( 'NONE',  ( 46.75963462328720510, -5.999999999999998224, -7.347880794884119736E-16 ) ) ;
#1033 = CARTESIAN_POINT ( 'NONE',  ( 34.19713462533559323, -5.188101187499998268, 1.320554750080270345 ) ) ;
#1034 = CARTESIAN_POINT ( 'NONE',  ( 31.38463462533559678, -5.188101187499997380, -1.320554750080271678 ) ) ;
#1035 = CARTESIAN_POINT ( 'NONE',  ( 28.38463462328720865, -1.999999999999998224, 4.000000000000000000 ) ) ;
#1036 = CARTESIAN_POINT ( 'NONE',  ( -1.656854249492358377, 4.906250004096761153, -3.999999999999974243 ) ) ;
#1037 = ORIENTED_EDGE ( 'NONE', *, *, #5821, .T. ) ;
#1038 = CARTESIAN_POINT ( 'NONE',  ( -2.828427124746124566, -5.312500000000025757, 2.828427124746172083 ) ) ;
#1039 = CARTESIAN_POINT ( 'NONE',  ( 28.66588462533559678, 1.188101187500002043, 1.952148957314875467E-16 ) ) ;
#1040 = CARTESIAN_POINT ( 'NONE',  ( 3.188101187499993827, 2.281250002048386794, -3.904297914629718393E-16 ) ) ;
#1041 = VECTOR ( 'NONE', #2589, 1000.000000000000000 ) ;
#1042 = CARTESIAN_POINT ( 'NONE',  ( -3.999999999999937828, -2.312499995903248617, 0.000000000000000000 ) ) ;
#1043 = ORIENTED_EDGE ( 'NONE', *, *, #5788, .T. ) ;
#1044 = CARTESIAN_POINT ( 'NONE',  ( -2.828427124746151211, 2.375000004096756268, 2.828427124746172083 ) ) ;
#1045 = CARTESIAN_POINT ( 'NONE',  ( 31.38463462328720865, -1.999999999999998224, 4.000000000000000000 ) ) ;
#1046 = CARTESIAN_POINT ( 'NONE',  ( 31.00963462533560033, -3.320554750080270345, 3.188101187499999156 ) ) ;
#1047 = CARTESIAN_POINT ( 'NONE',  ( 29.60338462533560033, -4.254327968790132530, -2.254327968790135195 ) ) ;
#1048 = CARTESIAN_POINT ( 'NONE',  ( 44.04088462533560744, -1.999999999999998224, 3.188101187500000488 ) ) ;
#1049 = CARTESIAN_POINT ( 'NONE',  ( 31.57213462533560744, 1.188101187500002043, -1.320554750080270123 ) ) ;
#1050 = CARTESIAN_POINT ( 'NONE',  ( -3.999999999999921840, -7.000000000000030198, 0.000000000000000000 ) ) ;
#1051 = CARTESIAN_POINT ( 'NONE',  ( 41.32213462533560033, -5.188101187499998268, 1.320554750080270345 ) ) ;
#1052 = CARTESIAN_POINT ( 'NONE',  ( 35.41588462328720510, 2.000000000000001776, -1.656854249492380360 ) ) ;
#1053 = ORIENTED_EDGE ( 'NONE', *, *, #2723, .F. ) ;
#1054 = CARTESIAN_POINT ( 'NONE',  ( 2.746051193499997223E-14, 0.1249999999999844985, -3.999999999999974243 ) ) ;
#1055 = CARTESIAN_POINT ( 'NONE',  ( 38.13463462533560033, 1.188101187500001599, 1.320554750080270123 ) ) ;
#1056 = CARTESIAN_POINT ( 'NONE',  ( 37.75963462738398846, -4.828427124746188959, 2.828427124746189403 ) ) ;
#1057 = CARTESIAN_POINT ( 'NONE',  ( 49.29088462533560033, -1.999999999999997780, -3.188101187500000488 ) ) ;
#1058 = CARTESIAN_POINT ( 'NONE',  ( 3.188101187500011591, -2.687499997951614095, 1.320554750080258577 ) ) ;
#1059 = CARTESIAN_POINT ( 'NONE',  ( 5.484502310194241947E-14, -7.843749997951626085, -3.188101187499973399 ) ) ;
#1060 = CARTESIAN_POINT ( 'NONE',  ( -2.828427124746160537, 5.187499999999975131, 2.828427124746172083 ) ) ;
#1061 = CARTESIAN_POINT ( 'NONE',  ( -1.320554750080240147, 2.750000002048372139, -3.188101187499973843 ) ) ;
#1062 = CARTESIAN_POINT ( 'NONE',  ( 28.00963462533560389, -3.320554750080270345, 3.188101187499999156 ) ) ;
#1063 = EDGE_CURVE ( 'NONE', #5626, #6257, #3117, .T. ) ;
#1064 = DIRECTION ( 'NONE',  ( -3.430248998885766570E-15, 1.000000000000000000, -0.000000000000000000 ) ) ;
#1065 = CARTESIAN_POINT ( 'NONE',  ( 13.62675626508320903, 5.172037544220950522, 3.554061328862552216 ) ) ;
#1066 = DIRECTION ( 'NONE',  ( -3.430248998885766570E-15, 1.000000000000000000, -0.000000000000000000 ) ) ;
#1067 = ORIENTED_EDGE ( 'NONE', *, *, #2629, .F. ) ;
#1068 = CARTESIAN_POINT ( 'NONE',  ( -3.188101187499923217, -6.249999997951635855, 1.320554750080261019 ) ) ;
#1069 = CARTESIAN_POINT ( 'NONE',  ( 43.47838462328721221, -3.656854249492390352, 3.999999999999989786 ) ) ;
#1070 = DIRECTION ( 'NONE',  ( -3.430248998885766570E-15, 1.000000000000000000, -0.000000000000000000 ) ) ;
#1071 = CARTESIAN_POINT ( 'NONE',  ( -1.656854249492338171, -1.093749995903241734, -3.999999999999974243 ) ) ;
#1072 = CARTESIAN_POINT ( 'NONE',  ( 50.88463462328721221, -1.999999999999998224, 0.000000000000000000 ) ) ;
#1073 = CARTESIAN_POINT ( 'NONE',  ( 34.47838462533560033, -4.254327968790132530, -2.254327968790135195 ) ) ;
#1074 = CARTESIAN_POINT ( 'NONE',  ( 1.656854249492396125, 1.156250004096771589, 3.999999999999973355 ) ) ;
#1075 = EDGE_LOOP ( 'NONE', ( #1569, #2968, #167, #6568 ) ) ;
#1076 = CARTESIAN_POINT ( 'NONE',  ( 2.828427124746205390, -1.562500000000004885, -2.828427124746171639 ) ) ;
#1077 = CARTESIAN_POINT ( 'NONE',  ( 31.10338462533560033, -4.254327968790133419, -2.254327968790135639 ) ) ;
#1078 = CARTESIAN_POINT ( 'NONE',  ( -1.656854249492330178, -3.531249995903241956, 3.999999999999973355 ) ) ;
#1079 = CARTESIAN_POINT ( 'NONE',  ( 1.320554750080281892, 2.000000002048380576, 3.188101187499972955 ) ) ;
#1080 = CARTESIAN_POINT ( 'NONE',  ( -3.188101187499934763, -2.874999997951636743, 1.320554750080261019 ) ) ;
#1081 = CC_DESIGN_APPROVAL ( #2068, ( #1799 ) ) ;
#1082 = CARTESIAN_POINT ( 'NONE',  ( 4.000000000000017764, -4.562499995903221084, -4.898587196589381274E-16 ) ) ;
#1083 = LINE ( 'NONE', #5471, #3033 ) ;
#1084 = CARTESIAN_POINT ( 'NONE',  ( 33.35338462533560033, 0.2543279687901365826, -2.254327968790134307 ) ) ;
#1085 = CARTESIAN_POINT ( 'NONE',  ( 30.16588462533560033, 1.188101187500001599, 1.952148957314875220E-16 ) ) ;
#1086 = CARTESIAN_POINT ( 'NONE',  ( 44.41588462533560744, -5.188101187499998268, -5.856446871944625661E-16 ) ) ;
#1087 = CARTESIAN_POINT ( 'NONE',  ( 30.91588462533560033, -5.188101187499998268, -5.856446871944625661E-16 ) ) ;
#1088 = CARTESIAN_POINT ( 'NONE',  ( 50.88463462328721221, -1.999999999999997780, -4.000000000000000000 ) ) ;
#1089 = ADVANCED_FACE ( 'NONE', ( #2556 ), #1958, .F. ) ;
#1090 = CARTESIAN_POINT ( 'NONE',  ( 39.82213462533560033, -5.188101187499998268, 1.320554750080270345 ) ) ;
#1091 =( BOUNDED_CURVE ( )  B_SPLINE_CURVE ( 2, ( #582, #549, #3355, #4574, #7338, #5660, #1186, #3474, #5174 ),
 .UNSPECIFIED., .F., .F. ) 
 B_SPLINE_CURVE_WITH_KNOTS ( ( 3, 2, 2, 2, 3 ),
 ( 0.1874999999999998335, 0.1953124999999998335, 0.2031249999999998335, 0.2109374999999998612, 0.2187499999999998612 ),
 .UNSPECIFIED. ) 
 CURVE ( )  GEOMETRIC_REPRESENTATION_ITEM ( )  RATIONAL_B_SPLINE_CURVE ( ( 1.000000000000001554, 0.9238795325112850731, 1.000000000000000000, 0.9238795325112867385, 1.000000000000000000, 0.9238795325112867385, 1.000000000000000000, 0.9238795325112880708, 0.9999999999999986677 ) ) 
 REPRESENTATION_ITEM ( '' )  );
#1092 = ORIENTED_EDGE ( 'NONE', *, *, #6833, .F. ) ;
#1093 = DIRECTION ( 'NONE',  ( -1.000000000000000000, -0.000000000000000000, -0.000000000000000000 ) ) ;
#1094 = AXIS2_PLACEMENT_3D ( 'NONE', #2844, #3799, #6177 ) ;
#1095 = APPROVAL_STATUS ( 'not_yet_approved' ) ;
#1096 = CARTESIAN_POINT ( 'NONE',  ( 41.32213462533560033, -0.6794452499197284334, 3.188101187500000044 ) ) ;
#1097 = CARTESIAN_POINT ( 'NONE',  ( 36.91588462738398135, -0.3431457505076173642, -4.000000000000000000 ) ) ;
#1098 = CARTESIAN_POINT ( 'NONE',  ( 48.44713462533560744, -0.6794452499197284334, 3.188101187500000488 ) ) ;
#1099 = CARTESIAN_POINT ( 'NONE',  ( -2.254327968790092118, 1.343750002048367920, 2.254327968790116543 ) ) ;
#1100 = CARTESIAN_POINT ( 'NONE',  ( 0.000000000000000000, 8.201801801801801517, 0.000000000000000000 ) ) ;
#1101 = CARTESIAN_POINT ( 'NONE',  ( 41.04088462328721221, -3.656854249492378806, -4.000000000000000888 ) ) ;
#1102 = CARTESIAN_POINT ( 'NONE',  ( 1.320554750080271678, 5.000000002048381020, 3.188101187499972955 ) ) ;
#1103 = CARTESIAN_POINT ( 'NONE',  ( 49.19713462328721221, 0.8284271247461921783, 2.828427124746190291 ) ) ;
#1104 = CARTESIAN_POINT ( 'NONE',  ( 43.10338462738398846, 2.000000000000001776, -1.656854249492380138 ) ) ;
#1105 = CARTESIAN_POINT ( 'NONE',  ( 13.34492395917385110, 3.270983311156027362, 6.040713075442629254 ) ) ;
#1106 = CARTESIAN_POINT ( 'NONE',  ( 35.13463462328721221, -1.999999999999997780, -4.000000000000000000 ) ) ;
#1107 = ADVANCED_FACE ( 'NONE', ( #6244 ), #3989, .T. ) ;
#1108 = ORIENTED_EDGE ( 'NONE', *, *, #6885, .F. ) ;
#1109 = CARTESIAN_POINT ( 'NONE',  ( 1.320554750080276563, 3.500000002048380132, 3.188101187499972955 ) ) ;
#1110 = CARTESIAN_POINT ( 'NONE',  ( 43.75963462328721221, -5.999999999999998224, -7.347880794884119736E-16 ) ) ;
#1111 = LOCAL_TIME ( 2, 47, 55.00000000000000000, #4210 ) ;
#1112 = PLANE ( 'NONE',  #1245 ) ;
#1113 = CARTESIAN_POINT ( 'NONE',  ( 4.000000000000002665, -0.06249999590322071613, -4.898587196589381274E-16 ) ) ;
#1114 = CARTESIAN_POINT ( 'NONE',  ( 3.999999999999992450, 2.937500004096779360, -4.898587196589381274E-16 ) ) ;
#1115 = CARTESIAN_POINT ( 'NONE',  ( 31.00963462533560033, -3.320554750080270345, 3.188101187499999156 ) ) ;
#1116 = DIRECTION ( 'NONE',  ( -1.000000000000000000, -0.000000000000000000, -0.000000000000000000 ) ) ;
#1117 = ORIENTED_EDGE ( 'NONE', *, *, #6032, .F. ) ;
#1118 = CARTESIAN_POINT ( 'NONE',  ( -2.828427124746134336, -2.312500000000026201, 2.828427124746172083 ) ) ;
#1119 = CARTESIAN_POINT ( 'NONE',  ( 28.38463462533560033, -0.6794452499197279893, -3.188101187500000044 ) ) ;
#1120 = CARTESIAN_POINT ( 'NONE',  ( 3.999999999986163957, -7.562632420862622773, 7.308513344557695501E-06 ) ) ;
#1121 = CARTESIAN_POINT ( 'NONE',  ( 2.397278211197051797E-14, 1.156250002048375469, -3.188101187499973399 ) ) ;
#1122 = CARTESIAN_POINT ( 'NONE',  ( 2.254327968790168502, -6.906249997951618091, 2.254327968790115655 ) ) ;
#1123 = CARTESIAN_POINT ( 'NONE',  ( 4.000000000000022204, -5.968749995903221972, -1.656854249492369924 ) ) ;
#1124 = CARTESIAN_POINT ( 'NONE',  ( 0.000000000000000000, 6.906008975156701091, 0.000000000000000000 ) ) ;
#1125 = CARTESIAN_POINT ( 'NONE',  ( 32.13463462533560033, 1.188101187500001599, 1.320554750080270123 ) ) ;
#1126 = CARTESIAN_POINT ( 'NONE',  ( 49.85338462533560033, 0.2543279687901365826, -2.254327968790134307 ) ) ;
#1127 = CARTESIAN_POINT ( 'NONE',  ( 45.91588462533560033, -5.188101187499998268, -5.856446871944625661E-16 ) ) ;
#1128 = CARTESIAN_POINT ( 'NONE',  ( 30.44713462533560389, -0.6794452499197284334, 3.188101187500000488 ) ) ;
#1129 = LINE ( 'NONE', #1088, #5954 ) ;
#1130 = CARTESIAN_POINT ( 'NONE',  ( 38.69713462533560033, -3.320554750080268569, -3.188101187500000488 ) ) ;
#1131 = AXIS2_PLACEMENT_3D ( 'NONE', #5053, #1064, #7169 ) ;
#1132 = VERTEX_POINT ( 'NONE', #7371 ) ;
#1133 = CARTESIAN_POINT ( 'NONE',  ( -3.999999999999927169, -5.500000000000029310, 0.000000000000000000 ) ) ;
#1134 = CARTESIAN_POINT ( 'NONE',  ( 42.54088462533560033, 1.188101187500001599, 1.952148957314875220E-16 ) ) ;
#1135 = CIRCLE ( 'NONE', #4694, 13.74772708486751682 ) ;
#1136 = CARTESIAN_POINT ( 'NONE',  ( 41.22838462738398135, -3.656854249492377917, -4.000000000000000888 ) ) ;
#1137 = CARTESIAN_POINT ( 'NONE',  ( 47.60338462533560033, -4.254327968790133419, -2.254327968790135639 ) ) ;
#1138 = CARTESIAN_POINT ( 'NONE',  ( -2.254327968790091674, 0.9687500020483675867, -2.254327968790116099 ) ) ;
#1139 = CARTESIAN_POINT ( 'NONE',  ( 49.47838462738400267, -0.3431457505076178638, 4.000000000000000000 ) ) ;
#1140 = CARTESIAN_POINT ( 'NONE',  ( 30.63463462328720865, -1.999999999999997780, -4.000000000000000000 ) ) ;
#1141 = CARTESIAN_POINT ( 'NONE',  ( 3.188101187499993827, 2.281250002048386794, -3.904297914629718393E-16 ) ) ;
#1142 = CARTESIAN_POINT ( 'NONE',  ( 44.50963462533560033, -3.320554750080270345, 3.188101187499999156 ) ) ;
#1143 = CARTESIAN_POINT ( 'NONE',  ( 34.94713462328720510, -4.828427124746188959, -2.828427124746190735 ) ) ;
#1144 = CARTESIAN_POINT ( 'NONE',  ( 36.54088462738400267, -5.999999999999997335, -1.656854249492382580 ) ) ;
#1145 = ORIENTED_EDGE ( 'NONE', *, *, #1314, .T. ) ;
#1146 = CARTESIAN_POINT ( 'NONE',  ( -3.188101187499960520, 4.437500002048365033, -1.320554750080258799 ) ) ;
#1147 = CARTESIAN_POINT ( 'NONE',  ( 39.44713462328720510, -4.828427124746188959, -2.828427124746190735 ) ) ;
#1148 = CARTESIAN_POINT ( 'NONE',  ( 27.07213462328720865, -4.828427124746188959, 2.828427124746189403 ) ) ;
#1149 = ADVANCED_FACE ( 'NONE', ( #1672 ), #1112, .F. ) ;
#1150 = CARTESIAN_POINT ( 'NONE',  ( -1.656854249492332620, -2.593749995903241068, -3.999999999999974243 ) ) ;
#1151 = CARTESIAN_POINT ( 'NONE',  ( 46.66588462328721221, -5.999999999999997335, 1.656854249492381248 ) ) ;
#1152 = CARTESIAN_POINT ( 'NONE',  ( 27.82213462533560389, -0.6794452499197284334, 3.188101187499999600 ) ) ;
#1153 = CARTESIAN_POINT ( 'NONE',  ( 1.138121973866996082E-14, 4.812500004096765593, -3.999999999999974243 ) ) ;
#1154 = VERTEX_POINT ( 'NONE', #4022 ) ;
#1155 = CARTESIAN_POINT ( 'NONE',  ( -1.656854249492332398, -2.781250000000021760, -3.999999999999974243 ) ) ;
#1156 = CARTESIAN_POINT ( 'NONE',  ( 1.320554750080273232, 4.625000002048380132, 3.188101187499972955 ) ) ;
#1157 = CARTESIAN_POINT ( 'NONE',  ( 38.79088462738398846, 2.000000000000001776, 1.656854249492380804 ) ) ;
#1158 = CARTESIAN_POINT ( 'NONE',  ( -3.188101187499930322, -4.374999997951636743, 1.320554750080261019 ) ) ;
#1159 = CARTESIAN_POINT ( 'NONE',  ( 1.320554750080303874, -4.937499997951620756, -3.188101187499973843 ) ) ;
#1160 = CARTESIAN_POINT ( 'NONE',  ( -2.254327968790112546, 6.968750002048368586, -2.254327968790116099 ) ) ;
#1161 = VERTEX_POINT ( 'NONE', #91 ) ;
#1162 = CARTESIAN_POINT ( 'NONE',  ( 29.04088462533560033, 1.188101187500001599, 1.952148957314875220E-16 ) ) ;
#1163 = CARTESIAN_POINT ( 'NONE',  ( 46.47838462533560033, -4.254327968790132530, -2.254327968790135195 ) ) ;
#1164 = CARTESIAN_POINT ( 'NONE',  ( 37.57213462533560033, 1.188101187500002043, -1.320554750080270123 ) ) ;
#1165 = CARTESIAN_POINT ( 'NONE',  ( 34.57213462533560033, 1.188101187500002043, -1.320554750080270123 ) ) ;
#1166 = CARTESIAN_POINT ( 'NONE',  ( 32.88463462328721221, -1.999999999999998224, 4.000000000000000000 ) ) ;
#1167 = CARTESIAN_POINT ( 'NONE',  ( 49.66588462328721221, -5.999999999999997335, 1.656854249492381248 ) ) ;
#1168 = CARTESIAN_POINT ( 'NONE',  ( 11.32774227980862314, -9.170683694842786338, 3.556716559114887932 ) ) ;
#1169 = PERSON_AND_ORGANIZATION ( #6710, #6828 ) ;
#1170 = CARTESIAN_POINT ( 'NONE',  ( 31.57213462533560744, -3.320554750080268125, -3.188101187500000933 ) ) ;
#1171 = CARTESIAN_POINT ( 'NONE',  ( 41.41588462738398135, -0.3431457505076173642, -4.000000000000000000 ) ) ;
#1172 = CARTESIAN_POINT ( 'NONE',  ( 46.85338462533560033, 0.2543279687901370267, 2.254327968790135195 ) ) ;
#1173 = CARTESIAN_POINT ( 'NONE',  ( -1.320554750080235928, 1.437500002048371472, 3.188101187499972955 ) ) ;
#1174 = CARTESIAN_POINT ( 'NONE',  ( 49.38463462738398846, 0.8284271247461921783, 2.828427124746190291 ) ) ;
#1175 = CARTESIAN_POINT ( 'NONE',  ( 4.000000000000008882, -1.750000000000001554, -4.898587196589381274E-16 ) ) ;
#1176 = EDGE_CURVE ( 'NONE', #1791, #1489, #4908, .T. ) ;
#1177 = CARTESIAN_POINT ( 'NONE',  ( -3.188101187499940092, -1.374999997951635189, 1.320554750080261019 ) ) ;
#1178 = CARTESIAN_POINT ( 'NONE',  ( 50.79088462328721221, -0.3431457505076178638, 4.000000000000000000 ) ) ;
#1179 = CARTESIAN_POINT ( 'NONE',  ( 44.69713462533560744, -5.188101187499998268, 1.320554750080270345 ) ) ;
#1180 = CARTESIAN_POINT ( 'NONE',  ( 13.74772708486752038, -1.999999999999998224, 0.000000000000000000 ) ) ;
#1181 = CARTESIAN_POINT ( 'NONE',  ( 0.000000000000000000, 8.201801801801801517, 0.000000000000000000 ) ) ;
#1182 = CARTESIAN_POINT ( 'NONE',  ( 2.254327968790135195, 2.468750002048383685, -2.254327968790116099 ) ) ;
#1183 = AXIS2_PLACEMENT_3D ( 'NONE', #4597, #1337, #3626 ) ;
#1184 = CARTESIAN_POINT ( 'NONE',  ( -2.254327968790060588, -8.031249997951634967, -2.254327968790116099 ) ) ;
#1185 = CARTESIAN_POINT ( 'NONE',  ( -2.828427124746130339, -3.624999995903245509, 2.828427124746172083 ) ) ;
#1186 = CARTESIAN_POINT ( 'NONE',  ( 44.50963462738398135, 0.8284271247461921783, -2.828427124746189847 ) ) ;
#1187 = CARTESIAN_POINT ( 'NONE',  ( 49.47838462738400267, -0.3431457505076178638, 4.000000000000000000 ) ) ;
#1188 = CARTESIAN_POINT ( 'NONE',  ( 50.88463462328721221, -1.999999999999997780, -4.000000000000000000 ) ) ;
#1189 = ORIENTED_EDGE ( 'NONE', *, *, #4131, .T. ) ;
#1190 = CARTESIAN_POINT ( 'NONE',  ( -1.320554750080249251, 5.375000002048373027, -3.188101187499973843 ) ) ;
#1191 = CARTESIAN_POINT ( 'NONE',  ( 3.426352910862781847E-14, -1.843749997951624531, -3.188101187499973399 ) ) ;
#1192 = CARTESIAN_POINT ( 'NONE',  ( -3.188101187499930322, -4.562499997951636743, -1.320554750080258799 ) ) ;
#1193 = B_SPLINE_CURVE_WITH_KNOTS ( 'NONE', 1,
 ( #1018, #570 ),
 .UNSPECIFIED., .F., .F.,
 ( 2, 2 ),
 ( 0.000000000000000000, 1.000000000000000000 ),
 .UNSPECIFIED. ) ;
#1194 = CARTESIAN_POINT ( 'NONE',  ( 1.656854249492416331, -4.843749995903229966, 3.999999999999972911 ) ) ;
#1195 = ORIENTED_EDGE ( 'NONE', *, *, #5658, .F. ) ;
#1196 = CARTESIAN_POINT ( 'NONE',  ( 28.29088462533560033, -5.188101187499998268, -5.856446871944625661E-16 ) ) ;
#1197 = CARTESIAN_POINT ( 'NONE',  ( 46.85338462533560033, 0.2543279687901365826, -2.254327968790134307 ) ) ;
#1198 = CARTESIAN_POINT ( 'NONE',  ( 40.57213462533560033, 1.188101187500002043, -1.320554750080270123 ) ) ;
#1199 = VECTOR ( 'NONE', #6723, 1000.000000000000000 ) ;
#1200 = CARTESIAN_POINT ( 'NONE',  ( 32.60338462328721221, 2.000000000000001776, 1.656854249492380804 ) ) ;
#1201 = ADVANCED_FACE ( 'NONE', ( #655 ), #5691, .F. ) ;
#1202 =( BOUNDED_CURVE ( )  B_SPLINE_CURVE ( 2, ( #2647, #4911, #1642, #7349, #444, #1689, #3919, #3328, #6180 ),
 .UNSPECIFIED., .F., .T. ) 
 B_SPLINE_CURVE_WITH_KNOTS ( ( 3, 2, 2, 2, 3 ),
 ( 0.3750000000000000000, 0.3828125000000000000, 0.3906250000000000000, 0.3984375000000000000, 0.4062500000000000000 ),
 .UNSPECIFIED. ) 
 CURVE ( )  GEOMETRIC_REPRESENTATION_ITEM ( )  RATIONAL_B_SPLINE_CURVE ( ( 1.000000000000000000, 0.9238795325112867385, 1.000000000000000000, 0.9238795325112867385, 1.000000000000000000, 0.9238795325112867385, 1.000000000000000000, 0.9238795325112867385, 1.000000000000000000 ) ) 
 REPRESENTATION_ITEM ( '' )  );
#1203 = DIRECTION ( 'NONE',  ( -3.430248998885765781E-15, 1.000000000000000000, -0.000000000000000000 ) ) ;
#1204 = CARTESIAN_POINT ( 'NONE',  ( 11.37155721493838278, -8.922041611129447602, 4.019238393919763119 ) ) ;
#1205 = CALENDAR_DATE ( 2026, 27, 9 ) ;
#1206 = CARTESIAN_POINT ( 'NONE',  ( 32.04088462533560033, 1.188101187500001599, 1.952148957314875220E-16 ) ) ;
#1207 = CARTESIAN_POINT ( 'NONE',  ( -1.656854249492368147, 7.718749999999980460, -3.999999999999974243 ) ) ;
#1208 = CARTESIAN_POINT ( 'NONE',  ( 36.07213462738398135, -1.999999999999998224, 4.000000000000000000 ) ) ;
#1209 = CARTESIAN_POINT ( 'NONE',  ( 43.19713462533560744, -3.320554750080268125, -3.188101187500001377 ) ) ;
#1210 = CARTESIAN_POINT ( 'NONE',  ( -1.320554750080213502, -5.124999997951629638, -3.188101187499973399 ) ) ;
#1211 = CARTESIAN_POINT ( 'NONE',  ( 36.91588462328719800, 2.000000000000001776, -1.656854249492380138 ) ) ;
#1212 = CARTESIAN_POINT ( 'NONE',  ( 3.247170194238943357E-14, -1.093749997951623865, 3.188101187499973399 ) ) ;
#1213 = CARTESIAN_POINT ( 'NONE',  ( 49.00963462328721221, 2.000000000000001776, 2.449293598294706414E-16 ) ) ;
#1214 = AXIS2_PLACEMENT_3D ( 'NONE', #7391, #6793, #1694 ) ;
#1215 = CARTESIAN_POINT ( 'NONE',  ( 26.04088462738398846, -5.999999999999997335, -1.656854249492382580 ) ) ;
#1216 = CARTESIAN_POINT ( 'NONE',  ( 28.47838462328720865, -3.656854249492381914, 3.999999999999999112 ) ) ;
#1217 = CARTESIAN_POINT ( 'NONE',  ( -3.188101187499966294, 6.031250002048365033, 0.000000000000000000 ) ) ;
#1218 = CARTESIAN_POINT ( 'NONE',  ( 27.25963462328720865, -5.999999999999998224, -7.347880794884119736E-16 ) ) ;
#1219 = CARTESIAN_POINT ( 'NONE',  ( 3.196271373198456497E-14, -1.187499995903235517, -3.999999999999974243 ) ) ;
#1220 = EDGE_CURVE ( 'NONE', #414, #735, #5621, .T. ) ;
#1221 = CARTESIAN_POINT ( 'NONE',  ( 28.00963462738398491, 0.8284271247461921783, -2.828427124746189847 ) ) ;
#1222 = CARTESIAN_POINT ( 'NONE',  ( 49.00963462738398846, 0.8284271247461921783, -2.828427124746189847 ) ) ;
#1223 = CARTESIAN_POINT ( 'NONE',  ( -3.999999999985103916, 0.6874993874828596585, -1.089746060588017437E-05 ) ) ;
#1224 = VERTEX_POINT ( 'NONE', #7335 ) ;
#1225 = CARTESIAN_POINT ( 'NONE',  ( -2.254327968790102332, 4.343750002048368586, 2.254327968790116543 ) ) ;
#1226 = CARTESIAN_POINT ( 'NONE',  ( 1.320554750080309203, -6.437499997951619868, -3.188101187499973399 ) ) ;
#1227 = CARTESIAN_POINT ( 'NONE',  ( -3.188101187499919664, -7.468749997951637631, 0.000000000000000000 ) ) ;
#1228 = CARTESIAN_POINT ( 'NONE',  ( 4.739883422697051099E-14, -5.687499995903236183, -3.999999999999974243 ) ) ;
#1229 = VERTEX_POINT ( 'NONE', #2233 ) ;
#1230 = CARTESIAN_POINT ( 'NONE',  ( 48.35338462533560033, 0.2543279687901365826, -2.254327968790134307 ) ) ;
#1231 = CARTESIAN_POINT ( 'NONE',  ( 42.72838462533560744, -4.254327968790133419, 2.254327968790134307 ) ) ;
#1232 = CARTESIAN_POINT ( 'NONE',  ( 39.72838462328721221, -0.3431457505076264680, -4.000000000000009770 ) ) ;
#1233 = PERSON_AND_ORGANIZATION_ROLE ( 'classification_officer' ) ;
#1234 = CARTESIAN_POINT ( 'NONE',  ( 31.94713462533560389, 1.188101187500001599, -1.320554750080269679 ) ) ;
#1235 = CARTESIAN_POINT ( 'NONE',  ( 34.47838462738398135, -0.3431457505076178638, 4.000000000000000000 ) ) ;
#1236 = CARTESIAN_POINT ( 'NONE',  ( 45.72838462533560033, -4.254327968790133419, 2.254327968790134307 ) ) ;
#1237 = CARTESIAN_POINT ( 'NONE',  ( 2.254327968790164505, -5.781249997951618091, 2.254327968790115655 ) ) ;
#1238 = CARTESIAN_POINT ( 'NONE',  ( -3.999999999999932498, -4.000000000000029310, 0.000000000000000000 ) ) ;
#1239 = CARTESIAN_POINT ( 'NONE',  ( 2.254327968790140524, 0.9687500020483831298, -2.254327968790116099 ) ) ;
#1240 = CARTESIAN_POINT ( 'NONE',  ( 44.13463462328721221, -1.999999999999997780, -4.000000000000000000 ) ) ;
#1241 = ORIENTED_EDGE ( 'NONE', *, *, #2303, .F. ) ;
#1242 = CARTESIAN_POINT ( 'NONE',  ( 26.22838462738398846, -3.656854249492378806, -4.000000000000000888 ) ) ;
#1243 = CARTESIAN_POINT ( 'NONE',  ( 1.656854249492396347, 0.9687499999999906741, 3.999999999999972911 ) ) ;
#1244 = CARTESIAN_POINT ( 'NONE',  ( 41.32213462328721221, 0.8284271247461921783, -2.828427124746189847 ) ) ;
#1245 = AXIS2_PLACEMENT_3D ( 'NONE', #1626, #2908, #5206 ) ;
#1246 = CARTESIAN_POINT ( 'NONE',  ( -3.188101187499960076, 4.625000002048365921, 1.320554750080261019 ) ) ;
#1247 = CARTESIAN_POINT ( 'NONE',  ( -3.999999999999957367, 3.499999999999972022, 0.000000000000000000 ) ) ;
#1248 = CARTESIAN_POINT ( 'NONE',  ( 4.225346072864186231E-14, -4.187499995903234407, -3.999999999999974243 ) ) ;
#1249 = CARTESIAN_POINT ( 'NONE',  ( 3.999999999999991562, -0.06250376837664603502, 2.106920153670010521E-07 ) ) ;
#1250 = FACE_OUTER_BOUND ( 'NONE', #2414, .T. ) ;
#1251 = CARTESIAN_POINT ( 'NONE',  ( 50.88463462328721221, -1.999999999999998224, 0.000000000000000000 ) ) ;
#1252 = ORIENTED_EDGE ( 'NONE', *, *, #2745, .T. ) ;
#1253 = CARTESIAN_POINT ( 'NONE',  ( 8.031177825328346069E-15, 6.031250002048376579, 3.188101187499973399 ) ) ;
#1254 = CARTESIAN_POINT ( 'NONE',  ( 2.254327968790150738, -2.031249997951616759, -2.254327968790116099 ) ) ;
#1255 = CARTESIAN_POINT ( 'NONE',  ( 27.35338462533560033, 0.2543279687901370267, 2.254327968790135195 ) ) ;
#1256 = CARTESIAN_POINT ( 'NONE',  ( 4.000000000000032863, -9.062499995903221972, -4.898587196589381274E-16 ) ) ;
#1257 = ORIENTED_EDGE ( 'NONE', *, *, #6909, .T. ) ;
#1258 = CARTESIAN_POINT ( 'NONE',  ( 44.79088462533560744, -5.188101187499998268, -5.856446871944625661E-16 ) ) ;
#1259 = CARTESIAN_POINT ( 'NONE',  ( 41.88463462533560033, -0.6794452499197279893, -3.188101187500000044 ) ) ;
#1260 = CARTESIAN_POINT ( 'NONE',  ( -2.828427124746150767, 2.000000004096755823, -2.828427124746171639 ) ) ;
#1261 = CARTESIAN_POINT ( 'NONE',  ( 4.000000000000002665, -0.1562500000000018874, -1.656854249492370146 ) ) ;
#1262 = PERSON_AND_ORGANIZATION_ROLE ( 'design_supplier' ) ;
#1263 = CARTESIAN_POINT ( 'NONE',  ( 37.19713462533560033, -5.188101187499998268, 1.320554750080270567 ) ) ;
#1264 = CARTESIAN_POINT ( 'NONE',  ( 36.72838462738398846, -3.656854249492377917, -4.000000000000000888 ) ) ;
#1265 = CARTESIAN_POINT ( 'NONE',  ( 46.57213462533560744, 1.188101187500002043, -1.320554750080270123 ) ) ;
#1266 = CARTESIAN_POINT ( 'NONE',  ( -3.188101187499928990, -4.843749997951636743, 0.000000000000000000 ) ) ;
#1267 = SPHERICAL_SURFACE ( 'NONE', #2150, 15.00000000000000000 ) ;
#1268 = ADVANCED_FACE ( 'NONE', ( #5928 ), #1688, .F. ) ;
#1269 = CARTESIAN_POINT ( 'NONE',  ( 46.94713462328720510, -4.828427124746188959, -2.828427124746190735 ) ) ;
#1270 = ORIENTED_EDGE ( 'NONE', *, *, #1007, .F. ) ;
#1271 =( BOUNDED_CURVE ( )  B_SPLINE_CURVE ( 2, ( #1667, #3942, #2869, #11, #2305, #5723, #1817, #4704, #151 ),
 .UNSPECIFIED., .F., .T. ) 
 B_SPLINE_CURVE_WITH_KNOTS ( ( 3, 2, 2, 2, 3 ),
 ( 0.8750000000000000000, 0.8828125000000000000, 0.8906250000000000000, 0.8984374999999998890, 0.9062499999999998890 ),
 .UNSPECIFIED. ) 
 CURVE ( )  GEOMETRIC_REPRESENTATION_ITEM ( )  RATIONAL_B_SPLINE_CURVE ( ( 1.000000000000000000, 0.9238795325112867385, 1.000000000000000000, 0.9238795325112867385, 1.000000000000000000, 0.9238795325112867385, 1.000000000000000000, 0.9238795325112878487, 0.9999999999999988898 ) ) 
 REPRESENTATION_ITEM ( '' )  );
#1272 = CARTESIAN_POINT ( 'NONE',  ( 1.656854249492407005, -2.031250000000010658, 3.999999999999973355 ) ) ;
#1273 = CARTESIAN_POINT ( 'NONE',  ( -3.999999999999947153, 0.4062499999999709122, -1.656854249492369702 ) ) ;
#1274 = CARTESIAN_POINT ( 'NONE',  ( 28.75963462328720865, -5.999999999999998224, -7.347880794884119736E-16 ) ) ;
#1275 = CARTESIAN_POINT ( 'NONE',  ( 1.320554750080287221, 0.5000000020483801322, 3.188101187499972955 ) ) ;
#1276 = CARTESIAN_POINT ( 'NONE',  ( 38.97838462738398135, -0.3431457505076178638, 4.000000000000000000 ) ) ;
#1277 = CARTESIAN_POINT ( 'NONE',  ( -2.828427124746160093, 4.812499999999975131, -2.828427124746171639 ) ) ;
#1278 = CARTESIAN_POINT ( 'NONE',  ( -2.828427124746125454, -5.124999995903245065, 2.828427124746172083 ) ) ;
#1279 = CARTESIAN_POINT ( 'NONE',  ( 4.000000000000013323, -3.250000000000001332, -4.898587196589381274E-16 ) ) ;
#1280 = CC_DESIGN_DATE_AND_TIME_ASSIGNMENT ( #4283, #1333, ( #1799 ) ) ;
#1281 = CARTESIAN_POINT ( 'NONE',  ( 45.54088462738400267, -5.999999999999997335, -1.656854249492382580 ) ) ;
#1282 = CARTESIAN_POINT ( 'NONE',  ( 4.739883422697051099E-14, -5.687499995903236183, -3.999999999999974243 ) ) ;
#1283 = ORIENTED_EDGE ( 'NONE', *, *, #1752, .T. ) ;
#1284 = DIRECTION ( 'NONE',  ( -3.430248998885765781E-15, 1.000000000000000000, -0.000000000000000000 ) ) ;
#1285 = CARTESIAN_POINT ( 'NONE',  ( -1.320554750080211726, -5.687499997951629638, 3.188101187499972955 ) ) ;
#1286 = CARTESIAN_POINT ( 'NONE',  ( 29.13463462533560033, -3.320554750080270345, 3.188101187499999156 ) ) ;
#1287 = CARTESIAN_POINT ( 'NONE',  ( -3.188101187499953859, 2.750000002048364589, 1.320554750080261019 ) ) ;
#1288 = VERTEX_POINT ( 'NONE', #5856 ) ;
#1289 = CARTESIAN_POINT ( 'NONE',  ( 46.19713462533560744, -5.188101187499998268, 1.320554750080270345 ) ) ;
#1290 = CARTESIAN_POINT ( 'NONE',  ( 39.25963462533560744, 1.188101187500002043, 1.320554750080270123 ) ) ;
#1291 = LINE ( 'NONE', #2891, #7154 ) ;
#1292 = CARTESIAN_POINT ( 'NONE',  ( 50.88463462328721221, -1.999999999999997780, -4.000000000000000000 ) ) ;
#1293 = CARTESIAN_POINT ( 'NONE',  ( 4.644903661846813323E-14, -5.125000000000016875, 3.999999999999974243 ) ) ;
#1294 = DIRECTION ( 'NONE',  ( -1.000000000000000000, -3.469446951953636671E-15, 0.000000000000000000 ) ) ;
#1295 = CARTESIAN_POINT ( 'NONE',  ( 43.57213462533560033, -3.320554750080268569, -3.188101187500000488 ) ) ;
#1296 = CALENDAR_DATE ( 2026, 27, 9 ) ;
#1297 = EDGE_CURVE ( 'NONE', #7047, #659, #5769, .T. ) ;
#1298 = CARTESIAN_POINT ( 'NONE',  ( 34.10338462533560033, -4.254327968790133419, 2.254327968790133863 ) ) ;
#1299 = CARTESIAN_POINT ( 'NONE',  ( 35.22838462738398846, -3.656854249492377917, -4.000000000000000888 ) ) ;
#1300 = CARTESIAN_POINT ( 'NONE',  ( 43.66588462533560744, 1.188101187500002043, 1.952148957314875467E-16 ) ) ;
#1301 = AXIS2_PLACEMENT_3D ( 'NONE', #2802, #6858, #6248 ) ;
#1302 = CARTESIAN_POINT ( 'NONE',  ( -3.188101187499918776, -7.937499997951638520, -1.320554750080259021 ) ) ;
#1303 = DIRECTION ( 'NONE',  ( 1.000000000000000000, 3.430248998885765781E-15, 0.000000000000000000 ) ) ;
#1304 = CARTESIAN_POINT ( 'NONE',  ( 48.25963462328721221, -5.999999999999998224, -7.347880794884119736E-16 ) ) ;
#1305 = ORIENTED_EDGE ( 'NONE', *, *, #1314, .F. ) ;
#1306 = EDGE_CURVE ( 'NONE', #6150, #2120, #2821, .T. ) ;
#1307 = LINE ( 'NONE', #3631, #6059 ) ;
#1308 = CARTESIAN_POINT ( 'NONE',  ( -3.999999999999957367, 3.406249999999972022, -1.656854249492369702 ) ) ;
#1309 = CARTESIAN_POINT ( 'NONE',  ( 2.828427124746199173, 0.1250000040967742532, -2.828427124746171639 ) ) ;
#1310 = CARTESIAN_POINT ( 'NONE',  ( 1.320554750080298767, -3.437499997951619868, -3.188101187499973843 ) ) ;
#1311 = CARTESIAN_POINT ( 'NONE',  ( 27.63463462328720865, -1.999999999999997780, -4.000000000000000000 ) ) ;
#1312 = CARTESIAN_POINT ( 'NONE',  ( 1.043142213016756886E-14, 5.374999999999985789, 3.999999999999974243 ) ) ;
#1313 = CARTESIAN_POINT ( 'NONE',  ( 2.828427124746229815, -8.874999995903227301, -2.828427124746171639 ) ) ;
#1314 = EDGE_CURVE ( 'NONE', #2165, #6257, #6997, .T. ) ;
#1315 = CARTESIAN_POINT ( 'NONE',  ( 12.52996408614166057, -1.999999999999997335, 8.000000000000008882 ) ) ;
#1316 = CARTESIAN_POINT ( 'NONE',  ( 48.25963462738398846, -4.828427124746188959, 2.828427124746189403 ) ) ;
#1317 = DIRECTION ( 'NONE',  ( -1.000000000000000000, -0.000000000000000000, -0.000000000000000000 ) ) ;
#1318 = ORIENTED_EDGE ( 'NONE', *, *, #3719, .T. ) ;
#1319 = CARTESIAN_POINT ( 'NONE',  ( -1.320554750080220607, -3.062499997951629638, 3.188101187499973399 ) ) ;
#1320 = DIRECTION ( 'NONE',  ( 1.000000000000000000, -0.000000000000000000, -0.000000000000000000 ) ) ;
#1321 = CARTESIAN_POINT ( 'NONE',  ( 29.79088462533560033, -1.999999999999997780, -3.188101187500000488 ) ) ;
#1322 = CARTESIAN_POINT ( 'NONE',  ( 2.525912548655268014E-14, 0.7812500020483751362, -3.188101187499973399 ) ) ;
#1323 = ORIENTED_EDGE ( 'NONE', *, *, #6672, .T. ) ;
#1324 = CARTESIAN_POINT ( 'NONE',  ( 49.57213462328721221, -4.828427124746188959, 2.828427124746189403 ) ) ;
#1325 = CARTESIAN_POINT ( 'NONE',  ( 28.38463462533560033, -5.188101187499997380, -1.320554750080271678 ) ) ;
#1326 = CARTESIAN_POINT ( 'NONE',  ( 39.16588462533560033, -1.999999999999997780, -3.188101187500000044 ) ) ;
#1327 = CARTESIAN_POINT ( 'NONE',  ( 31.66588462533560033, 1.188101187500002043, 1.952148957314875467E-16 ) ) ;
#1328 = CARTESIAN_POINT ( 'NONE',  ( -3.999999999999916955, -8.218749995903250394, 1.656854249492372366 ) ) ;
#1329 = CARTESIAN_POINT ( 'NONE',  ( -3.999999999999926281, -5.406250000000030198, 1.656854249492372588 ) ) ;
#1330 = CC_DESIGN_APPROVAL ( #6337, ( #741 ) ) ;
#1331 = CARTESIAN_POINT ( 'NONE',  ( 48.82213462328721221, 0.8284271247461921783, -2.828427124746189847 ) ) ;
#1332 = CARTESIAN_POINT ( 'NONE',  ( 41.69713462533560033, -5.188101187499998268, 1.320554750080270345 ) ) ;
#1333 = DATE_TIME_ROLE ( 'classification_date' ) ;
#1334 = CARTESIAN_POINT ( 'NONE',  ( 27.54088462533560033, 1.188101187500001599, 1.952148957314875220E-16 ) ) ;
#1335 = CARTESIAN_POINT ( 'NONE',  ( 33.63463462738398846, -4.828427124746188959, -2.828427124746190735 ) ) ;
#1336 = CARTESIAN_POINT ( 'NONE',  ( 44.41588462533560744, -5.188101187499998268, -5.856446871944625661E-16 ) ) ;
#1337 = DIRECTION ( 'NONE',  ( -1.000000000000000000, -0.000000000000000000, -0.000000000000000000 ) ) ;
#1338 = VECTOR ( 'NONE', #3784, 1000.000000000000000 ) ;
#1339 = CARTESIAN_POINT ( 'NONE',  ( 43.00963462328721221, 2.000000000000001776, 2.449293598294706414E-16 ) ) ;
#1340 = EDGE_CURVE ( 'NONE', #1756, #1357, #1654, .T. ) ;
#1341 = EDGE_LOOP ( 'NONE', ( #3141, #2561, #2034, #4771 ) ) ;
#1342 = CARTESIAN_POINT ( 'NONE',  ( 3.999999999999993783, 2.656249999999998668, 1.656854249492369036 ) ) ;
#1343 = CARTESIAN_POINT ( 'NONE',  ( -15.00199999999999712, -1.999999999999997335, 8.000000000000008882 ) ) ;
#1344 = CARTESIAN_POINT ( 'NONE',  ( -3.188101187499930322, -4.562499997951636743, -1.320554750080258799 ) ) ;
#1345 = CARTESIAN_POINT ( 'NONE',  ( 33.72838462328721221, -0.3431457505075994341, -3.999999999999981792 ) ) ;
#1346 =( BOUNDED_CURVE ( )  B_SPLINE_CURVE ( 2, ( #2030, #6562, #5448, #5370, #3821, #5527, #1536, #2146, #6076 ),
 .UNSPECIFIED., .F., .T. ) 
 B_SPLINE_CURVE_WITH_KNOTS ( ( 3, 2, 2, 2, 3 ),
 ( 0.2187499999999998612, 0.2265624999999998612, 0.2343749999999998890, 0.2421874999999998890, 0.2499999999999998890 ),
 .UNSPECIFIED. ) 
 CURVE ( )  GEOMETRIC_REPRESENTATION_ITEM ( )  RATIONAL_B_SPLINE_CURVE ( ( 1.000000000000001332, 0.9238795325112854062, 1.000000000000000000, 0.9238795325112867385, 1.000000000000000000, 0.9238795325112867385, 1.000000000000000000, 0.9238795325112878487, 0.9999999999999988898 ) ) 
 REPRESENTATION_ITEM ( '' )  );
#1347 = CARTESIAN_POINT ( 'NONE',  ( 2.828427124746181409, 5.562499999999996447, 2.828427124746171195 ) ) ;
#1348 = CARTESIAN_POINT ( 'NONE',  ( 2.828427124746221821, -6.249999995903227301, 2.828427124746171195 ) ) ;
#1349 = CARTESIAN_POINT ( 'NONE',  ( -1.656854249492340836, -0.5312499959032410679, 3.999999999999973355 ) ) ;
#1350 = CARTESIAN_POINT ( 'NONE',  ( 44.79088462738398135, 2.000000000000001776, 1.656854249492381026 ) ) ;
#1351 = DIRECTION ( 'NONE',  ( -1.000000000000000000, -0.000000000000000000, -0.000000000000000000 ) ) ;
#1352 = EDGE_LOOP ( 'NONE', ( #2948, #4271, #3254, #3079 ) ) ;
#1353 = CARTESIAN_POINT ( 'NONE',  ( 2.254327968790144077, 0.2187500020483833518, 2.254327968790115655 ) ) ;
#1354 = CARTESIAN_POINT ( 'NONE',  ( 3.999999999999904521, 5.937490134991719515, 5.491186733086402111E-07 ) ) ;
#1355 = CARTESIAN_POINT ( 'NONE',  ( 26.13463462533560033, -3.320554750080270345, 3.188101187499999156 ) ) ;
#1356 = CARTESIAN_POINT ( 'NONE',  ( -2.254327968790091674, 0.9687500020483675867, -2.254327968790116099 ) ) ;
#1357 = VERTEX_POINT ( 'NONE', #3296 ) ;
#1358 =( BOUNDED_CURVE ( )  B_SPLINE_CURVE ( 2, ( #5575, #3352, #2075, #4342, #5655, #988, #6608, #7334, #428 ),
 .UNSPECIFIED., .F., .T. ) 
 B_SPLINE_CURVE_WITH_KNOTS ( ( 3, 2, 2, 2, 3 ),
 ( 0.3124999999999999445, 0.3203124999999999445, 0.3281249999999999445, 0.3359374999999999445, 0.3437499999999999445 ),
 .UNSPECIFIED. ) 
 CURVE ( )  GEOMETRIC_REPRESENTATION_ITEM ( )  RATIONAL_B_SPLINE_CURVE ( ( 1.000000000000000444, 0.9238795325112861834, 1.000000000000000000, 0.9238795325112867385, 1.000000000000000000, 0.9238795325112867385, 1.000000000000000000, 0.9238795325112872936, 0.9999999999999994449 ) ) 
 REPRESENTATION_ITEM ( '' )  );
#1359 = EDGE_LOOP ( 'NONE', ( #3648, #1037, #7025, #3811 ) ) ;
#1360 = CARTESIAN_POINT ( 'NONE',  ( 40.66588462533560033, -1.999999999999997780, -3.188101187500000044 ) ) ;
#1361 = CARTESIAN_POINT ( 'NONE',  ( 34.57213462533560033, 1.188101187500002043, -1.320554750080270123 ) ) ;
#1362 = CARTESIAN_POINT ( 'NONE',  ( 32.41588462738398135, -0.3431457505075994341, -3.999999999999981792 ) ) ;
#1363 = CARTESIAN_POINT ( 'NONE',  ( 2.254327968790124981, 5.468750002048383685, -2.254327968790116099 ) ) ;
#1364 = CARTESIAN_POINT ( 'NONE',  ( 4.000000000000025757, -6.343750000000002665, 1.656854249492369036 ) ) ;
#1365 = SECURITY_CLASSIFICATION_LEVEL ( 'unclassified' ) ;
#1366 = CARTESIAN_POINT ( 'NONE',  ( 47.97838462738398846, -0.3431457505076111469, 3.999999999999993339 ) ) ;
#1367 = CARTESIAN_POINT ( 'NONE',  ( 46.38463462533560033, -5.188101187499997380, -1.320554750080271678 ) ) ;
#1368 = CALENDAR_DATE ( 2026, 27, 9 ) ;
#1369 = CARTESIAN_POINT ( 'NONE',  ( 26.69713462533560033, -5.188101187499998268, 1.320554750080270567 ) ) ;
#1370 = CARTESIAN_POINT ( 'NONE',  ( 29.97838462738398846, -0.3431457505076178638, 4.000000000000000000 ) ) ;
#1371 = CARTESIAN_POINT ( 'NONE',  ( 36.91588462533560033, -5.188101187499998268, -5.856446871944625661E-16 ) ) ;
#1372 = DIRECTION ( 'NONE',  ( -3.430248998885766570E-15, 1.000000000000000000, -0.000000000000000000 ) ) ;
#1373 = CARTESIAN_POINT ( 'NONE',  ( 45.91588462533560033, -5.188101187499998268, -5.856446871944625661E-16 ) ) ;
#1374 = ORIENTED_EDGE ( 'NONE', *, *, #6704, .F. ) ;
#1375 = CARTESIAN_POINT ( 'NONE',  ( 40.38463462328721221, -1.999999999999998224, 4.000000000000000000 ) ) ;
#1376 = VERTEX_POINT ( 'NONE', #1133 ) ;
#1377 = ORIENTED_EDGE ( 'NONE', *, *, #6686, .F. ) ;
#1378 =( BOUNDED_CURVE ( )  B_SPLINE_CURVE ( 2, ( #2750, #5488, #4971, #2227, #3823, #1104, #1620, #5570, #466 ),
 .UNSPECIFIED., .F., .F. ) 
 B_SPLINE_CURVE_WITH_KNOTS ( ( 3, 2, 2, 2, 3 ),
 ( 0.2499999999999998890, 0.2578124999999998890, 0.2656249999999998890, 0.2734374999999998890, 0.2812499999999998890 ),
 .UNSPECIFIED. ) 
 CURVE ( )  GEOMETRIC_REPRESENTATION_ITEM ( )  RATIONAL_B_SPLINE_CURVE ( ( 1.000000000000001110, 0.9238795325112856283, 1.000000000000000000, 0.9238795325112867385, 1.000000000000000000, 0.9238795325112867385, 1.000000000000000000, 0.9238795325112878487, 0.9999999999999988898 ) ) 
 REPRESENTATION_ITEM ( '' )  );
#1379 = CARTESIAN_POINT ( 'NONE',  ( 47.41588462533560033, -1.999999999999998224, 3.188101187500000044 ) ) ;
#1380 = CARTESIAN_POINT ( 'NONE',  ( 3.999999999999988010, 4.249999999999999112, -4.898587196589381274E-16 ) ) ;
#1381 = DIRECTION ( 'NONE',  ( 1.000000000000000000, 0.000000000000000000, 0.000000000000000000 ) ) ;
#1382 = EDGE_CURVE ( 'NONE', #2120, #1797, #1630, .T. ) ;
#1383 = CARTESIAN_POINT ( 'NONE',  ( 2.254327968790156067, -3.531249997951616315, -2.254327968790116099 ) ) ;
#1384 = CARTESIAN_POINT ( 'NONE',  ( 1.202439144001401675E-14, 4.624999999999985789, -3.999999999999974243 ) ) ;
#1385 = CARTESIAN_POINT ( 'NONE',  ( 4.000000000000032863, -8.968749995903221972, -1.656854249492369924 ) ) ;
#1386 = EDGE_CURVE ( 'NONE', #184, #7047, #497, .T. ) ;
#1387 =( BOUNDED_CURVE ( )  B_SPLINE_CURVE ( 2, ( #4386, #2085, #3281, #2203, #521, #3957, #2122, #6741, #439 ),
 .UNSPECIFIED., .F., .T. ) 
 B_SPLINE_CURVE_WITH_KNOTS ( ( 3, 2, 2, 2, 3 ),
 ( 0.5937500000000001110, 0.6015625000000001110, 0.6093750000000001110, 0.6171875000000001110, 0.6250000000000001110 ),
 .UNSPECIFIED. ) 
 CURVE ( )  GEOMETRIC_REPRESENTATION_ITEM ( )  RATIONAL_B_SPLINE_CURVE ( ( 0.9999999999999988898, 0.9238795325112878487, 1.000000000000000000, 0.9238795325112867385, 1.000000000000000000, 0.9238795325112867385, 1.000000000000000000, 0.9238795325112856283, 1.000000000000001110 ) ) 
 REPRESENTATION_ITEM ( '' )  );
#1388 = CARTESIAN_POINT ( 'NONE',  ( 46.66588462738398846, -3.656854249492381914, 3.999999999999999112 ) ) ;
#1389 = DIRECTION ( 'NONE',  ( -3.430248998885766570E-15, 1.000000000000000000, -0.000000000000000000 ) ) ;
#1390 = ORIENTED_EDGE ( 'NONE', *, *, #5300, .T. ) ;
#1391 = CARTESIAN_POINT ( 'NONE',  ( 4.000000000000008882, -1.750000000000001554, -4.898587196589381274E-16 ) ) ;
#1392 = CARTESIAN_POINT ( 'NONE',  ( 2.254327968790147185, -0.9062499979516176474, -2.254327968790116099 ) ) ;
#1393 = CYLINDRICAL_SURFACE ( 'NONE', #3579, 3.999999999999974243 ) ;
#1394 = CARTESIAN_POINT ( 'NONE',  ( 45.82213462738398846, -1.999999999999997780, -4.000000000000000000 ) ) ;
#1395 = CARTESIAN_POINT ( 'NONE',  ( 2.254327968790136527, 2.093750002048383241, -2.254327968790116099 ) ) ;
#1396 = ORIENTED_EDGE ( 'NONE', *, *, #3636, .T. ) ;
#1397 = FACE_OUTER_BOUND ( 'NONE', #808, .T. ) ;
#1398 = CARTESIAN_POINT ( 'NONE',  ( 37.94713462533560033, 1.188101187500001599, -1.320554750080269679 ) ) ;
#1399 = EDGE_CURVE ( 'NONE', #5884, #5407, #4961, .T. ) ;
#1400 = CARTESIAN_POINT ( 'NONE',  ( 33.91588462533559323, -5.188101187499998268, -5.856446871944625661E-16 ) ) ;
#1401 = CARTESIAN_POINT ( 'NONE',  ( 4.000000000000034639, -9.156249995903221972, 1.656854249492369036 ) ) ;
#1402 = CARTESIAN_POINT ( 'NONE',  ( 1.189020794907483257E-14, 4.906250002048376579, 3.188101187499973399 ) ) ;
#1403 = CARTESIAN_POINT ( 'NONE',  ( 1.656854249492407671, -2.968750000000009770, -3.999999999999974243 ) ) ;
#1404 = B_SPLINE_CURVE_WITH_KNOTS ( 'NONE', 3,
 ( #4339, #3747, #7211, #3115, #3224, #6041, #6644, #943, #2108, #4973, #4264, #347, #385, #7094, #7129, #4933, #3715, #5490, #2668, #6006, #5377, #3151, #1427, #3825, #2072 ),
 .UNSPECIFIED., .F., .F.,
 ( 4, 2, 2, 2, 2, 2, 2, 2, 1, 2, 2, 2, 4 ),
 ( 0.03126352698471816099, 0.03204957265779862646, 0.03283561833087908499, 0.03440770967704001593, 0.03519375535012048140, 0.03597980102320093992, 0.03755189236936187086, 0.03833793804244232939, 0.03912398371552279486, 0.03991002938860326033, 0.04069607506168372579, 0.04226816640784465673, 0.04384025775400558073 ),
 .UNSPECIFIED. ) ;
#1405 = CARTESIAN_POINT ( 'NONE',  ( 2.828427124746221821, -6.249999995903227301, 2.828427124746171195 ) ) ;
#1406 = CARTESIAN_POINT ( 'NONE',  ( 37.10338462533560744, -4.254327968790133419, 2.254327968790133863 ) ) ;
#1407 = PERSON_AND_ORGANIZATION ( #6710, #6828 ) ;
#1408 = EDGE_CURVE ( 'NONE', #6071, #1933, #2810, .T. ) ;
#1409 = CARTESIAN_POINT ( 'NONE',  ( 30.25963462738398491, -4.828427124746188959, 2.828427124746189403 ) ) ;
#1410 = CARTESIAN_POINT ( 'NONE',  ( 40.29088462533560033, -1.999999999999997780, -3.188101187500000488 ) ) ;
#1411 = CARTESIAN_POINT ( 'NONE',  ( 33.25963462328721221, -5.999999999999998224, -7.347880794884119736E-16 ) ) ;
#1412 = CARTESIAN_POINT ( 'NONE',  ( 46.38463462533560033, -0.6794452499197283224, -3.188101187499999600 ) ) ;
#1413 = ORIENTED_EDGE ( 'NONE', *, *, #935, .F. ) ;
#1414 = CARTESIAN_POINT ( 'NONE',  ( 39.35338462328720510, -5.999999999999997335, -1.656854249492382580 ) ) ;
#1415 = B_SPLINE_CURVE_WITH_KNOTS ( 'NONE', 3,
 ( #705, #107, #5774, #5251, #3022, #1770, #1838, #1168, #1204, #6363, #5155, #6935, #2394, #672, #5191, #5804, #4555, #4660, #4103, #2991, #141, #2362, #2292, #4695, #6837 ),
 .UNSPECIFIED., .F., .F.,
 ( 4, 2, 2, 1, 2, 2, 2, 2, 2, 2, 2, 2, 4 ),
 ( 0.006082451402072544533, 0.007657074972086212565, 0.008444386757093046147, 0.009231698542099880597, 0.01001901032710671331, 0.01080632211211354776, 0.01238094568212721319, 0.01316825746713404591, 0.01395556925214087862, 0.01553019282215454579, 0.01631750460716138024, 0.01710481639216821642, 0.01867943996218188532 ),
 .UNSPECIFIED. ) ;
#1416 = ORIENTED_EDGE ( 'NONE', *, *, #6048, .T. ) ;
#1417 = CARTESIAN_POINT ( 'NONE',  ( 48.63463462533560744, 1.188101187500001599, 1.320554750080270123 ) ) ;
#1418 = CARTESIAN_POINT ( 'NONE',  ( 1.656854249492375697, 6.968749999999991118, 3.999999999999972911 ) ) ;
#1419 = CARTESIAN_POINT ( 'NONE',  ( 2.254327968790131642, 3.593750002048383685, -2.254327968790116099 ) ) ;
#1420 = CC_DESIGN_SECURITY_CLASSIFICATION ( #1799, ( #5724 ) ) ;
#1421 = CARTESIAN_POINT ( 'NONE',  ( -1.320554750080224826, -1.749999997951628972, -3.188101187499973843 ) ) ;
#1422 = DIRECTION ( 'NONE',  ( -1.000000000000000000, -3.430248998885766570E-15, 0.000000000000000000 ) ) ;
#1423 = AXIS2_PLACEMENT_3D ( 'NONE', #5094, #7214, #5619 ) ;
#1424 = CARTESIAN_POINT ( 'NONE',  ( 2.828427124746196952, 1.062499999999995781, 2.828427124746171195 ) ) ;
#1425 = CARTESIAN_POINT ( 'NONE',  ( 26.22838462533559678, -1.999999999999998224, 4.000000000000000000 ) ) ;
#1426 = CARTESIAN_POINT ( 'NONE',  ( 2.828427124746189403, 2.937499999999995559, -2.828427124746171639 ) ) ;
#1427 = CARTESIAN_POINT ( 'NONE',  ( 12.69598229489940522, -0.9545971712820279231, -7.948372688457562063 ) ) ;
#1428 = ORIENTED_EDGE ( 'NONE', *, *, #7386, .T. ) ;
#1429 = CARTESIAN_POINT ( 'NONE',  ( -2.254327968790081016, -2.031249997951632302, -2.254327968790116099 ) ) ;
#1430 = CARTESIAN_POINT ( 'NONE',  ( -2.254327968790061920, -7.656249997951634079, -2.254327968790116099 ) ) ;
#1431 = CARTESIAN_POINT ( 'NONE',  ( -3.188101187499960965, 4.531250002048365921, 0.000000000000000000 ) ) ;
#1432 = CARTESIAN_POINT ( 'NONE',  ( -2.254327968790107661, 5.843750002048368586, 2.254327968790116543 ) ) ;
#1433 = EDGE_CURVE ( 'NONE', #3174, #3797, #7358, .T. ) ;
#1434 = CARTESIAN_POINT ( 'NONE',  ( 50.88463462328721221, -1.999999999999998224, 4.000000000000000000 ) ) ;
#1435 = VECTOR ( 'NONE', #304, 1000.000000000000000 ) ;
#1436 = CARTESIAN_POINT ( 'NONE',  ( 32.32213462533560033, -5.188101187499998268, 1.320554750080270345 ) ) ;
#1437 = CARTESIAN_POINT ( 'NONE',  ( 40.38463462533560744, -5.188101187499997380, -1.320554750080271678 ) ) ;
#1438 = ORIENTED_EDGE ( 'NONE', *, *, #3287, .T. ) ;
#1439 = CARTESIAN_POINT ( 'NONE',  ( 4.000000000000023093, -6.250000000000001776, -4.898587196589381274E-16 ) ) ;
#1440 = CARTESIAN_POINT ( 'NONE',  ( 34.10338462533560033, -4.254327968790133419, -2.254327968790135639 ) ) ;
#1441 = LINE ( 'NONE', #3689, #6313 ) ;
#1442 = CARTESIAN_POINT ( 'NONE',  ( 3.188101187499979616, 6.687500002048388126, 1.320554750080258577 ) ) ;
#1443 = CARTESIAN_POINT ( 'NONE',  ( -1.656854249492326847, -4.281250000000021316, -3.999999999999974243 ) ) ;
#1444 = CARTESIAN_POINT ( 'NONE',  ( 49.00963462328721221, 2.000000000000001776, 2.449293598294706414E-16 ) ) ;
#1445 = CARTESIAN_POINT ( 'NONE',  ( 36.44713462533560033, 1.188101187500001599, -1.320554750080269679 ) ) ;
#1446 = APPROVAL_DATE_TIME ( #6549, #2516 ) ;
#1447 = CARTESIAN_POINT ( 'NONE',  ( 27.82213462738398846, -1.999999999999997780, -4.000000000000000000 ) ) ;
#1448 = CARTESIAN_POINT ( 'NONE',  ( 35.97838462533560744, 0.2543279687901370267, -2.254327968790134751 ) ) ;
#1449 = CARTESIAN_POINT ( 'NONE',  ( 37.94713462738398846, -5.999999999999998224, -7.347880794884119736E-16 ) ) ;
#1450 = CARTESIAN_POINT ( 'NONE',  ( 43.38463462533560744, -0.6794452499197283224, -3.188101187499999600 ) ) ;
#1451 = CARTESIAN_POINT ( 'NONE',  ( 37.75963462328720510, -5.999999999999998224, -7.347880794884119736E-16 ) ) ;
#1452 = EDGE_CURVE ( 'NONE', #5293, #3826, #3971, .T. ) ;
#1453 = AXIS2_PLACEMENT_3D ( 'NONE', #5159, #2333, #2221 ) ;
#1454 = ORIENTED_EDGE ( 'NONE', *, *, #7386, .F. ) ;
#1455 = VERTEX_POINT ( 'NONE', #3889 ) ;
#1456 = CARTESIAN_POINT ( 'NONE',  ( 44.22838462533560744, 0.2543279687901365826, 2.254327968790134751 ) ) ;
#1457 = CARTESIAN_POINT ( 'NONE',  ( -3.999999999999963141, 5.093749999999972466, 1.656854249492372588 ) ) ;
#1458 = CARTESIAN_POINT ( 'NONE',  ( 27.07213462328720865, -4.828427124746188959, 2.828427124746189403 ) ) ;
#1459 = CARTESIAN_POINT ( 'NONE',  ( 48.16588462328721221, -5.999999999999997335, 1.656854249492381248 ) ) ;
#1460 = CARTESIAN_POINT ( 'NONE',  ( 3.188101187500024469, -6.718749997951614539, -3.904297914629718393E-16 ) ) ;
#1461 = CARTESIAN_POINT ( 'NONE',  ( 26.97838462738398846, -0.3431457505076178638, 4.000000000000000000 ) ) ;
#1462 = CARTESIAN_POINT ( 'NONE',  ( 3.101291612348216828E-14, -0.6250000000000144329, 3.999999999999974243 ) ) ;
#1463 = CARTESIAN_POINT ( 'NONE',  ( -2.828427124746154764, 3.312499999999975131, -2.828427124746171639 ) ) ;
#1464 = CARTESIAN_POINT ( 'NONE',  ( -3.999999999999952482, 1.999999999999971356, 0.000000000000000000 ) ) ;
#1465 = ORIENTED_EDGE ( 'NONE', *, *, #177, .F. ) ;
#1466 = CARTESIAN_POINT ( 'NONE',  ( -3.188101187499933875, -3.249999997951636743, 1.320554750080261019 ) ) ;
#1467 = CARTESIAN_POINT ( 'NONE',  ( 1.656854249492380582, 5.656250004096772699, 3.999999999999973355 ) ) ;
#1468 = CARTESIAN_POINT ( 'NONE',  ( 30.91588462328721221, 2.000000000000001776, -1.656854249492380360 ) ) ;
#1469 = CARTESIAN_POINT ( 'NONE',  ( -2.254327968790076575, -3.156249997951633635, 2.254327968790116543 ) ) ;
#1470 = CARTESIAN_POINT ( 'NONE',  ( -2.828427124746155652, 3.500000004096755823, -2.828427124746171639 ) ) ;
#1471 = CARTESIAN_POINT ( 'NONE',  ( 31.00963462738398491, 0.8284271247461921783, -2.828427124746189847 ) ) ;
#1472 = CARTESIAN_POINT ( 'NONE',  ( 36.54088462533560033, -1.999999999999998224, 3.188101187500000044 ) ) ;
#1473 = CARTESIAN_POINT ( 'NONE',  ( 36.25963462533560744, -0.6794452499197283224, -3.188101187499999600 ) ) ;
#1474 = EDGE_LOOP ( 'NONE', ( #3321, #6139, #6495, #1641 ) ) ;
#1475 = CARTESIAN_POINT ( 'NONE',  ( 5.159441011679677559E-14, -6.625000000000015987, 3.999999999999974243 ) ) ;
#1476 = CARTESIAN_POINT ( 'NONE',  ( 35.13463462533560033, -3.320554750080270345, 3.188101187499999156 ) ) ;
#1477 = CARTESIAN_POINT ( 'NONE',  ( 5.768958122362782726E-14, -8.687499995903236183, -3.999999999999974243 ) ) ;
#1478 = CARTESIAN_POINT ( 'NONE',  ( 35.88463462328721221, -1.999999999999998224, 4.000000000000000000 ) ) ;
#1479 = CARTESIAN_POINT ( 'NONE',  ( -3.999999999999942712, -0.9062499959032491725, -1.656854249492369702 ) ) ;
#1480 = CARTESIAN_POINT ( 'NONE',  ( 41.13463462738398846, -4.828427124746188959, -2.828427124746190735 ) ) ;
#1481 = CARTESIAN_POINT ( 'NONE',  ( 39.54088462533560033, 1.188101187500001599, 1.952148957314875220E-16 ) ) ;
#1482 = PERSON_AND_ORGANIZATION ( #6710, #6828 ) ;
#1483 = CARTESIAN_POINT ( 'NONE',  ( 28.47838462738398846, -0.3431457505076178638, 4.000000000000000000 ) ) ;
#1484 = CARTESIAN_POINT ( 'NONE',  ( 39.54088462533560033, -1.999999999999998224, 3.188101187500000488 ) ) ;
#1485 = DIRECTION ( 'NONE',  ( -3.430248998885766570E-15, 1.000000000000000000, -0.000000000000000000 ) ) ;
#1486 = CARTESIAN_POINT ( 'NONE',  ( 47.32213462533560744, -5.188101187499998268, 1.320554750080270345 ) ) ;
#1487 = CARTESIAN_POINT ( 'NONE',  ( 41.32213462328721221, 0.8284271247461921783, -2.828427124746189847 ) ) ;
#1488 = ORIENTED_EDGE ( 'NONE', *, *, #4828, .F. ) ;
#1489 = VERTEX_POINT ( 'NONE', #5559 ) ;
#1490 = CARTESIAN_POINT ( 'NONE',  ( 46.47838462533560033, -4.254327968790132530, -2.254327968790135195 ) ) ;
#1491 = CARTESIAN_POINT ( 'NONE',  ( 48.07213462328721221, -4.828427124746188959, 2.828427124746189403 ) ) ;
#1492 = EDGE_CURVE ( 'NONE', #258, #1797, #454, .T. ) ;
#1493 = CARTESIAN_POINT ( 'NONE',  ( 50.88463462328721221, -1.999999999999998224, 0.000000000000000000 ) ) ;
#1494 = DIRECTION ( 'NONE',  ( 1.000000000000000000, 3.430248998885765781E-15, 0.000000000000000000 ) ) ;
#1495 = CARTESIAN_POINT ( 'NONE',  ( -2.828427124746150323, 2.187499999999975131, 2.828427124746172083 ) ) ;
#1496 = CARTESIAN_POINT ( 'NONE',  ( 47.69713462533560744, -5.188101187499998268, 1.320554750080270345 ) ) ;
#1497 = DIRECTION ( 'NONE',  ( 0.000000000000000000, 0.000000000000000000, 1.000000000000000000 ) ) ;
#1498 = DIRECTION ( 'NONE',  ( -3.430248998885766570E-15, 1.000000000000000000, -0.000000000000000000 ) ) ;
#1499 = EDGE_CURVE ( 'NONE', #3066, #7143, #6959, .T. ) ;
#1500 = EDGE_LOOP ( 'NONE', ( #4867, #273 ) ) ;
#1501 = CARTESIAN_POINT ( 'NONE',  ( 1.320554750080304984, -5.312499997951620756, -3.188101187499973843 ) ) ;
#1502 = CARTESIAN_POINT ( 'NONE',  ( 44.13463462328721221, -1.999999999999997780, -4.000000000000000000 ) ) ;
#1503 = CARTESIAN_POINT ( 'NONE',  ( 33.35338462328721221, -5.999999999999997335, -1.656854249492382580 ) ) ;
#1504 = CARTESIAN_POINT ( 'NONE',  ( -2.254327968790081460, -1.656249997951632080, 2.254327968790116543 ) ) ;
#1505 = CARTESIAN_POINT ( 'NONE',  ( -1.656854249492353270, 3.406250004096759376, -3.999999999999974243 ) ) ;
#1506 = CARTESIAN_POINT ( 'NONE',  ( 31.10338462738398491, 2.000000000000001776, -1.656854249492380138 ) ) ;
#1507 = CARTESIAN_POINT ( 'NONE',  ( 36.25963462533560744, 1.188101187500001599, 1.320554750080270123 ) ) ;
#1508 = CARTESIAN_POINT ( 'NONE',  ( 34.00963462533560033, -3.320554750080270345, 3.188101187499999156 ) ) ;
#1509 = CARTESIAN_POINT ( 'NONE',  ( 28.85338462533560033, 0.2543279687901365826, -2.254327968790134307 ) ) ;
#1510 =( BOUNDED_CURVE ( )  B_SPLINE_CURVE ( 2, ( #3041, #3639, #5301, #4746, #5894, #4088, #1221, #2441, #799 ),
 .UNSPECIFIED., .F., .T. ) 
 B_SPLINE_CURVE_WITH_KNOTS ( ( 3, 2, 2, 2, 3 ),
 ( 0.8750000000000000000, 0.8828125000000000000, 0.8906250000000000000, 0.8984374999999998890, 0.9062499999999998890 ),
 .UNSPECIFIED. ) 
 CURVE ( )  GEOMETRIC_REPRESENTATION_ITEM ( )  RATIONAL_B_SPLINE_CURVE ( ( 1.000000000000000000, 0.9238795325112867385, 1.000000000000000000, 0.9238795325112867385, 1.000000000000000000, 0.9238795325112867385, 1.000000000000000000, 0.9238795325112878487, 0.9999999999999988898 ) ) 
 REPRESENTATION_ITEM ( '' )  );
#1511 = EDGE_LOOP ( 'NONE', ( #518, #5502, #7050, #5558 ) ) ;
#1512 = FACE_OUTER_BOUND ( 'NONE', #1511, .T. ) ;
#1513 = CARTESIAN_POINT ( 'NONE',  ( 25.66588462738398491, -3.656854249492381914, 3.999999999999999112 ) ) ;
#1514 = CARTESIAN_POINT ( 'NONE',  ( 46.57213462738398846, -1.999999999999998224, 4.000000000000000000 ) ) ;
#1515 = CARTESIAN_POINT ( 'NONE',  ( -2.828427124746140109, -0.9999999959032449537, -2.828427124746171639 ) ) ;
#1516 = CARTESIAN_POINT ( 'NONE',  ( 1.656854249492381248, 4.718750004096773587, -3.999999999999974243 ) ) ;
#1517 = CARTESIAN_POINT ( 'NONE',  ( 2.828427124746227594, -7.937500000000007105, 2.828427124746171195 ) ) ;
#1518 = CARTESIAN_POINT ( 'NONE',  ( 38.88463462533560033, -5.188101187499997380, -1.320554750080271678 ) ) ;
#1519 = CARTESIAN_POINT ( 'NONE',  ( 28.66588462533559678, 1.188101187500001599, 1.952148957314875220E-16 ) ) ;
#1520 = CARTESIAN_POINT ( 'NONE',  ( 30.16588462738398491, -3.656854249492381914, 3.999999999999999112 ) ) ;
#1521 = CARTESIAN_POINT ( 'NONE',  ( 37.57213462533560033, 1.188101187500002043, -1.320554750080270123 ) ) ;
#1522 = CARTESIAN_POINT ( 'NONE',  ( 50.69713462328721221, 0.8284271247461921783, 2.828427124746190291 ) ) ;
#1523 = AXIS2_PLACEMENT_3D ( 'NONE', #3662, #3137, #6067 ) ;
#1524 = CARTESIAN_POINT ( 'NONE',  ( 43.00963462533559323, -5.188101187499997380, -1.320554750080271678 ) ) ;
#1525 = ORIENTED_EDGE ( 'NONE', *, *, #490, .T. ) ;
#1526 = CARTESIAN_POINT ( 'NONE',  ( 39.54088462328721221, -3.656854249492377917, -4.000000000000000888 ) ) ;
#1527 = ORIENTED_EDGE ( 'NONE', *, *, #3768, .T. ) ;
#1528 = VERTEX_POINT ( 'NONE', #4037 ) ;
#1529 = EDGE_CURVE ( 'NONE', #1161, #3085, #1135, .T. ) ;
#1530 =( NAMED_UNIT ( * ) SI_UNIT ( $, .STERADIAN. ) SOLID_ANGLE_UNIT ( ) );
#1531 = CARTESIAN_POINT ( 'NONE',  ( 47.60338462533560033, -4.254327968790133419, 2.254327968790133863 ) ) ;
#1532 = CARTESIAN_POINT ( 'NONE',  ( 43.29088462738398846, 2.000000000000001776, 1.656854249492381026 ) ) ;
#1533 = CARTESIAN_POINT ( 'NONE',  ( -3.999999999999973355, 7.999999999999972466, 0.000000000000000000 ) ) ;
#1534 = CARTESIAN_POINT ( 'NONE',  ( -2.254327968790112546, 6.968750002048368586, -2.254327968790116099 ) ) ;
#1535 = CARTESIAN_POINT ( 'NONE',  ( -3.188101187499924993, -6.062499997951635855, -1.320554750080258799 ) ) ;
#1536 = CARTESIAN_POINT ( 'NONE',  ( 43.75963462738398846, -4.828427124746188959, 2.828427124746189403 ) ) ;
#1537 = CARTESIAN_POINT ( 'NONE',  ( 47.60338462533560033, -4.254327968790133419, 2.254327968790133863 ) ) ;
#1538 = DIRECTION ( 'NONE',  ( 1.000000000000000000, 0.000000000000000000, 0.000000000000000000 ) ) ;
#1539 = VECTOR ( 'NONE', #5811, 1000.000000000000000 ) ;
#1540 = CARTESIAN_POINT ( 'NONE',  ( 3.999999999986163957, -7.562632420862622773, 7.308513344557695501E-06 ) ) ;
#1541 = EDGE_LOOP ( 'NONE', ( #6673, #2355, #6167, #413 ) ) ;
#1542 = CARTESIAN_POINT ( 'NONE',  ( -2.254327968790071246, -5.031249997951633190, -2.254327968790116099 ) ) ;
#1543 = CIRCLE ( 'NONE', #4528, 7.999999999999996447 ) ;
#1544 = CARTESIAN_POINT ( 'NONE',  ( -1.656854249492364151, 6.406250004096760264, -3.999999999999974243 ) ) ;
#1545 = DIRECTION ( 'NONE',  ( -1.000000000000000000, -0.000000000000000000, -0.000000000000000000 ) ) ;
#1546 = CARTESIAN_POINT ( 'NONE',  ( 33.44713462328721221, -4.828427124746188959, -2.828427124746190735 ) ) ;
#1547 = CARTESIAN_POINT ( 'NONE',  ( 3.188101187500015588, -3.999999997951613651, -1.320554750080259021 ) ) ;
#1548 = EDGE_CURVE ( 'NONE', #3986, #2390, #1415, .T. ) ;
#1549 = CARTESIAN_POINT ( 'NONE',  ( 4.000000000000028422, -7.750000000000003553, -4.898587196589381274E-16 ) ) ;
#1550 = CARTESIAN_POINT ( 'NONE',  ( 31.47838462533560033, 0.2543279687901365826, -2.254327968790134307 ) ) ;
#1551 = CARTESIAN_POINT ( 'NONE',  ( 37.00963462533560033, -3.320554750080270345, 3.188101187499999156 ) ) ;
#1552 = CARTESIAN_POINT ( 'NONE',  ( 28.10338462533560033, -4.254327968790133419, 2.254327968790133863 ) ) ;
#1553 = EDGE_LOOP ( 'NONE', ( #7318, #5026 ) ) ;
#1554 = CARTESIAN_POINT ( 'NONE',  ( 30.35338462533560033, 0.2543279687901370267, 2.254327968790135195 ) ) ;
#1555 = DIRECTION ( 'NONE',  ( -1.000000000000000000, 0.000000000000000000, 0.000000000000000000 ) ) ;
#1556 = CARTESIAN_POINT ( 'NONE',  ( -1.320554750080235262, 1.250000002048371250, -3.188101187499973399 ) ) ;
#1557 = CARTESIAN_POINT ( 'NONE',  ( -2.828427124746130339, -3.624999995903245509, 2.828427124746172083 ) ) ;
#1558 = CARTESIAN_POINT ( 'NONE',  ( 3.999999999999998224, 1.343750004096778694, 1.656854249492369036 ) ) ;
#1559 = DIRECTION ( 'NONE',  ( -1.000000000000000000, -0.000000000000000000, -0.000000000000000000 ) ) ;
#1560 = DIRECTION ( 'NONE',  ( -1.000000000000000000, -3.469446951953636671E-15, 0.000000000000000000 ) ) ;
#1561 =( BOUNDED_CURVE ( )  B_SPLINE_CURVE ( 2, ( #6604, #6492, #1463, #5414, #2551, #308, #1426, #4932, #5968 ),
 .UNSPECIFIED., .F., .T. ) 
 B_SPLINE_CURVE_WITH_KNOTS ( ( 3, 2, 2, 2, 3 ),
 ( 0.2727272727272727071, 0.2840909090909091161, 0.2954545454545454142, 0.3068181818181817677, 0.3181818181818181213 ),
 .UNSPECIFIED. ) 
 CURVE ( )  GEOMETRIC_REPRESENTATION_ITEM ( )  RATIONAL_B_SPLINE_CURVE ( ( 1.000000000000000000, 0.9238795325112867385, 1.000000000000000000, 0.9238795325112867385, 1.000000000000000000, 0.9238795325112867385, 1.000000000000000000, 0.9238795325112870716, 0.9999999999999996669 ) ) 
 REPRESENTATION_ITEM ( '' )  );
#1562 = CARTESIAN_POINT ( 'NONE',  ( 37.19713462533560033, -5.188101187499998268, 1.320554750080270345 ) ) ;
#1563 = CARTESIAN_POINT ( 'NONE',  ( 27.54088462533560033, -1.999999999999998224, 3.188101187500000044 ) ) ;
#1564 = CARTESIAN_POINT ( 'NONE',  ( 43.38463462533560744, -0.6794452499197279893, -3.188101187500000044 ) ) ;
#1565 = CARTESIAN_POINT ( 'NONE',  ( 33.07213462533560744, 1.188101187500002043, -1.320554750080270123 ) ) ;
#1566 = CARTESIAN_POINT ( 'NONE',  ( 46.38463462328720510, -1.999999999999998224, 4.000000000000000000 ) ) ;
#1567 = CARTESIAN_POINT ( 'NONE',  ( 38.88463462533560033, -0.6794452499197283224, -3.188101187499999600 ) ) ;
#1568 = CARTESIAN_POINT ( 'NONE',  ( 34.29088462328720510, -0.3431457505076178638, 4.000000000000000000 ) ) ;
#1569 = ORIENTED_EDGE ( 'NONE', *, *, #1499, .T. ) ;
#1570 = ORIENTED_EDGE ( 'NONE', *, *, #2379, .T. ) ;
#1571 = CARTESIAN_POINT ( 'NONE',  ( 2.828427124746214716, -4.374999995903225525, -2.828427124746171639 ) ) ;
#1572 = DIRECTION ( 'NONE',  ( 1.000000000000000000, 0.000000000000000000, 0.000000000000000000 ) ) ;
#1573 = CARTESIAN_POINT ( 'NONE',  ( 41.41588462533560033, -1.999999999999998224, 3.188101187500000044 ) ) ;
#1574 = CARTESIAN_POINT ( 'NONE',  ( 40.29088462738398846, 2.000000000000001776, 1.656854249492381026 ) ) ;
#1575 = CARTESIAN_POINT ( 'NONE',  ( 3.188101187500001377, 0.3125000020483869045, 1.320554750080258577 ) ) ;
#1576 = CARTESIAN_POINT ( 'NONE',  ( 42.35338462738398846, -5.999999999999997335, 1.656854249492381248 ) ) ;
#1577 = CARTESIAN_POINT ( 'NONE',  ( 3.999999999997201794, -1.562440428417912308, -3.278214128716870046E-06 ) ) ;
#1578 = CARTESIAN_POINT ( 'NONE',  ( -3.188101187499965405, 5.937500002048364145, -1.320554750080258799 ) ) ;
#1579 = AXIS2_PLACEMENT_3D ( 'NONE', #3970, #1, #5602 ) ;
#1580 = CARTESIAN_POINT ( 'NONE',  ( 46.94713462533560033, 1.188101187500001599, -1.320554750080269679 ) ) ;
#1581 = DIRECTION ( 'NONE',  ( -3.430248998885766570E-15, 1.000000000000000000, -0.000000000000000000 ) ) ;
#1582 = CARTESIAN_POINT ( 'NONE',  ( 3.999999999999998224, 1.249999999999999334, -4.898587196589381274E-16 ) ) ;
#1583 = CARTESIAN_POINT ( 'NONE',  ( -3.188101187499918332, -7.843749997951638520, 0.000000000000000000 ) ) ;
#1584 = CARTESIAN_POINT ( 'NONE',  ( 4.000000000000011546, -6.156250000000000888, -1.656854249492382136 ) ) ;
#1585 = CARTESIAN_POINT ( 'NONE',  ( 31.10338462328720865, 2.000000000000001776, 1.656854249492381026 ) ) ;
#1586 = CARTESIAN_POINT ( 'NONE',  ( 3.188101187500022249, -5.687499997951614539, 1.320554750080258577 ) ) ;
#1587 = CARTESIAN_POINT ( 'NONE',  ( -3.999999999999921840, -7.000000000000030198, 0.000000000000000000 ) ) ;
#1588 = CARTESIAN_POINT ( 'NONE',  ( 12.19713980940288067, -4.057867358151403536, -7.735194828475388640 ) ) ;
#1589 = CARTESIAN_POINT ( 'NONE',  ( 2.828427124746227594, -7.937500000000007105, 2.828427124746171195 ) ) ;
#1590 = CARTESIAN_POINT ( 'NONE',  ( 36.72838462533560744, 0.2543279687901365826, 2.254327968790134751 ) ) ;
#1591 = CARTESIAN_POINT ( 'NONE',  ( 35.97838462738398135, -0.3431457505075998227, 3.999999999999981792 ) ) ;
#1592 = ORIENTED_EDGE ( 'NONE', *, *, #507, .F. ) ;
#1593 = CARTESIAN_POINT ( 'NONE',  ( -3.999999999999936495, -2.593750000000030198, -1.656854249492369702 ) ) ;
#1594 = CARTESIAN_POINT ( 'NONE',  ( -3.999999999999968914, 6.687500004096752271, 0.000000000000000000 ) ) ;
#1595 = CARTESIAN_POINT ( 'NONE',  ( 33.72838462738399556, -3.656854249492414777, -3.999999999999965361 ) ) ;
#1596 = ADVANCED_FACE ( 'NONE', ( #6965 ), #1870, .F. ) ;
#1597 = CARTESIAN_POINT ( 'NONE',  ( 3.188101187500000044, 0.6875000020483872376, 1.320554750080258577 ) ) ;
#1598 = CARTESIAN_POINT ( 'NONE',  ( 2.828427124746199173, 0.1250000040967742532, -2.828427124746171639 ) ) ;
#1599 = CARTESIAN_POINT ( 'NONE',  ( 2.828427124746190735, 2.750000004096774919, 2.828427124746171195 ) ) ;
#1600 = CARTESIAN_POINT ( 'NONE',  ( 32.32213462533560033, -0.6794452499197284334, 3.188101187499999600 ) ) ;
#1601 = CARTESIAN_POINT ( 'NONE',  ( 27.72838462533560033, -4.254327968790133419, 2.254327968790133863 ) ) ;
#1602 = AXIS2_PLACEMENT_3D ( 'NONE', #3203, #963, #5509 ) ;
#1603 = CARTESIAN_POINT ( 'NONE',  ( 48.25963462533561454, 1.188101187500002043, 1.320554750080270123 ) ) ;
#1604 = CARTESIAN_POINT ( 'NONE',  ( 33.44713462533560033, -0.6794452499197284334, 3.188101187500000488 ) ) ;
#1605 = CARTESIAN_POINT ( 'NONE',  ( 39.63463462738398846, -4.828427124746188959, -2.828427124746190735 ) ) ;
#1606 = EDGE_CURVE ( 'NONE', #5444, #3479, #5763, .T. ) ;
#1607 = CARTESIAN_POINT ( 'NONE',  ( 38.50963462533560033, -5.188101187499997380, -1.320554750080271678 ) ) ;
#1608 = CARTESIAN_POINT ( 'NONE',  ( 36.54088462328720510, -3.656854249492377917, -4.000000000000000888 ) ) ;
#1609 = ORIENTED_EDGE ( 'NONE', *, *, #4236, .T. ) ;
#1610 = DIRECTION ( 'NONE',  ( -3.430248998885766570E-15, 1.000000000000000000, -0.000000000000000000 ) ) ;
#1611 = CARTESIAN_POINT ( 'NONE',  ( 38.69713462533560033, -5.188101187499998268, 1.320554750080270567 ) ) ;
#1612 = CARTESIAN_POINT ( 'NONE',  ( 50.88463462328721221, -1.999999999999998224, 0.000000000000000000 ) ) ;
#1613 = CARTESIAN_POINT ( 'NONE',  ( 41.88463462738398846, 0.8284271247461921783, 2.828427124746190291 ) ) ;
#1614 = CARTESIAN_POINT ( 'NONE',  ( 48.72838462533560033, -4.254327968790133419, 2.254327968790134307 ) ) ;
#1615 = CARTESIAN_POINT ( 'NONE',  ( -3.188101187499948974, 1.250000002048364367, 1.320554750080261019 ) ) ;
#1616 = CARTESIAN_POINT ( 'NONE',  ( 42.16588462738398846, -3.656854249492390352, 3.999999999999989786 ) ) ;
#1617 = CARTESIAN_POINT ( 'NONE',  ( 41.13463462328721221, -1.999999999999997780, -4.000000000000000000 ) ) ;
#1618 = CARTESIAN_POINT ( 'NONE',  ( -2.254327968790097891, 2.843750002048368142, -2.254327968790116099 ) ) ;
#1619 = CARTESIAN_POINT ( 'NONE',  ( 50.60338462328721221, 2.000000000000001776, 1.656854249492381026 ) ) ;
#1620 = CARTESIAN_POINT ( 'NONE',  ( 43.00963462738398846, 0.8284271247461921783, -2.828427124746189847 ) ) ;
#1621 = EDGE_CURVE ( 'NONE', #258, #1376, #6241, .T. ) ;
#1622 = CARTESIAN_POINT ( 'NONE',  ( 6.879017941685367287E-15, 6.124999999999986677, -3.999999999999974243 ) ) ;
#1623 = CARTESIAN_POINT ( 'NONE',  ( 35.22838462328719089, -0.3431457505075994341, -3.999999999999981792 ) ) ;
#1624 = CARTESIAN_POINT ( 'NONE',  ( -2.254327968790066361, -6.156249997951632302, 2.254327968790116543 ) ) ;
#1625 = DIRECTION ( 'NONE',  ( 0.000000000000000000, 0.000000000000000000, 1.000000000000000000 ) ) ;
#1626 = CARTESIAN_POINT ( 'NONE',  ( 50.65025962431140982, -1.999999999999998224, 3.594050593750000022 ) ) ;
#1627 = CARTESIAN_POINT ( 'NONE',  ( -1.656854249492364151, 6.406250004096760264, -3.999999999999974243 ) ) ;
#1628 = LINE ( 'NONE', #5173, #7192 ) ;
#1629 = EDGE_CURVE ( 'NONE', #4615, #735, #1914, .T. ) ;
#1630 =( BOUNDED_CURVE ( )  B_SPLINE_CURVE ( 2, ( #3419, #7239, #5677, #2217, #2858, #6717, #1571, #2028, #3376 ),
 .UNSPECIFIED., .F., .T. ) 
 B_SPLINE_CURVE_WITH_KNOTS ( ( 3, 2, 2, 2, 3 ),
 ( 0.6562352973504492759, 0.6679537832915823925, 0.6796722707177504930, 0.6913907581439185934, 0.7031092517278028087 ),
 .UNSPECIFIED. ) 
 CURVE ( )  GEOMETRIC_REPRESENTATION_ITEM ( )  RATIONAL_B_SPLINE_CURVE ( ( 1.000000000000000000, 0.9238795325112867385, 1.000000000000000000, 0.9238795325112867385, 1.000000000000000000, 0.9238795325112867385, 1.000000000000000000, 0.9238795325112867385, 1.000000000000000000 ) ) 
 REPRESENTATION_ITEM ( '' )  );
#1631 = CARTESIAN_POINT ( 'NONE',  ( 43.29088462328720510, -0.3431457505076269676, 4.000000000000009770 ) ) ;
#1632 = CARTESIAN_POINT ( 'NONE',  ( 36.07213462533560033, -3.320554750080268569, -3.188101187500000488 ) ) ;
#1633 = CARTESIAN_POINT ( 'NONE',  ( -1.046824263860710369, -8.000000000000015987, 3.860590493770601039 ) ) ;
#1634 = CARTESIAN_POINT ( 'NONE',  ( 27.82213462328720865, 0.8284271247461921783, -2.828427124746189847 ) ) ;
#1635 = ORIENTED_EDGE ( 'NONE', *, *, #546, .F. ) ;
#1636 = CARTESIAN_POINT ( 'NONE',  ( -1.656854249492329734, -3.718750000000020428, 3.999999999999972911 ) ) ;
#1637 = CARTESIAN_POINT ( 'NONE',  ( 28.19713462533560744, -3.320554750080268569, -3.188101187500000933 ) ) ;
#1638 = CARTESIAN_POINT ( 'NONE',  ( -3.999999999999913403, -3.812500017855602330, -3.879670016734493466E-07 ) ) ;
#1639 = CARTESIAN_POINT ( 'NONE',  ( -1.320554750080227491, -1.187499997951628750, 3.188101187499972955 ) ) ;
#1640 = CARTESIAN_POINT ( 'NONE',  ( 4.066049141879541916E-14, -3.437499995903235739, 3.999999999999974243 ) ) ;
#1641 = ORIENTED_EDGE ( 'NONE', *, *, #4131, .F. ) ;
#1642 = CARTESIAN_POINT ( 'NONE',  ( 40.38463462738398846, 0.8284271247461921783, 2.828427124746190291 ) ) ;
#1643 = CARTESIAN_POINT ( 'NONE',  ( 1.656854249492376141, 6.218750004096771811, -3.999999999999974243 ) ) ;
#1644 = EDGE_CURVE ( 'NONE', #944, #2126, #2678, .T. ) ;
#1645 = CARTESIAN_POINT ( 'NONE',  ( 33.44713462533560744, 1.188101187500001599, -1.320554750080269679 ) ) ;
#1646 = CARTESIAN_POINT ( 'NONE',  ( 27.44713462533560033, -0.6794452499197284334, 3.188101187499999600 ) ) ;
#1647 = CARTESIAN_POINT ( 'NONE',  ( 46.29088462533560033, -1.999999999999997780, -3.188101187500000488 ) ) ;
#1648 = CARTESIAN_POINT ( 'NONE',  ( 33.25963462533560033, 1.188101187500002043, 1.320554750080270123 ) ) ;
#1649 =( BOUNDED_CURVE ( )  B_SPLINE_CURVE ( 2, ( #1050, #3249, #5595, #1010, #5639, #450, #6713, #6669, #7234 ),
 .UNSPECIFIED., .F., .T. ) 
 B_SPLINE_CURVE_WITH_KNOTS ( ( 3, 2, 2, 2, 3 ),
 ( 0.9090909090909089496, 0.9204545454545453032, 0.9318181818181816567, 0.9431818181818181213, 0.9545454545454544748 ),
 .UNSPECIFIED. ) 
 CURVE ( )  GEOMETRIC_REPRESENTATION_ITEM ( )  RATIONAL_B_SPLINE_CURVE ( ( 1.000000000000000666, 0.9238795325112859613, 1.000000000000000000, 0.9238795325112867385, 1.000000000000000000, 0.9238795325112867385, 1.000000000000000000, 0.9238795325112875156, 0.9999999999999992228 ) ) 
 REPRESENTATION_ITEM ( '' )  );
#1650 = CARTESIAN_POINT ( 'NONE',  ( 45.82213462328721221, 0.8284271247461921783, -2.828427124746189847 ) ) ;
#1651 = CARTESIAN_POINT ( 'NONE',  ( 41.88463462533560033, -0.6794452499197283224, -3.188101187499999600 ) ) ;
#1652 = CARTESIAN_POINT ( 'NONE',  ( 34.47838462328721221, -3.656854249492381914, 3.999999999999999112 ) ) ;
#1653 = ORIENTED_EDGE ( 'NONE', *, *, #5744, .F. ) ;
#1654 = LINE ( 'NONE', #6675, #6726 ) ;
#1655 = EDGE_CURVE ( 'NONE', #3186, #4824, #5432, .T. ) ;
#1656 = DIRECTION ( 'NONE',  ( 0.9984341427865311980, 0.04325732148722818277, -0.03546923534381411086 ) ) ;
#1657 = CARTESIAN_POINT ( 'NONE',  ( 41.22838462533560033, 0.2543279687901365826, 2.254327968790134751 ) ) ;
#1658 = CARTESIAN_POINT ( 'NONE',  ( -2.828427124746134780, -2.499999995903244621, -2.828427124746171639 ) ) ;
#1659 = CARTESIAN_POINT ( 'NONE',  ( 42.35338462738398846, -5.999999999999997335, 1.656854249492381248 ) ) ;
#1660 = CARTESIAN_POINT ( 'NONE',  ( 48.54088462533560033, -1.999999999999998224, 3.188101187500000488 ) ) ;
#1661 = CARTESIAN_POINT ( 'NONE',  ( 1.320554750080293438, -1.374999997951620090, 3.188101187499972955 ) ) ;
#1662 = CARTESIAN_POINT ( 'NONE',  ( 37.19713462738398135, 2.000000000000001776, 2.449293598294706414E-16 ) ) ;
#1663 = DIRECTION ( 'NONE',  ( 0.000000000000000000, 0.000000000000000000, 1.000000000000000000 ) ) ;
#1664 = CARTESIAN_POINT ( 'NONE',  ( -1.320554750080247475, 4.812500002048373027, 3.188101187499973399 ) ) ;
#1665 = CARTESIAN_POINT ( 'NONE',  ( 50.04088462328721931, -3.656854249492377917, -4.000000000000000888 ) ) ;
#1666 = CARTESIAN_POINT ( 'NONE',  ( 48.16588462533560033, -1.999999999999997780, -3.188101187500000044 ) ) ;
#1667 = CARTESIAN_POINT ( 'NONE',  ( 29.88463462328720510, -1.999999999999998224, 4.000000000000000000 ) ) ;
#1668 = CARTESIAN_POINT ( 'NONE',  ( 41.88463462328721221, -1.999999999999998224, 4.000000000000000000 ) ) ;
#1669 = ORIENTED_EDGE ( 'NONE', *, *, #3192, .T. ) ;
#1670 = CARTESIAN_POINT ( 'NONE',  ( 2.254327968790164505, -5.781249997951618091, 2.254327968790115655 ) ) ;
#1671 = CARTESIAN_POINT ( 'NONE',  ( 34.57213462738398135, -1.999999999999998224, 4.000000000000000000 ) ) ;
#1672 = FACE_OUTER_BOUND ( 'NONE', #985, .T. ) ;
#1673 = CARTESIAN_POINT ( 'NONE',  ( 4.000000000000014211, -3.156249995903221972, 1.656854249492369036 ) ) ;
#1674 = CARTESIAN_POINT ( 'NONE',  ( 42.82213462328721221, 0.8284271247461921783, -2.828427124746189847 ) ) ;
#1675 = CARTESIAN_POINT ( 'NONE',  ( 27.44713462533560033, 1.188101187500001599, -1.320554750080269679 ) ) ;
#1676 = CARTESIAN_POINT ( 'NONE',  ( 38.50963462328720510, 2.000000000000001776, 2.449293598294706414E-16 ) ) ;
#1677 = CARTESIAN_POINT ( 'NONE',  ( 3.999999999999987121, 4.531250004096779804, -1.656854249492369924 ) ) ;
#1678 = EDGE_LOOP ( 'NONE', ( #2230, #4127, #6174, #6520 ) ) ;
#1679 = CARTESIAN_POINT ( 'NONE',  ( -3.999999999999936495, -2.406250000000029754, 1.656854249492372588 ) ) ;
#1680 = CARTESIAN_POINT ( 'NONE',  ( 26.13463462533560033, -3.320554750080270345, 3.188101187499999156 ) ) ;
#1681 = CARTESIAN_POINT ( 'NONE',  ( 1.656854249492411446, -3.343749995903229522, 3.999999999999973355 ) ) ;
#1682 = CARTESIAN_POINT ( 'NONE',  ( 1.320554750080276785, 3.500000002048380132, 3.188101187499972955 ) ) ;
#1683 = CARTESIAN_POINT ( 'NONE',  ( -2.254327968790077019, -3.156249997951633635, -2.254327968790116099 ) ) ;
#1684 = APPROVAL_PERSON_ORGANIZATION ( #106, #5711, #4207 ) ;
#1685 = PRODUCT_DEFINITION_SHAPE ( 'NONE', 'NONE',  #7316 ) ;
#1686 = VECTOR ( 'NONE', #6124, 1000.000000000000000 ) ;
#1687 = CARTESIAN_POINT ( 'NONE',  ( 2.828427124746226706, -7.749999995903226413, 2.828427124746171195 ) ) ;
#1688 =( BOUNDED_SURFACE ( )  B_SPLINE_SURFACE ( 1, 2, ( 
 ( #6378, #689, #6410, #3565, #3005, #3038, #2439, #5892, #1822, #6490, #1854, #5298, #7019, #192, #2513, #266, #4117, #6450, #5789, #5819, #3637, #2410, #4185, #4744, #4709, #4085, #1347, #156, #1312, #123, #1959, #797, #4226, #3073, #1277, #2975, #1384, #4676, #6983, #2548, #1888, #6949, #5332, #722, #5267, #835, #3111, #4148, #1247, #3672, #3600, #5855, #4780, #6342, #3536, #230, #5372, #760, #6918, #7056, #2473, #5234, #1495, #3782, #2626, #7090, #6603, #6038, #5965, #4891, #4819, #3182, #870, #2031, #1424, #3147, #5450, #4853, #5413, #2069, #6564, #1997, #4335, #4261, #6526, #3713, #7167, #306, #2587, #344, #7126, #4299, #1462, #3745, #6004, #905, #174, #1980, #2530, #210, #1868, #4244, #5315, #6470, #5283, #7111, #6509, #2014, #3692, #6998, #5836, #4280, #2455, #4762, #326, #7036, #4724, #1403, #1903, #3056, #3728, #5984, #4166, #6393, #6545, #6428, #3619, #2569, #6964, #4132, #5948, #1443, #5874, #887, #853, #5351, #3130, #3166, #5431, #5394, #1293, #4693, #3582, #1329, #286, #740, #4798, #780, #1938, #3021, #2491, #7074, #4206, #1364, #4837, #3654, #5908, #814, #3091, #246, #1587, #4419, #431, #5422, #4939, #3791, #915, #3869, #1549, #2636, #4900, #7255, #2715, #6694, #1030 ),
 ( #6013, #5021, #3831, #1627, #5496, #356, #6170, #2157, #4456, #6127, #3315, #5578, #2760, #5460, #7180, #5537, #317, #394, #6734, #3193, #2194, #4378, #2079, #472, #6650, #7296, #3908, #3157, #3755, #2676, #6086, #2598, #6049, #991, #1470, #1505, #3230, #4863, #7138, #2040, #952, #4310, #4979, #6574, #2115, #4345, #6610, #7217, #3272, #2838, #4023, #3990, #4086, #5097, #3950, #5729, #7336, #6886, #2346, #618, #3354, #2873, #1716, #6206, #1786, #6854, #548, #7372, #5172, #2909, #4609, #6311, #1113, #5659, #58, #4054, #656, #3396, #2944, #1751, #6919, #3438, #2271, #1071, #1219, #2380, #3506, #5759, #5207, #92, #4534, #6817, #3473, #5622, #5692, #4642, #6245, #1823, #2312, #1150, #513, #4573, #2799, #5060, #2234, #1673, #581, #6281, #4496, #5135, #1185, #6774, #18, #6411, #6344, #7057, #1248, #6984, #5236, #3673, #7091, #3006, #3074, #193, #6491, #724, #1278, #6950, #1961, #2474, #836, #1855, #2440, #1998, #4820, #2411, #4118, #5268, #1348, #3537, #4186, #4745, #124, #5790, #1889, #5929, #3638, #6379, #1922, #3112, #5893, #7020, #4710, #157, #4677, #5820, #5299, #6451, #798, #3566, #5333, #4149, #3039, #4227, #231, #268, #1313, #1385, #2514, #4781, #3602, #5373, #2549, #690, #2976 ) ),
 .UNSPECIFIED., .F., .F., .F. ) 
 B_SPLINE_SURFACE_WITH_KNOTS ( ( 2, 2 ),
 ( 3, 2, 2, 2, 2, 2, 2, 2, 2, 2, 2, 2, 2, 2, 2, 2, 2, 2, 2, 2, 2, 2, 2, 2, 2, 2, 2, 2, 2, 2, 2, 2, 2, 2, 2, 2, 2, 2, 2, 2, 2, 2, 2, 2, 2, 2, 2, 2, 2, 2, 2, 2, 2, 2, 2, 2, 2, 2, 2, 2, 2, 2, 2, 2, 2, 2, 2, 2, 2, 2, 2, 2, 2, 2, 2, 2, 2, 2, 2, 2, 2, 2, 2, 2, 2, 2, 2, 3 ),
 ( 0.000000000000000000, 1.000000000000000000 ),
 ( 0.000000000000000000, 0.01136363636363636395, 0.02272727272727272790, 0.03409090909090908839, 0.04545454545454545581, 0.05681818181818181629, 0.06818181818181817677, 0.07954545454545454419, 0.09090909090909091161, 0.1022727272727272790, 0.1136363636363636326, 0.1250000000000000000, 0.1363636363636363535, 0.1477272727272727348, 0.1590909090909090884, 0.1704545454545454419, 0.1818181818181818232, 0.1931818181818181768, 0.2045454545454545581, 0.2159090909090909116, 0.2272727272727272652, 0.2386363636363636465, 0.2500000000000000000, 0.2613636363636363535, 0.2727272727272727071, 0.2840909090909091161, 0.2954545454545454697, 0.3068181818181818232, 0.3181818181818181768, 0.3295454545454545303, 0.3409090909090908839, 0.3522727272727272929, 0.3636363636363636465, 0.3750000000000000000, 0.3863636363636363535, 0.3977272727272727071, 0.4090909090909091161, 0.4204545454545454697, 0.4318181818181818232, 0.4431818181818181768, 0.4545454545454545303, 0.4659090909090908839, 0.4772727272727272929, 0.4886363636363636465, 0.5000000000000000000, 0.5113636363636363535, 0.5227272727272727071, 0.5340909090909090606, 0.5454545454545454142, 0.5568181818181817677, 0.5681818181818182323, 0.5795454545454545858, 0.5909090909090909394, 0.6022727272727272929, 0.6136363636363636465, 0.6250000000000000000, 0.6363636363636363535, 0.6477272727272727071, 0.6590909090909090606, 0.6704545454545454142, 0.6818181818181817677, 0.6931818181818182323, 0.7045454545454545858, 0.7159090909090909394, 0.7272727272727272929, 0.7386363636363636465, 0.7500000000000000000, 0.7613636363636363535, 0.7727272727272727071, 0.7840909090909090606, 0.7954545454545454142, 0.8068181818181817677, 0.8181818181818182323, 0.8295454545454545858, 0.8409090909090909394, 0.8522727272727272929, 0.8636363636363636465, 0.8750000000000000000, 0.8863636363636363535, 0.8977272727272727071, 0.9090909090909090606, 0.9204545454545454142, 0.9318181818181817677, 0.9431818181818182323, 0.9545454545454545858, 0.9659090909090909394, 0.9697186975053330160, 0.9794158844803863007 ),
 .UNSPECIFIED. ) 
 GEOMETRIC_REPRESENTATION_ITEM ( )  RATIONAL_B_SPLINE_SURFACE ( (
 ( 1.000000000000000000, 0.9238795325112867385, 1.000000000000000000, 0.9238795325112867385, 1.000000000000000000, 0.9238795325112867385, 1.000000000000000000, 0.9238795325112867385, 1.000000000000000000, 0.9238795325112867385, 1.000000000000000000, 0.9238795325112867385, 1.000000000000000000, 0.9238795325112867385, 1.000000000000000000, 0.9238795325112867385, 1.000000000000000000, 0.9238795325112867385, 1.000000000000000000, 0.9238795325112867385, 1.000000000000000000, 0.9238795325112867385, 1.000000000000000000, 0.9238795325112867385, 1.000000000000000000, 0.9238795325112867385, 1.000000000000000000, 0.9238795325112867385, 1.000000000000000000, 0.9238795325112867385, 1.000000000000000000, 0.9238795325112867385, 1.000000000000000000, 0.9238795325112867385, 1.000000000000000000, 0.9238795325112867385, 1.000000000000000000, 0.9238795325112867385, 1.000000000000000000, 0.9238795325112867385, 1.000000000000000000, 0.9238795325112867385, 1.000000000000000000, 0.9238795325112867385, 1.000000000000000000, 0.9238795325112867385, 1.000000000000000000, 0.9238795325112867385, 1.000000000000000000, 0.9238795325112867385, 1.000000000000000000, 0.9238795325112867385, 1.000000000000000000, 0.9238795325112867385, 1.000000000000000000, 0.9238795325112867385, 1.000000000000000000, 0.9238795325112867385, 1.000000000000000000, 0.9238795325112867385, 1.000000000000000000, 0.9238795325112867385, 1.000000000000000000, 0.9238795325112867385, 1.000000000000000000, 0.9238795325112867385, 1.000000000000000000, 0.9238795325112867385, 1.000000000000000000, 0.9238795325112867385, 1.000000000000000000, 0.9238795325112867385, 1.000000000000000000, 0.9238795325112867385, 1.000000000000000000, 0.9238795325112867385, 1.000000000000000000, 0.9238795325112867385, 1.000000000000000000, 0.9238795325112867385, 1.000000000000000000, 0.9238795325112867385, 1.000000000000000000, 0.9238795325112867385, 1.000000000000000000, 0.9238795325112867385, 1.000000000000000000, 0.9238795325112867385, 1.000000000000000000, 0.9238795325112867385, 1.000000000000000000, 0.9238795325112867385, 1.000000000000000000, 0.9238795325112867385, 1.000000000000000000, 0.9238795325112867385, 1.000000000000000000, 0.9238795325112867385, 1.000000000000000000, 0.9238795325112867385, 1.000000000000000000, 0.9238795325112867385, 1.000000000000000000, 0.9238795325112867385, 1.000000000000000000, 0.9238795325112867385, 1.000000000000000000, 0.9238795325112867385, 1.000000000000000000, 0.9238795325112867385, 1.000000000000000000, 0.9238795325112867385, 1.000000000000000000, 0.9238795325112867385, 1.000000000000000000, 0.9238795325112867385, 1.000000000000000000, 0.9238795325112867385, 1.000000000000000000, 0.9238795325112867385, 1.000000000000000000, 0.9238795325112867385, 1.000000000000000000, 0.9238795325112867385, 1.000000000000000000, 0.9238795325112867385, 1.000000000000000000, 0.9238795325112867385, 1.000000000000000000, 0.9238795325112867385, 1.000000000000000000, 0.9238795325112867385, 1.000000000000000000, 0.9238795325112867385, 1.000000000000000000, 0.9238795325112867385, 1.000000000000000000, 0.9238795325112867385, 1.000000000000000000, 0.9238795325112867385, 1.000000000000000000, 0.9238795325112867385, 1.000000000000000000, 0.9238795325112867385, 1.000000000000000000, 0.9238795325112867385, 1.000000000000000000, 0.9238795325112867385, 1.000000000000000000, 0.9238795325112867385, 1.000000000000000000, 0.9238795325112867385, 1.000000000000000000, 0.9238795325112867385, 1.000000000000000000, 0.9238795325112867385, 1.000000000000000000, 0.9238795325112867385, 1.000000000000000000, 0.9238795325112867385, 1.000000000000000000, 0.9238795325112867385, 1.000000000000000000, 0.9238795325112867385, 1.000000000000000000, 0.9238795325112867385, 1.000000000000000000, 0.9238795325112867385, 1.000000000000000000, 0.9238795325112867385, 1.000000000000000000, 0.9744809649152451625, 0.9660722070828866581, 0.9660722070828866581, 0.9660722070828866581),
 ( 1.000000000000000000, 0.9238795325112867385, 1.000000000000000000, 0.9238795325112867385, 1.000000000000000000, 0.9238795325112867385, 1.000000000000000000, 0.9238795325112867385, 1.000000000000000000, 0.9238795325112867385, 1.000000000000000000, 0.9238795325112867385, 1.000000000000000000, 0.9238795325112867385, 1.000000000000000000, 0.9238795325112867385, 1.000000000000000000, 0.9238795325112867385, 1.000000000000000000, 0.9238795325112867385, 1.000000000000000000, 0.9238795325112867385, 1.000000000000000000, 0.9238795325112867385, 1.000000000000000000, 0.9238795325112867385, 1.000000000000000000, 0.9238795325112867385, 1.000000000000000000, 0.9238795325112867385, 1.000000000000000000, 0.9238795325112867385, 1.000000000000000000, 0.9238795325112867385, 1.000000000000000000, 0.9238795325112867385, 1.000000000000000000, 0.9238795325112867385, 1.000000000000000000, 0.9238795325112867385, 1.000000000000000000, 0.9238795325112867385, 1.000000000000000000, 0.9238795325112867385, 1.000000000000000000, 0.9238795325112867385, 1.000000000000000000, 0.9238795325112867385, 1.000000000000000000, 0.9238795325112867385, 1.000000000000000000, 0.9238795325112867385, 1.000000000000000000, 0.9238795325112867385, 1.000000000000000000, 0.9238795325112867385, 1.000000000000000000, 0.9238795325112867385, 1.000000000000000000, 0.9238795325112867385, 1.000000000000000000, 0.9238795325112867385, 1.000000000000000000, 0.9238795325112867385, 1.000000000000000000, 0.9238795325112867385, 1.000000000000000000, 0.9238795325112867385, 1.000000000000000000, 0.9238795325112867385, 1.000000000000000000, 0.9238795325112867385, 1.000000000000000000, 0.9238795325112867385, 1.000000000000000000, 0.9238795325112867385, 1.000000000000000000, 0.9238795325112867385, 1.000000000000000000, 0.9238795325112867385, 1.000000000000000000, 0.9238795325112867385, 1.000000000000000000, 0.9238795325112867385, 1.000000000000000000, 0.9238795325112867385, 1.000000000000000000, 0.9238795325112867385, 1.000000000000000000, 0.9238795325112867385, 1.000000000000000000, 0.9238795325112867385, 1.000000000000000000, 0.9238795325112867385, 1.000000000000000000, 0.9238795325112867385, 1.000000000000000000, 0.9238795325112867385, 1.000000000000000000, 0.9238795325112867385, 1.000000000000000000, 0.9238795325112867385, 1.000000000000000000, 0.9238795325112867385, 1.000000000000000000, 0.9238795325112867385, 1.000000000000000000, 0.9238795325112867385, 1.000000000000000000, 0.9238795325112867385, 1.000000000000000000, 0.9238795325112867385, 1.000000000000000000, 0.9238795325112867385, 1.000000000000000000, 0.9238795325112867385, 1.000000000000000000, 0.9238795325112867385, 1.000000000000000000, 0.9238795325112867385, 1.000000000000000000, 0.9238795325112867385, 1.000000000000000000, 0.9238795325112867385, 1.000000000000000000, 0.9238795325112867385, 1.000000000000000000, 0.9238795325112867385, 1.000000000000000000, 0.9238795325112867385, 1.000000000000000000, 0.9238795325112867385, 1.000000000000000000, 0.9238795325112867385, 1.000000000000000000, 0.9238795325112867385, 1.000000000000000000, 0.9238795325112867385, 1.000000000000000000, 0.9238795325112867385, 1.000000000000000000, 0.9238795325112867385, 1.000000000000000000, 0.9238795325112867385, 1.000000000000000000, 0.9238795325112867385, 1.000000000000000000, 0.9238795325112867385, 1.000000000000000000, 0.9238795325112867385, 1.000000000000000000, 0.9238795325112867385, 1.000000000000000000, 0.9238795325112867385, 1.000000000000000000, 0.9238795325112867385, 1.000000000000000000, 0.9238795325112867385, 1.000000000000000000, 0.9238795325112867385, 1.000000000000000000, 0.9238795325112867385, 1.000000000000000000, 0.9238795325112867385, 1.000000000000000000, 0.9238795325112867385, 1.000000000000000000, 0.9238795325112867385, 1.000000000000000000, 0.9238795325112867385, 1.000000000000000000, 0.9744809649152451625, 0.9660722070828866581, 0.9660722070828866581, 0.9660722070828866581) ) ) 
 REPRESENTATION_ITEM ( '' )  SURFACE ( )  );
#1689 = CARTESIAN_POINT ( 'NONE',  ( 40.10338462738398135, 2.000000000000001776, -1.656854249492380138 ) ) ;
#1690 = CARTESIAN_POINT ( 'NONE',  ( 30.35338462533560033, 0.2543279687901365826, -2.254327968790134307 ) ) ;
#1691 = CARTESIAN_POINT ( 'NONE',  ( 26.13463462533560033, -3.320554750080270345, 3.188101187499999156 ) ) ;
#1692 = CARTESIAN_POINT ( 'NONE',  ( 44.13463462533560033, -3.320554750080270345, 3.188101187499999156 ) ) ;
#1693 = CARTESIAN_POINT ( 'NONE',  ( 31.10338462533560033, -4.254327968790133419, -2.254327968790135639 ) ) ;
#1694 = DIRECTION ( 'NONE',  ( -1.000000000000000000, 0.000000000000000000, -1.224646799147353207E-16 ) ) ;
#1695 = CARTESIAN_POINT ( 'NONE',  ( 39.72838462533560033, -4.254327968790133419, 2.254327968790133863 ) ) ;
#1696 = VERTEX_POINT ( 'NONE', #7038 ) ;
#1697 = ORIENTED_EDGE ( 'NONE', *, *, #6624, .F. ) ;
#1698 = DIRECTION ( 'NONE',  ( 0.000000000000000000, 0.000000000000000000, -1.000000000000000000 ) ) ;
#1699 =( BOUNDED_CURVE ( )  B_SPLINE_CURVE ( 2, ( #3454, #5708, #5247, #4723, #5220, #1901, #137, #6359, #2422 ),
 .UNSPECIFIED., .F., .T. ) 
 B_SPLINE_CURVE_WITH_KNOTS ( ( 3, 2, 2, 2, 3 ),
 ( 0.8636363636363635354, 0.8749999999999998890, 0.8863636363636362425, 0.8977272727272725961, 0.9090909090909089496 ),
 .UNSPECIFIED. ) 
 CURVE ( )  GEOMETRIC_REPRESENTATION_ITEM ( )  RATIONAL_B_SPLINE_CURVE ( ( 1.000000000000000666, 0.9238795325112859613, 1.000000000000000000, 0.9238795325112867385, 1.000000000000000000, 0.9238795325112867385, 1.000000000000000000, 0.9238795325112875156, 0.9999999999999992228 ) ) 
 REPRESENTATION_ITEM ( '' )  );
#1700 = SHAPE_REPRESENTATION_RELATIONSHIP ( 'NONE' , 'NONE' ,  #6116, #5363 ) ;
#1701 = CARTESIAN_POINT ( 'NONE',  ( 37.85338462533560033, 0.2543279687901365826, -2.254327968790134307 ) ) ;
#1702 = CARTESIAN_POINT ( 'NONE',  ( 42.07213462738398846, -1.999999999999998224, 4.000000000000000000 ) ) ;
#1703 = CARTESIAN_POINT ( 'NONE',  ( 49.57213462533560744, 1.188101187500002043, -1.320554750080270123 ) ) ;
#1704 = CARTESIAN_POINT ( 'NONE',  ( 1.320554750080279449, 2.187500002048380132, -3.188101187499973399 ) ) ;
#1705 = CARTESIAN_POINT ( 'NONE',  ( 2.828427124746196952, 1.062499999999995781, 2.828427124746171195 ) ) ;
#1706 = CARTESIAN_POINT ( 'NONE',  ( 40.47838462328721221, -3.656854249492381914, 3.999999999999999112 ) ) ;
#1707 = CARTESIAN_POINT ( 'NONE',  ( 3.188101187499988054, 3.875000002048387238, -1.320554750080259021 ) ) ;
#1708 = CARTESIAN_POINT ( 'NONE',  ( 48.63463462328721221, -1.999999999999997780, -4.000000000000000000 ) ) ;
#1709 = CARTESIAN_POINT ( 'NONE',  ( 45.63463462533560033, 1.188101187500001599, 1.320554750080270123 ) ) ;
#1710 = CARTESIAN_POINT ( 'NONE',  ( 3.999999999999976463, 5.843749999999999112, -1.656854249492376363 ) ) ;
#1711 = PLANE ( 'NONE',  #2710 ) ;
#1712 = ORIENTED_EDGE ( 'NONE', *, *, #4924, .F. ) ;
#1713 = CARTESIAN_POINT ( 'NONE',  ( 2.254327968790124981, 5.468750002048383685, -2.254327968790116099 ) ) ;
#1714 = APPROVAL_PERSON_ORGANIZATION ( #5222, #6337, #4627 ) ;
#1715 = CARTESIAN_POINT ( 'NONE',  ( 27.35338462328720865, -5.999999999999997335, -1.656854249492382580 ) ) ;
#1716 = CARTESIAN_POINT ( 'NONE',  ( -2.828427124746145882, 0.8750000040967558235, 2.828427124746172083 ) ) ;
#1717 = FACE_OUTER_BOUND ( 'NONE', #5240, .T. ) ;
#1718 = CARTESIAN_POINT ( 'NONE',  ( 31.29088462533560033, -5.188101187499998268, -5.856446871944625661E-16 ) ) ;
#1719 = CARTESIAN_POINT ( 'NONE',  ( -3.999999999999986233, 7.999999999999972466, 0.000000000000000000 ) ) ;
#1720 = AXIS2_PLACEMENT_3D ( 'NONE', #1180, #542, #2832 ) ;
#1721 = CARTESIAN_POINT ( 'NONE',  ( 3.999999999999988010, 4.343750004096780692, 1.656854249492369036 ) ) ;
#1722 = ORIENTED_EDGE ( 'NONE', *, *, #6833, .T. ) ;
#1723 = CARTESIAN_POINT ( 'NONE',  ( 1.656854249492412778, -4.468750000000010658, -3.999999999999974243 ) ) ;
#1724 = CARTESIAN_POINT ( 'NONE',  ( 3.188101187499984057, 5.000000002048387238, -1.320554750080259021 ) ) ;
#1725 = CARTESIAN_POINT ( 'NONE',  ( 33.82213462328721221, 0.8284271247461921783, -2.828427124746189847 ) ) ;
#1726 = CARTESIAN_POINT ( 'NONE',  ( 1.320554750080278117, 2.562500002048380132, -3.188101187499973399 ) ) ;
#1727 = CARTESIAN_POINT ( 'NONE',  ( -3.188101187499930322, -4.374999997951636743, 1.320554750080261019 ) ) ;
#1728 = CARTESIAN_POINT ( 'NONE',  ( 1.999961942709789220, -9.311776285143681164, 3.464123587245772296 ) ) ;
#1729 = EDGE_LOOP ( 'NONE', ( #6960, #4329, #7227, #4383, #791 ) ) ;
#1730 = CARTESIAN_POINT ( 'NONE',  ( 33.07213462533560744, -3.320554750080268569, -3.188101187500000488 ) ) ;
#1731 = CARTESIAN_POINT ( 'NONE',  ( 47.97838462533560033, -4.254327968790132530, -2.254327968790135195 ) ) ;
#1732 = CARTESIAN_POINT ( 'NONE',  ( 39.63463462533560744, -3.320554750080270345, 3.188101187499999156 ) ) ;
#1733 = AXIS2_PLACEMENT_3D ( 'NONE', #47, #4559, #3975 ) ;
#1734 = ORIENTED_EDGE ( 'NONE', *, *, #4045, .F. ) ;
#1735 = CARTESIAN_POINT ( 'NONE',  ( -1.656854249492324405, -5.218750000000020428, 3.999999999999973355 ) ) ;
#1736 = CALENDAR_DATE ( 2026, 27, 9 ) ;
#1737 = EDGE_CURVE ( 'NONE', #3433, #5407, #4675, .T. ) ;
#1738 = CARTESIAN_POINT ( 'NONE',  ( 31.66588462533560033, -1.999999999999997780, -3.188101187500000044 ) ) ;
#1739 = CARTESIAN_POINT ( 'NONE',  ( 41.32213462738398846, -1.999999999999997780, -4.000000000000000000 ) ) ;
#1740 = CARTESIAN_POINT ( 'NONE',  ( 47.13463462533560033, -3.320554750080270345, 3.188101187499999156 ) ) ;
#1741 = CARTESIAN_POINT ( 'NONE',  ( -3.188101187499938760, -1.749999997951635633, 1.320554750080261019 ) ) ;
#1742 = CARTESIAN_POINT ( 'NONE',  ( 37.00963462738398135, 0.8284271247461921783, -2.828427124746189847 ) ) ;
#1743 = CARTESIAN_POINT ( 'NONE',  ( 46.94713462738398846, -5.999999999999998224, -7.347880794884119736E-16 ) ) ;
#1744 = CARTESIAN_POINT ( 'NONE',  ( 2.254327968790148073, -0.9062499979516158710, 2.254327968790115655 ) ) ;
#1745 = CARTESIAN_POINT ( 'NONE',  ( 26.69713462533560033, -5.188101187499998268, 1.320554750080270345 ) ) ;
#1746 = CARTESIAN_POINT ( 'NONE',  ( 46.10338462533560033, -4.254327968790133419, 2.254327968790133863 ) ) ;
#1747 = CARTESIAN_POINT ( 'NONE',  ( 1.656854249492375919, 6.968749999999991118, 3.999999999999973355 ) ) ;
#1748 = CARTESIAN_POINT ( 'NONE',  ( 1.320554750080281892, 2.000000002048380576, 3.188101187499972955 ) ) ;
#1749 = DIRECTION ( 'NONE',  ( -1.000000000000000000, -0.000000000000000000, -0.000000000000000000 ) ) ;
#1750 = CARTESIAN_POINT ( 'NONE',  ( -1.320554750080202844, -8.124999997951631414, -3.188101187499973843 ) ) ;
#1751 = CARTESIAN_POINT ( 'NONE',  ( -3.999999999999942712, -0.7187499959032490615, 1.656854249492372588 ) ) ;
#1752 = EDGE_CURVE ( 'NONE', #2061, #5626, #5430, .T. ) ;
#1753 = CARTESIAN_POINT ( 'NONE',  ( -3.999999999999854339, -2.312499772347189175, -8.138466717400794133E-07 ) ) ;
#1754 = CARTESIAN_POINT ( 'NONE',  ( 26.50963462533560033, -3.320554750080270345, 3.188101187499999156 ) ) ;
#1755 = CARTESIAN_POINT ( 'NONE',  ( -3.999999999999948042, 0.6875000040967513826, 0.000000000000000000 ) ) ;
#1756 = VERTEX_POINT ( 'NONE', #327 ) ;
#1757 = CARTESIAN_POINT ( 'NONE',  ( -3.188101187499969846, 7.156250002048365033, 0.000000000000000000 ) ) ;
#1758 = CARTESIAN_POINT ( 'NONE',  ( 38.60338462738398846, 2.000000000000001776, -1.656854249492380138 ) ) ;
#1759 = CARTESIAN_POINT ( 'NONE',  ( -1.320554750080206619, -7.187499997951631414, 3.188101187499972955 ) ) ;
#1760 = CARTESIAN_POINT ( 'NONE',  ( 1.320554750080297213, -2.499999997951621200, 3.188101187499972955 ) ) ;
#1761 = CARTESIAN_POINT ( 'NONE',  ( 2.828427124746224930, -7.374999995903226413, -2.828427124746171639 ) ) ;
#1762 = CC_DESIGN_PERSON_AND_ORGANIZATION_ASSIGNMENT ( #4556, #6903, ( #741 ) ) ;
#1763 = ORIENTED_EDGE ( 'NONE', *, *, #2012, .F. ) ;
#1764 = CARTESIAN_POINT ( 'NONE',  ( 33.25963462533560033, -0.6794452499197283224, -3.188101187499999600 ) ) ;
#1765 = CARTESIAN_POINT ( 'NONE',  ( 48.82213462533560744, -0.6794452499197284334, 3.188101187499999600 ) ) ;
#1766 = CARTESIAN_POINT ( 'NONE',  ( 40.10338462533560033, -4.254327968790133419, -2.254327968790135639 ) ) ;
#1767 = CARTESIAN_POINT ( 'NONE',  ( 30.82213462738398491, -1.999999999999997780, -4.000000000000000000 ) ) ;
#1768 = AXIS2_PLACEMENT_3D ( 'NONE', #509, #1066, #6729 ) ;
#1769 = CARTESIAN_POINT ( 'NONE',  ( 31.00963462328720865, 2.000000000000001776, 2.449293598294706414E-16 ) ) ;
#1770 = CARTESIAN_POINT ( 'NONE',  ( 11.25632886682510581, -9.573812113600459028, 2.589779730155219450 ) ) ;
#1771 = PERSON_AND_ORGANIZATION_ROLE ( 'classification_officer' ) ;
#1772 = CARTESIAN_POINT ( 'NONE',  ( 35.13463462533560033, 1.188101187500001599, 1.320554750080270123 ) ) ;
#1773 = CARTESIAN_POINT ( 'NONE',  ( 2.828427124746173860, 7.437499999999996447, -2.828427124746171639 ) ) ;
#1774 = CARTESIAN_POINT ( 'NONE',  ( 35.79088462738398846, 2.000000000000001776, 1.656854249492381026 ) ) ;
#1775 = CARTESIAN_POINT ( 'NONE',  ( 49.66588462533560033, 1.188101187500002043, 1.952148957314875467E-16 ) ) ;
#1776 = CARTESIAN_POINT ( 'NONE',  ( 4.000000000000000000, 2.656249999999999556, 1.656854249492362596 ) ) ;
#1777 = CYLINDRICAL_SURFACE ( 'NONE', #4179, 3.999999999999974243 ) ;
#1778 = CARTESIAN_POINT ( 'NONE',  ( -1.320554750080224826, -1.749999997951628972, -3.188101187499973843 ) ) ;
#1779 = CARTESIAN_POINT ( 'NONE',  ( 50.69713462328721221, 0.8284271247461921783, 2.828427124746190291 ) ) ;
#1780 = EDGE_CURVE ( 'NONE', #5600, #6356, #4336, .T. ) ;
#1781 = CARTESIAN_POINT ( 'NONE',  ( 50.04088462533560033, 1.188101187500001599, 1.952148957314875220E-16 ) ) ;
#1782 = CARTESIAN_POINT ( 'NONE',  ( 36.44713462738398135, -5.999999999999998224, -7.347880794884119736E-16 ) ) ;
#1783 = CARTESIAN_POINT ( 'NONE',  ( 3.188101187499989386, 3.687500002048387238, 1.320554750080258577 ) ) ;
#1784 = CONICAL_SURFACE ( 'NONE', #1183, 4.000000000000000000, 0.3183626660897629357 ) ;
#1785 = CARTESIAN_POINT ( 'NONE',  ( -2.254327968790065917, -6.531249997951633190, -2.254327968790116099 ) ) ;
#1786 = CARTESIAN_POINT ( 'NONE',  ( -3.999999999999948042, 0.6875000040967513826, 0.000000000000000000 ) ) ;
#1787 = LINE ( 'NONE', #3397, #5652 ) ;
#1788 = CARTESIAN_POINT ( 'NONE',  ( -2.828427124746133892, -2.687500000000026645, -2.828427124746171639 ) ) ;
#1789 = CARTESIAN_POINT ( 'NONE',  ( 49.19713462738398846, 2.000000000000001776, 2.449293598294706414E-16 ) ) ;
#1790 = DIRECTION ( 'NONE',  ( -6.073145640927669019E-05, 0.9999999975410608366, 3.506520381081316707E-05 ) ) ;
#1791 = VERTEX_POINT ( 'NONE', #4319 ) ;
#1792 = CARTESIAN_POINT ( 'NONE',  ( -3.188101187499969846, 7.156250002048365033, 0.000000000000000000 ) ) ;
#1793 = CARTESIAN_POINT ( 'NONE',  ( -3.188101187499935207, -2.968749997951636743, 0.000000000000000000 ) ) ;
#1794 = CARTESIAN_POINT ( 'NONE',  ( -2.254327968790062364, -7.281249997951634079, 2.254327968790116543 ) ) ;
#1795 = EDGE_CURVE ( 'NONE', #5959, #3009, #5876, .T. ) ;
#1796 = CARTESIAN_POINT ( 'NONE',  ( 2.254327968790120984, 6.593750002048384573, -2.254327968790116099 ) ) ;
#1797 = VERTEX_POINT ( 'NONE', #5395 ) ;
#1798 = CARTESIAN_POINT ( 'NONE',  ( 48.07213462533560744, -3.320554750080268569, -3.188101187500000488 ) ) ;
#1799 = SECURITY_CLASSIFICATION ( '', '', #6023 ) ;
#1800 = CARTESIAN_POINT ( 'NONE',  ( 41.32213462533560033, -5.188101187499998268, 1.320554750080270567 ) ) ;
#1801 = AXIS2_PLACEMENT_3D ( 'NONE', #3119, #1320, #3608 ) ;
#1802 = CARTESIAN_POINT ( 'NONE',  ( 48.63463462738398846, -4.828427124746188959, -2.828427124746190735 ) ) ;
#1803 =( BOUNDED_CURVE ( )  B_SPLINE_CURVE ( 2, ( #4296, #2704, #4367, #4888, #4332, #1576, #4408, #1616, #3895 ),
 .UNSPECIFIED., .F., .T. ) 
 B_SPLINE_CURVE_WITH_KNOTS ( ( 3, 2, 2, 2, 3 ),
 ( 0.2812499999999998890, 0.2890624999999998890, 0.2968749999999998890, 0.3046874999999999445, 0.3124999999999999445 ),
 .UNSPECIFIED. ) 
 CURVE ( )  GEOMETRIC_REPRESENTATION_ITEM ( )  RATIONAL_B_SPLINE_CURVE ( ( 1.000000000000001110, 0.9238795325112856283, 1.000000000000000000, 0.9238795325112867385, 1.000000000000000000, 0.9238795325112867385, 1.000000000000000000, 0.9238795325112872936, 0.9999999999999994449 ) ) 
 REPRESENTATION_ITEM ( '' )  );
#1804 = CARTESIAN_POINT ( 'NONE',  ( 49.94713462328721221, -4.828427124746188959, -2.828427124746190735 ) ) ;
#1805 = CARTESIAN_POINT ( 'NONE',  ( -3.999999999999927169, -5.500000000000029310, 0.000000000000000000 ) ) ;
#1806 = DATE_AND_TIME ( #1296, #980 ) ;
#1807 = CARTESIAN_POINT ( 'NONE',  ( 33.91588462533559323, -1.999999999999998224, 3.188101187500000044 ) ) ;
#1808 = CARTESIAN_POINT ( 'NONE',  ( 32.50963462738398846, 0.8284271247461921783, -2.828427124746189847 ) ) ;
#1809 = CARTESIAN_POINT ( 'NONE',  ( 45.25963462533560744, 1.188101187500002043, 1.320554750080270123 ) ) ;
#1810 = CARTESIAN_POINT ( 'NONE',  ( -1.320554750080215944, -4.562499997951628750, 3.188101187499972955 ) ) ;
#1811 = CARTESIAN_POINT ( 'NONE',  ( 48.35338462533560033, 0.2543279687901365826, 2.254327968790134751 ) ) ;
#1812 = CARTESIAN_POINT ( 'NONE',  ( 3.188101187500004929, -0.8124999979516142057, 1.320554750080258577 ) ) ;
#1813 = CARTESIAN_POINT ( 'NONE',  ( 48.16588462328721221, -5.999999999999997335, 1.656854249492381248 ) ) ;
#1814 = ORIENTED_EDGE ( 'NONE', *, *, #2855, .T. ) ;
#1815 = AXIS2_PLACEMENT_3D ( 'NONE', #634, #6295, #2359 ) ;
#1816 =( BOUNDED_CURVE ( )  B_SPLINE_CURVE ( 2, ( #6237, #4567, #1143, #5687, #6848, #4491, #6767, #3984, #6276 ),
 .UNSPECIFIED., .F., .T. ) 
 B_SPLINE_CURVE_WITH_KNOTS ( ( 3, 2, 2, 2, 3 ),
 ( 0.6562499999999998890, 0.6640624999999998890, 0.6718749999999998890, 0.6796874999999998890, 0.6874999999999998890 ),
 .UNSPECIFIED. ) 
 CURVE ( )  GEOMETRIC_REPRESENTATION_ITEM ( )  RATIONAL_B_SPLINE_CURVE ( ( 1.000000000000001110, 0.9238795325112856283, 1.000000000000000000, 0.9238795325112867385, 1.000000000000000000, 0.9238795325112867385, 1.000000000000000000, 0.9238795325112878487, 0.9999999999999988898 ) ) 
 REPRESENTATION_ITEM ( '' )  );
#1817 = CARTESIAN_POINT ( 'NONE',  ( 29.32213462328720510, 0.8284271247461921783, -2.828427124746189847 ) ) ;
#1818 = CARTESIAN_POINT ( 'NONE',  ( 4.000000000000003553, -0.2500000000000019429, -4.898587196589381274E-16 ) ) ;
#1819 = CARTESIAN_POINT ( 'NONE',  ( 1.656854249492396791, 0.2187500040967708670, -3.999999999999974243 ) ) ;
#1820 = ADVANCED_FACE ( 'NONE', ( #2531 ), #4800, .T. ) ;
#1821 = CARTESIAN_POINT ( 'NONE',  ( 2.254327968790127201, 5.093750002048384573, 2.254327968790115655 ) ) ;
#1822 = CARTESIAN_POINT ( 'NONE',  ( 3.999999999999977351, 7.250000000000000000, -4.898587196589381274E-16 ) ) ;
#1823 = CARTESIAN_POINT ( 'NONE',  ( -3.999999999999937383, -2.406249995903249062, -1.656854249492369702 ) ) ;
#1824 = CARTESIAN_POINT ( 'NONE',  ( 4.000000000000003553, -0.1562499959032208063, 1.656854249492369036 ) ) ;
#1825 = CARTESIAN_POINT ( 'NONE',  ( 26.69713462533560033, -5.188101187499998268, 1.320554750080270345 ) ) ;
#1826 = DIRECTION ( 'NONE',  ( 1.000000000000000000, 0.000000000000000000, 0.000000000000000000 ) ) ;
#1827 = ORIENTED_EDGE ( 'NONE', *, *, #3727, .T. ) ;
#1828 = CARTESIAN_POINT ( 'NONE',  ( 3.188101187499981393, 6.312500002048388126, 1.320554750080258577 ) ) ;
#1829 = CARTESIAN_POINT ( 'NONE',  ( 3.188101187500024469, -6.718749997951614539, -3.904297914629718393E-16 ) ) ;
#1830 = CARTESIAN_POINT ( 'NONE',  ( 4.455427610528511581E-14, -4.843749997951625197, -3.188101187499973399 ) ) ;
#1831 = CARTESIAN_POINT ( 'NONE',  ( -1.656854249492325293, -5.031249995903240624, 3.999999999999972911 ) ) ;
#1832 = ORIENTED_EDGE ( 'NONE', *, *, #3694, .T. ) ;
#1833 = CARTESIAN_POINT ( 'NONE',  ( 44.88463462533560033, -5.188101187499997380, -1.320554750080271678 ) ) ;
#1834 = ADVANCED_FACE ( 'NONE', ( #2571 ), #4245, .T. ) ;
#1835 = CARTESIAN_POINT ( 'NONE',  ( 37.85338462533560033, 0.2543279687901370267, 2.254327968790135195 ) ) ;
#1836 = CYLINDRICAL_SURFACE ( 'NONE', #4890, 4.000000000000000000 ) ;
#1837 = CARTESIAN_POINT ( 'NONE',  ( -2.828427124746151211, 2.375000004096756268, 2.828427124746172083 ) ) ;
#1838 = CARTESIAN_POINT ( 'NONE',  ( 11.28796547106319892, -9.395696357464787596, 3.083683584786694354 ) ) ;
#1839 = APPLICATION_PROTOCOL_DEFINITION ( 'international standard', 'config_control_design', 1994, #4974 ) ;
#1840 = CARTESIAN_POINT ( 'NONE',  ( 33.35338462533560033, 0.2543279687901365826, -2.254327968790134307 ) ) ;
#1841 = CARTESIAN_POINT ( 'NONE',  ( 32.41588462738398846, -0.3431457505076173642, -4.000000000000000000 ) ) ;
#1842 = CARTESIAN_POINT ( 'NONE',  ( 46.29088462533560033, -1.999999999999997780, -3.188101187500000488 ) ) ;
#1843 = CARTESIAN_POINT ( 'NONE',  ( 4.584061947986728114E-14, -5.218749997951626085, -3.188101187499973399 ) ) ;
#1844 = LINE ( 'NONE', #3496, #355 ) ;
#1845 =( BOUNDED_CURVE ( )  B_SPLINE_CURVE ( 2, ( #6270, #1776, #739, #3020, #2828, #6426, #3617, #7364, #5873 ),
 .UNSPECIFIED., .F., .T. ) 
 B_SPLINE_CURVE_WITH_KNOTS ( ( 3, 2, 2, 2, 3 ),
 ( 0.3181818181818181213, 0.3295454545454544748, 0.3409090909090908283, 0.3522727272727272374, 0.3636363636363635909 ),
 .UNSPECIFIED. ) 
 CURVE ( )  GEOMETRIC_REPRESENTATION_ITEM ( )  RATIONAL_B_SPLINE_CURVE ( ( 1.000000000000000444, 0.9238795325112864054, 1.000000000000000000, 0.9238795325112867385, 1.000000000000000000, 0.9238795325112867385, 1.000000000000000000, 0.9238795325112870716, 0.9999999999999996669 ) ) 
 REPRESENTATION_ITEM ( '' )  );
#1846 = CARTESIAN_POINT ( 'NONE',  ( 48.07213462328721221, -4.828427124746188959, 2.828427124746189403 ) ) ;
#1847 = ORIENTED_EDGE ( 'NONE', *, *, #7279, .F. ) ;
#1848 = PRODUCT_DEFINITION ( 'UNKNOWN', '', #5724, #4432 ) ;
#1849 = AXIS2_PLACEMENT_3D ( 'NONE', #3490, #637, #1294 ) ;
#1850 = CARTESIAN_POINT ( 'NONE',  ( 1.594002944889497231, -8.468027810501931540, 2.761004127744565828 ) ) ;
#1851 = CARTESIAN_POINT ( 'NONE',  ( -2.828427124746149879, 1.812499999999974687, -2.828427124746171639 ) ) ;
#1852 = DIRECTION ( 'NONE',  ( -1.000000000000000000, -3.469446951953636671E-15, 0.000000000000000000 ) ) ;
#1853 = CARTESIAN_POINT ( 'NONE',  ( 3.188101187500010703, -2.312499997951613651, 1.320554750080258577 ) ) ;
#1854 = CARTESIAN_POINT ( 'NONE',  ( 2.828427124746176080, 7.062499999999996447, 2.828427124746171195 ) ) ;
#1855 = CARTESIAN_POINT ( 'NONE',  ( -1.656854249492322628, -5.593749995903241512, -3.999999999999974243 ) ) ;
#1856 = CARTESIAN_POINT ( 'NONE',  ( 36.35338462328721931, -5.999999999999997335, -1.656854249492382580 ) ) ;
#1857 = CARTESIAN_POINT ( 'NONE',  ( 43.19713462738398846, 2.000000000000001776, 2.449293598294706414E-16 ) ) ;
#1858 = CARTESIAN_POINT ( 'NONE',  ( -3.999999999999926725, -5.218749995903249506, 1.656854249492372366 ) ) ;
#1859 = VERTEX_POINT ( 'NONE', #888 ) ;
#1860 = CARTESIAN_POINT ( 'NONE',  ( 2.254327968790120984, 6.593750002048384573, -2.254327968790116099 ) ) ;
#1861 = CARTESIAN_POINT ( 'NONE',  ( 2.254327968790160952, -5.031249997951618091, -2.254327968790116099 ) ) ;
#1862 = CARTESIAN_POINT ( 'NONE',  ( 2.346729832031429840E-14, 1.531250002048375913, 3.188101187499973399 ) ) ;
#1863 = EDGE_CURVE ( 'NONE', #4960, #4714, #1873, .T. ) ;
#1864 = EDGE_LOOP ( 'NONE', ( #1722, #3738, #6422, #4461 ) ) ;
#1865 = CARTESIAN_POINT ( 'NONE',  ( 44.04088462533560744, 1.188101187500001599, 1.952148957314875220E-16 ) ) ;
#1866 = CARTESIAN_POINT ( 'NONE',  ( 39.35338462533560033, 0.2543279687901370267, 2.254327968790135195 ) ) ;
#1867 = CARTESIAN_POINT ( 'NONE',  ( -3.999999999997621902, 3.687499759437375957, -4.323891263408920803E-06 ) ) ;
#1868 = CARTESIAN_POINT ( 'NONE',  ( 3.260588543332861775E-14, -1.375000000000015099, -3.999999999999974243 ) ) ;
#1869 = EDGE_CURVE ( 'NONE', #4424, #4681, #1083, .T. ) ;
#1870 = CYLINDRICAL_SURFACE ( 'NONE', #1849, 3.999999999999974243 ) ;
#1871 = CARTESIAN_POINT ( 'NONE',  ( 44.32213462533560744, -0.6794452499197284334, 3.188101187499999600 ) ) ;
#1872 = PERSON_AND_ORGANIZATION_ROLE ( 'design_owner' ) ;
#1873 =( BOUNDED_CURVE ( )  B_SPLINE_CURVE ( 2, ( #6510, #3167, #1405, #2457, #4168, #6429, #6663, #6140, #3285 ),
 .UNSPECIFIED., .F., .F. ) 
 B_SPLINE_CURVE_WITH_KNOTS ( ( 3, 2, 2, 2, 3 ),
 ( 0.7968571379010404021, 0.8085756324055995981, 0.8202941198317678095, 0.8320126072579359100, 0.8437311155880184987 ),
 .UNSPECIFIED. ) 
 CURVE ( )  GEOMETRIC_REPRESENTATION_ITEM ( )  RATIONAL_B_SPLINE_CURVE ( ( 1.000000000000000000, 0.9238795325112867385, 1.000000000000000000, 0.9238795325112867385, 1.000000000000000000, 0.9238795325112867385, 1.000000000000000000, 0.9238795325112867385, 1.000000000000000000 ) ) 
 REPRESENTATION_ITEM ( '' )  );
#1874 = CARTESIAN_POINT ( 'NONE',  ( 35.60338462533560744, -4.254327968790133419, 2.254327968790133863 ) ) ;
#1875 = CARTESIAN_POINT ( 'NONE',  ( 34.57213462738398135, -1.999999999999998224, 4.000000000000000000 ) ) ;
#1876 = CARTESIAN_POINT ( 'NONE',  ( 42.72838462533560744, -4.254327968790133419, 2.254327968790134307 ) ) ;
#1877 = CARTESIAN_POINT ( 'NONE',  ( 3.188101187500016920, -4.187499997951613651, 1.320554750080258577 ) ) ;
#1878 = CARTESIAN_POINT ( 'NONE',  ( 49.94713462533560744, -0.6794452499197284334, 3.188101187499999600 ) ) ;
#1879 = CARTESIAN_POINT ( 'NONE',  ( 46.47838462328721931, -3.656854249492381914, 3.999999999999999112 ) ) ;
#1880 = EDGE_CURVE ( 'NONE', #1288, #5933, #6516, .T. ) ;
#1881 = EDGE_LOOP ( 'NONE', ( #1847, #2216, #2781, #827, #3704 ) ) ;
#1882 = CARTESIAN_POINT ( 'NONE',  ( 2.828427124746207610, -1.937500000000005107, 2.828427124746171195 ) ) ;
#1883 = CARTESIAN_POINT ( 'NONE',  ( 2.231513843667132040E-14, 1.624999999999984901, -3.999999999999974243 ) ) ;
#1884 = CARTESIAN_POINT ( 'NONE',  ( 4.000000000000001776, 0.03125000409677936714, -1.656854249492370146 ) ) ;
#1885 = CARTESIAN_POINT ( 'NONE',  ( 3.188101187500004929, -0.8124999979516142057, 1.320554750080258577 ) ) ;
#1886 = CARTESIAN_POINT ( 'NONE',  ( 27.72838462328720865, -0.3431457505076174197, -4.000000000000000000 ) ) ;
#1887 =( BOUNDED_CURVE ( )  B_SPLINE_CURVE ( 2, ( #5104, #1595, #5629, #5545, #482, #3876, #3239, #999, #3324 ),
 .UNSPECIFIED., .F., .T. ) 
 B_SPLINE_CURVE_WITH_KNOTS ( ( 3, 2, 2, 2, 3 ),
 ( 0.6562500000000002220, 0.6640625000000002220, 0.6718750000000002220, 0.6796875000000002220, 0.6875000000000002220 ),
 .UNSPECIFIED. ) 
 CURVE ( )  GEOMETRIC_REPRESENTATION_ITEM ( )  RATIONAL_B_SPLINE_CURVE ( ( 0.9999999999999978906, 0.9238795325112888479, 1.000000000000000000, 0.9238795325112867385, 1.000000000000000000, 0.9238795325112867385, 1.000000000000000000, 0.9238795325112846291, 1.000000000000002220 ) ) 
 REPRESENTATION_ITEM ( '' )  );
#1888 = CARTESIAN_POINT ( 'NONE',  ( 3.999999999999988010, 4.249999999999999112, -4.898587196589381274E-16 ) ) ;
#1889 = CARTESIAN_POINT ( 'NONE',  ( -3.999999999999922728, -6.812499995903249506, 0.000000000000000000 ) ) ;
#1890 = CARTESIAN_POINT ( 'NONE',  ( 1.656854249492381914, 4.531249999999991118, -3.999999999999974243 ) ) ;
#1891 = CARTESIAN_POINT ( 'NONE',  ( 48.72838462738398846, -3.656854249492377917, -4.000000000000000888 ) ) ;
#1892 = FACE_OUTER_BOUND ( 'NONE', #3927, .T. ) ;
#1893 = EDGE_LOOP ( 'NONE', ( #5345, #5920 ) ) ;
#1894 = CARTESIAN_POINT ( 'NONE',  ( -1.320554750080235928, 1.437500002048371472, 3.188101187499973399 ) ) ;
#1895 = CARTESIAN_POINT ( 'NONE',  ( 2.254327968790168502, -6.906249997951618091, 2.254327968790115655 ) ) ;
#1896 = CARTESIAN_POINT ( 'NONE',  ( 26.41588462533560033, -5.188101187499998268, -5.856446871944625661E-16 ) ) ;
#1897 = CARTESIAN_POINT ( 'NONE',  ( 2.254327968790141856, 0.5937500020483827967, -2.254327968790116099 ) ) ;
#1898 = ORIENTED_EDGE ( 'NONE', *, *, #6881, .T. ) ;
#1899 = CARTESIAN_POINT ( 'NONE',  ( 37.47838462533560033, -4.254327968790132530, -2.254327968790135195 ) ) ;
#1900 = CARTESIAN_POINT ( 'NONE',  ( 34.00963462533560033, -5.188101187499998268, -1.320554750080271900 ) ) ;
#1901 = CARTESIAN_POINT ( 'NONE',  ( -1.656854249492319298, -6.718750000000020428, 3.999999999999973355 ) ) ;
#1902 = CARTESIAN_POINT ( 'NONE',  ( 1.999970108352337794, -7.999655116241854103, 3.464118872834729412 ) ) ;
#1903 = CARTESIAN_POINT ( 'NONE',  ( 2.828427124746210275, -3.062500000000004441, -2.828427124746171639 ) ) ;
#1904 = CARTESIAN_POINT ( 'NONE',  ( 47.32213462738398846, -1.999999999999997780, -4.000000000000000000 ) ) ;
#1905 = CARTESIAN_POINT ( 'NONE',  ( 41.97838462533560033, -4.254327968790132530, -2.254327968790135195 ) ) ;
#1906 = COORDINATED_UNIVERSAL_TIME_OFFSET ( 8, 0, .AHEAD. ) ;
#1907 = CARTESIAN_POINT ( 'NONE',  ( 28.94713462533560033, 1.188101187500001599, -1.320554750080269679 ) ) ;
#1908 = CARTESIAN_POINT ( 'NONE',  ( 34.00963462738398846, 0.8284271247461921783, -2.828427124746189847 ) ) ;
#1909 = CARTESIAN_POINT ( 'NONE',  ( 45.91588462533560033, -5.188101187499998268, -5.856446871944625661E-16 ) ) ;
#1910 = CARTESIAN_POINT ( 'NONE',  ( 1.957527463471633977, -8.811048504501268752, 2.551128474108656619 ) ) ;
#1911 = CARTESIAN_POINT ( 'NONE',  ( -3.999999999999854339, -2.312499772347189175, -8.138466717400794133E-07 ) ) ;
#1912 = CARTESIAN_POINT ( 'NONE',  ( 43.19713462328721221, 0.8284271247461921783, 2.828427124746190291 ) ) ;
#1913 = ORIENTED_EDGE ( 'NONE', *, *, #6885, .T. ) ;
#1914 =( BOUNDED_CURVE ( )  B_SPLINE_CURVE ( 2, ( #6325, #43, #6264, #3456, #5710, #2329, #4763, #3693, #3620 ),
 .UNSPECIFIED., .F., .F. ) 
 B_SPLINE_CURVE_WITH_KNOTS ( ( 3, 2, 2, 2, 3 ),
 ( 0.7812500000000000000, 0.7890625000000000000, 0.7968750000000000000, 0.8046875000000000000, 0.8125000000000000000 ),
 .UNSPECIFIED. ) 
 CURVE ( )  GEOMETRIC_REPRESENTATION_ITEM ( )  RATIONAL_B_SPLINE_CURVE ( ( 1.000000000000000000, 0.9238795325112867385, 1.000000000000000000, 0.9238795325112867385, 1.000000000000000000, 0.9238795325112867385, 1.000000000000000000, 0.9238795325112867385, 1.000000000000000000 ) ) 
 REPRESENTATION_ITEM ( '' )  );
#1915 = CARTESIAN_POINT ( 'NONE',  ( 1.999970108352337794, -7.999655116241854103, 3.464118872834729412 ) ) ;
#1916 = CARTESIAN_POINT ( 'NONE',  ( 3.999999999999993339, 2.843750004096778916, 1.656854249492369036 ) ) ;
#1917 = CARTESIAN_POINT ( 'NONE',  ( -1.656854249492355491, 3.781249999999980904, 3.999999999999972911 ) ) ;
#1918 = CARTESIAN_POINT ( 'NONE',  ( 13.74772708486752038, -1.999999999999998224, 0.000000000000000000 ) ) ;
#1919 = ADVANCED_FACE ( 'NONE', ( #1003 ), #4390, .T. ) ;
#1920 = CARTESIAN_POINT ( 'NONE',  ( -2.254327968790077463, -2.781249997951633190, 2.254327968790116543 ) ) ;
#1921 = DIRECTION ( 'NONE',  ( 0.000000000000000000, 0.000000000000000000, 1.000000000000000000 ) ) ;
#1922 = CARTESIAN_POINT ( 'NONE',  ( 5.254420772529915966E-14, -7.187499995903235295, -3.999999999999974243 ) ) ;
#1923 = CARTESIAN_POINT ( 'NONE',  ( 36.63463462328721221, -1.999999999999997780, -4.000000000000000000 ) ) ;
#1924 =( BOUNDED_CURVE ( )  B_SPLINE_CURVE ( 2, ( #7369, #2794, #6850, #2266, #12, #6277, #4605, #1623, #1106 ),
 .UNSPECIFIED., .F., .T. ) 
 B_SPLINE_CURVE_WITH_KNOTS ( ( 3, 2, 2, 2, 3 ),
 ( 0.6249999999999998890, 0.6328124999999998890, 0.6406249999999998890, 0.6484374999999998890, 0.6562499999999998890 ),
 .UNSPECIFIED. ) 
 CURVE ( )  GEOMETRIC_REPRESENTATION_ITEM ( )  RATIONAL_B_SPLINE_CURVE ( ( 1.000000000000001110, 0.9238795325112856283, 1.000000000000000000, 0.9238795325112867385, 1.000000000000000000, 0.9238795325112867385, 1.000000000000000000, 0.9238795325112878487, 0.9999999999999988898 ) ) 
 REPRESENTATION_ITEM ( '' )  );
#1925 = CARTESIAN_POINT ( 'NONE',  ( 43.94713462738398846, -5.999999999999998224, -7.347880794884119736E-16 ) ) ;
#1926 = DIRECTION ( 'NONE',  ( 0.000000000000000000, 0.000000000000000000, 1.000000000000000000 ) ) ;
#1927 = ORIENTED_EDGE ( 'NONE', *, *, #1996, .F. ) ;
#1928 = CARTESIAN_POINT ( 'NONE',  ( 2.861267181864295022E-14, 0.03125000204837538598, 3.188101187499973399 ) ) ;
#1929 = CARTESIAN_POINT ( 'NONE',  ( 44.13463462328721221, -1.999999999999997780, -4.000000000000000000 ) ) ;
#1930 = CARTESIAN_POINT ( 'NONE',  ( 29.04088462533560033, -1.999999999999998224, 3.188101187500000488 ) ) ;
#1931 = CARTESIAN_POINT ( 'NONE',  ( 1.320554750080284556, 0.6875000020483794660, -3.188101187499973843 ) ) ;
#1932 = EDGE_LOOP ( 'NONE', ( #4773, #3995, #496, #348 ) ) ;
#1933 = VERTEX_POINT ( 'NONE', #525 ) ;
#1934 = CARTESIAN_POINT ( 'NONE',  ( 38.41588462533560033, -1.999999999999998224, 3.188101187500000044 ) ) ;
#1935 = CARTESIAN_POINT ( 'NONE',  ( 35.79088462533560033, -1.999999999999997780, -3.188101187500000488 ) ) ;
#1936 = CARTESIAN_POINT ( 'NONE',  ( 4.000000000000027534, -7.468749995903221084, -1.656854249492370146 ) ) ;
#1937 = CARTESIAN_POINT ( 'NONE',  ( 46.10338462738398846, 2.000000000000001776, -1.656854249492380138 ) ) ;
#1938 = CARTESIAN_POINT ( 'NONE',  ( 4.804200592831457007E-14, -5.875000000000015987, -3.999999999999974243 ) ) ;
#1939 = APPROVAL_PERSON_ORGANIZATION ( #3491, #925, #5192 ) ;
#1940 = EDGE_CURVE ( 'NONE', #3546, #2317, #2630, .T. ) ;
#1941 = CARTESIAN_POINT ( 'NONE',  ( 41.32213462533560033, -0.6794452499197284334, 3.188101187499999600 ) ) ;
#1942 = CARTESIAN_POINT ( 'NONE',  ( 29.50963462533560033, -3.320554750080270345, 3.188101187499999156 ) ) ;
#1943 = CARTESIAN_POINT ( 'NONE',  ( 28.00963462738398491, 0.8284271247461921783, -2.828427124746189847 ) ) ;
#1944 = CARTESIAN_POINT ( 'NONE',  ( 44.13463462533560033, -3.320554750080270345, 3.188101187499999156 ) ) ;
#1945 = CARTESIAN_POINT ( 'NONE',  ( 3.999999999999988010, 4.249999999999999112, -4.898587196589381274E-16 ) ) ;
#1946 = FACE_OUTER_BOUND ( 'NONE', #4429, .T. ) ;
#1947 = ORIENTED_EDGE ( 'NONE', *, *, #7151, .T. ) ;
#1948 = CARTESIAN_POINT ( 'NONE',  ( 46.00963462328720510, 2.000000000000001776, 2.449293598294706414E-16 ) ) ;
#1949 = ORIENTED_EDGE ( 'NONE', *, *, #3369, .T. ) ;
#1950 = EDGE_CURVE ( 'NONE', #2126, #1013, #1202, .T. ) ;
#1951 = ORIENTED_EDGE ( 'NONE', *, *, #6142, .T. ) ;
#1952 = CARTESIAN_POINT ( 'NONE',  ( 48.16588462533560033, -1.999999999999997780, -3.188101187500000044 ) ) ;
#1953 = CARTESIAN_POINT ( 'NONE',  ( -2.828427124746155652, 3.500000004096755823, -2.828427124746171639 ) ) ;
#1954 = CARTESIAN_POINT ( 'NONE',  ( 3.999999999999992450, 2.843749999999999112, -1.656854249492369924 ) ) ;
#1955 = CARTESIAN_POINT ( 'NONE',  ( -2.254327968790107217, 5.468750002048367698, -2.254327968790116099 ) ) ;
#1956 = CARTESIAN_POINT ( 'NONE',  ( -1.320554750080230155, -0.2499999979516291937, -3.188101187499973843 ) ) ;
#1957 = LINE ( 'NONE', #4542, #3232 ) ;
#1958 =( BOUNDED_SURFACE ( )  B_SPLINE_SURFACE ( 1, 2, ( 
 ( #6532, #4857, #2035, #1544, #2593, #6570, #3751, #5455, #946, #4859, #389, #6044, #6009, #7133, #2111, #4306, #6647, #911, #3188, #1036, #1153, #4538, #6779, #1677, #3401, #1721, #3994, #3442, #3320, #478, #2764, #2199, #4775, #2508, #1953, #754, #6444, #225, #187, #4740, #7012, #1916, #4799, #211, #6934, #2492, #1837, #6362, #5250, #140, #1260, #3416, #2288, #4552, #5152, #38, #6744, #1558, #1002, #6705, #3201, #4909, #1001, #2087, #3763, #2125, #6619, #6058, #6095, #5506, #1598, #4871, #2206, #7189, #3283, #2725, #5547, #5590, #3366, #4353, #2164, #1479, #1515, #3878, #5469, #7267, #442, #403, #7147, #4428, #3242, #4388, #364, #5031, #6138, #7306, #1042, #3801, #6020, #4467, #2646, #2686, #5632, #4949, #961, #3327, #7226, #6661, #1640, #3918, #1557, #4318, #6743, #3839, #4989, #484, #2049, #6583, #2770, #6179, #1082, #2607, #924, #1194, #4619, #1831, #6928, #6319, #5070, #2388, #6353, #558, #1228, #3545, #5737, #1123, #591, #6786, #3409, #626, #6256, #2848, #3514, #31, #524, #5768, #665, #4065, #2809, #2322, #1761, #2919, #5107, #7383, #1687, #4583, #4546, #4001, #4031, #3450, #6894, #7348, #100, #2281, #6290, #5181, #3483, #2952, #1256, #6827, #66, #3960, #1728 ),
 ( #2243, #2354, #1160, #6864, #5669, #5216, #1796, #4653, #4096, #5703, #6218, #4508, #2885, #5146, #1432, #5865, #5829, #3083, #3014, #4157, #4827, #7100, #733, #133, #3121, #6387, #4718, #3682, #698, #5243, #2523, #5384, #6990, #2005, #4790, #6459, #7067, #4270, #6537, #4237, #2985, #277, #5798, #5276, #6500, #2418, #3646, #1287, #772, #4685, #3574, #5901, #6420, #166, #1395, #5308, #6958, #5937, #843, #1972, #1862, #201, #7029, #806, #2449, #4126, #1356, #2560, #1322, #1931, #1897, #3610, #3048, #2484, #4753, #4197, #5342, #240, #950, #6126, #3754, #7295, #879, #914, #2077, #6609, #5495, #4377, #3191, #5459, #3314, #2759, #4899, #6649, #1504, #7178, #7216, #4862, #5975, #430, #4309, #6012, #2114, #3868, #353, #2635, #6573, #6693, #4938, #5577, #1469, #4344, #4455, #2193, #7136, #3790, #6047, #6085, #6733, #1547, #3830, #2596, #3720, #3229, #1029, #990, #392, #3271, #471, #5536, #2714, #2673, #4978, #2039, #7254, #2156, #4418, #1586, #5020, #3156, #5421, #315, #2345, #2872, #2943, #3949, #1785, #5133, #6884, #6280, #4608, #580, #5657, #4053, #6205, #17, #3395, #4571, #4533, #4641, #547, #4495, #1184, #1750, #616, #2837, #5096, #3907, #3437, #2269, #6773, #6310, #2311 ) ),
 .UNSPECIFIED., .F., .F., .F. ) 
 B_SPLINE_SURFACE_WITH_KNOTS ( ( 2, 2 ),
 ( 3, 2, 2, 2, 2, 2, 2, 2, 2, 2, 2, 2, 2, 2, 2, 2, 2, 2, 2, 2, 2, 2, 2, 2, 2, 2, 2, 2, 2, 2, 2, 2, 2, 2, 2, 2, 2, 2, 2, 2, 2, 2, 2, 2, 2, 2, 2, 2, 2, 2, 2, 2, 2, 2, 2, 2, 2, 2, 2, 2, 2, 2, 2, 2, 2, 2, 2, 2, 2, 2, 2, 2, 2, 2, 2, 2, 2, 2, 2, 2, 2, 2, 2, 2, 2, 2, 3 ),
 ( 0.000000000000000000, 1.000000000000000000 ),
 ( 0.000000000000000000, 0.01136363636363636395, 0.02272727272727272790, 0.03409090909090908839, 0.04545454545454545581, 0.05681818181818181629, 0.06818181818181817677, 0.07954545454545454419, 0.09090909090909091161, 0.1022727272727272790, 0.1136363636363636326, 0.1250000000000000000, 0.1363636363636363535, 0.1477272727272727348, 0.1590909090909090884, 0.1704545454545454419, 0.1818181818181818232, 0.1931818181818181768, 0.2045454545454545581, 0.2159090909090909116, 0.2272727272727272652, 0.2386363636363636465, 0.2500000000000000000, 0.2613636363636363535, 0.2727272727272727071, 0.2840909090909091161, 0.2954545454545454697, 0.3068181818181818232, 0.3181818181818181768, 0.3295454545454545303, 0.3409090909090908839, 0.3522727272727272929, 0.3636363636363636465, 0.3750000000000000000, 0.3863636363636363535, 0.3977272727272727071, 0.4090909090909091161, 0.4204545454545454697, 0.4318181818181818232, 0.4431818181818181768, 0.4545454545454545303, 0.4659090909090908839, 0.4772727272727272929, 0.4886363636363636465, 0.5000000000000000000, 0.5113636363636363535, 0.5227272727272727071, 0.5340909090909090606, 0.5454545454545454142, 0.5568181818181817677, 0.5681818181818182323, 0.5795454545454545858, 0.5909090909090909394, 0.6022727272727272929, 0.6136363636363636465, 0.6250000000000000000, 0.6363636363636363535, 0.6477272727272727071, 0.6590909090909090606, 0.6704545454545454142, 0.6818181818181817677, 0.6931818181818182323, 0.7045454545454545858, 0.7159090909090909394, 0.7272727272727272929, 0.7386363636363636465, 0.7500000000000000000, 0.7613636363636363535, 0.7727272727272727071, 0.7840909090909090606, 0.7954545454545454142, 0.8068181818181817677, 0.8181818181818182323, 0.8295454545454545858, 0.8409090909090909394, 0.8522727272727272929, 0.8636363636363636465, 0.8750000000000000000, 0.8863636363636363535, 0.8977272727272727071, 0.9090909090909090606, 0.9204545454545454142, 0.9318181818181817677, 0.9431818181818182323, 0.9545454545454545858, 0.9659090909090909394, 0.9697188550860094125 ),
 .UNSPECIFIED. ) 
 GEOMETRIC_REPRESENTATION_ITEM ( )  RATIONAL_B_SPLINE_SURFACE ( (
 ( 1.000000000000000000, 0.9238795325112867385, 1.000000000000000000, 0.9238795325112867385, 1.000000000000000000, 0.9238795325112867385, 1.000000000000000000, 0.9238795325112867385, 1.000000000000000000, 0.9238795325112867385, 1.000000000000000000, 0.9238795325112867385, 1.000000000000000000, 0.9238795325112867385, 1.000000000000000000, 0.9238795325112867385, 1.000000000000000000, 0.9238795325112867385, 1.000000000000000000, 0.9238795325112867385, 1.000000000000000000, 0.9238795325112867385, 1.000000000000000000, 0.9238795325112867385, 1.000000000000000000, 0.9238795325112867385, 1.000000000000000000, 0.9238795325112867385, 1.000000000000000000, 0.9238795325112867385, 1.000000000000000000, 0.9238795325112867385, 1.000000000000000000, 0.9238795325112867385, 1.000000000000000000, 0.9238795325112867385, 1.000000000000000000, 0.9238795325112867385, 1.000000000000000000, 0.9238795325112867385, 1.000000000000000000, 0.9238795325112867385, 1.000000000000000000, 0.9238795325112867385, 1.000000000000000000, 0.9238795325112867385, 1.000000000000000000, 0.9238795325112867385, 1.000000000000000000, 0.9238795325112867385, 1.000000000000000000, 0.9238795325112867385, 1.000000000000000000, 0.9238795325112867385, 1.000000000000000000, 0.9238795325112867385, 1.000000000000000000, 0.9238795325112867385, 1.000000000000000000, 0.9238795325112867385, 1.000000000000000000, 0.9238795325112867385, 1.000000000000000000, 0.9238795325112867385, 1.000000000000000000, 0.9238795325112867385, 1.000000000000000000, 0.9238795325112867385, 1.000000000000000000, 0.9238795325112867385, 1.000000000000000000, 0.9238795325112867385, 1.000000000000000000, 0.9238795325112867385, 1.000000000000000000, 0.9238795325112867385, 1.000000000000000000, 0.9238795325112867385, 1.000000000000000000, 0.9238795325112867385, 1.000000000000000000, 0.9238795325112867385, 1.000000000000000000, 0.9238795325112867385, 1.000000000000000000, 0.9238795325112867385, 1.000000000000000000, 0.9238795325112867385, 1.000000000000000000, 0.9238795325112867385, 1.000000000000000000, 0.9238795325112867385, 1.000000000000000000, 0.9238795325112867385, 1.000000000000000000, 0.9238795325112867385, 1.000000000000000000, 0.9238795325112867385, 1.000000000000000000, 0.9238795325112867385, 1.000000000000000000, 0.9238795325112867385, 1.000000000000000000, 0.9238795325112867385, 1.000000000000000000, 0.9238795325112867385, 1.000000000000000000, 0.9238795325112867385, 1.000000000000000000, 0.9238795325112867385, 1.000000000000000000, 0.9238795325112867385, 1.000000000000000000, 0.9238795325112867385, 1.000000000000000000, 0.9238795325112867385, 1.000000000000000000, 0.9238795325112867385, 1.000000000000000000, 0.9238795325112867385, 1.000000000000000000, 0.9238795325112867385, 1.000000000000000000, 0.9238795325112867385, 1.000000000000000000, 0.9238795325112867385, 1.000000000000000000, 0.9238795325112867385, 1.000000000000000000, 0.9238795325112867385, 1.000000000000000000, 0.9238795325112867385, 1.000000000000000000, 0.9238795325112867385, 1.000000000000000000, 0.9238795325112867385, 1.000000000000000000, 0.9238795325112867385, 1.000000000000000000, 0.9238795325112867385, 1.000000000000000000, 0.9238795325112867385, 1.000000000000000000, 0.9238795325112867385, 1.000000000000000000, 0.9238795325112867385, 1.000000000000000000, 0.9238795325112867385, 1.000000000000000000, 0.9238795325112867385, 1.000000000000000000, 0.9238795325112867385, 1.000000000000000000, 0.9238795325112867385, 1.000000000000000000, 0.9238795325112867385, 1.000000000000000000, 0.9238795325112867385, 1.000000000000000000, 0.9238795325112867385, 1.000000000000000000, 0.9238795325112867385, 1.000000000000000000, 0.9238795325112867385, 1.000000000000000000, 0.9238795325112867385, 1.000000000000000000, 0.9238795325112867385, 1.000000000000000000, 0.9238795325112867385, 1.000000000000000000, 0.9744799093451468330, 0.9660715114719622409),
 ( 1.000000000000000000, 0.9238795325112867385, 1.000000000000000000, 0.9238795325112867385, 1.000000000000000000, 0.9238795325112867385, 1.000000000000000000, 0.9238795325112867385, 1.000000000000000000, 0.9238795325112867385, 1.000000000000000000, 0.9238795325112867385, 1.000000000000000000, 0.9238795325112867385, 1.000000000000000000, 0.9238795325112867385, 1.000000000000000000, 0.9238795325112867385, 1.000000000000000000, 0.9238795325112867385, 1.000000000000000000, 0.9238795325112867385, 1.000000000000000000, 0.9238795325112867385, 1.000000000000000000, 0.9238795325112867385, 1.000000000000000000, 0.9238795325112867385, 1.000000000000000000, 0.9238795325112867385, 1.000000000000000000, 0.9238795325112867385, 1.000000000000000000, 0.9238795325112867385, 1.000000000000000000, 0.9238795325112867385, 1.000000000000000000, 0.9238795325112867385, 1.000000000000000000, 0.9238795325112867385, 1.000000000000000000, 0.9238795325112867385, 1.000000000000000000, 0.9238795325112867385, 1.000000000000000000, 0.9238795325112867385, 1.000000000000000000, 0.9238795325112867385, 1.000000000000000000, 0.9238795325112867385, 1.000000000000000000, 0.9238795325112867385, 1.000000000000000000, 0.9238795325112867385, 1.000000000000000000, 0.9238795325112867385, 1.000000000000000000, 0.9238795325112867385, 1.000000000000000000, 0.9238795325112867385, 1.000000000000000000, 0.9238795325112867385, 1.000000000000000000, 0.9238795325112867385, 1.000000000000000000, 0.9238795325112867385, 1.000000000000000000, 0.9238795325112867385, 1.000000000000000000, 0.9238795325112867385, 1.000000000000000000, 0.9238795325112867385, 1.000000000000000000, 0.9238795325112867385, 1.000000000000000000, 0.9238795325112867385, 1.000000000000000000, 0.9238795325112867385, 1.000000000000000000, 0.9238795325112867385, 1.000000000000000000, 0.9238795325112867385, 1.000000000000000000, 0.9238795325112867385, 1.000000000000000000, 0.9238795325112867385, 1.000000000000000000, 0.9238795325112867385, 1.000000000000000000, 0.9238795325112867385, 1.000000000000000000, 0.9238795325112867385, 1.000000000000000000, 0.9238795325112867385, 1.000000000000000000, 0.9238795325112867385, 1.000000000000000000, 0.9238795325112867385, 1.000000000000000000, 0.9238795325112867385, 1.000000000000000000, 0.9238795325112867385, 1.000000000000000000, 0.9238795325112867385, 1.000000000000000000, 0.9238795325112867385, 1.000000000000000000, 0.9238795325112867385, 1.000000000000000000, 0.9238795325112867385, 1.000000000000000000, 0.9238795325112867385, 1.000000000000000000, 0.9238795325112867385, 1.000000000000000000, 0.9238795325112867385, 1.000000000000000000, 0.9238795325112867385, 1.000000000000000000, 0.9238795325112867385, 1.000000000000000000, 0.9238795325112867385, 1.000000000000000000, 0.9238795325112867385, 1.000000000000000000, 0.9238795325112867385, 1.000000000000000000, 0.9238795325112867385, 1.000000000000000000, 0.9238795325112867385, 1.000000000000000000, 0.9238795325112867385, 1.000000000000000000, 0.9238795325112867385, 1.000000000000000000, 0.9238795325112867385, 1.000000000000000000, 0.9238795325112867385, 1.000000000000000000, 0.9238795325112867385, 1.000000000000000000, 0.9238795325112867385, 1.000000000000000000, 0.9238795325112867385, 1.000000000000000000, 0.9238795325112867385, 1.000000000000000000, 0.9238795325112867385, 1.000000000000000000, 0.9238795325112867385, 1.000000000000000000, 0.9238795325112867385, 1.000000000000000000, 0.9238795325112867385, 1.000000000000000000, 0.9238795325112867385, 1.000000000000000000, 0.9238795325112867385, 1.000000000000000000, 0.9238795325112867385, 1.000000000000000000, 0.9238795325112867385, 1.000000000000000000, 0.9238795325112867385, 1.000000000000000000, 0.9238795325112867385, 1.000000000000000000, 0.9238795325112867385, 1.000000000000000000, 0.9238795325112867385, 1.000000000000000000, 0.9744799093451468330, 0.9660715114719622409) ) ) 
 REPRESENTATION_ITEM ( '' )  SURFACE ( )  );
#1959 = CARTESIAN_POINT ( 'NONE',  ( -2.828427124746160537, 5.187499999999975131, 2.828427124746172083 ) ) ;
#1960 = ADVANCED_FACE ( 'NONE', ( #2726 ), #2244, .F. ) ;
#1961 = CARTESIAN_POINT ( 'NONE',  ( -3.999999999999928058, -5.312499995903249506, 0.000000000000000000 ) ) ;
#1962 = B_SPLINE_CURVE_WITH_KNOTS ( 'NONE', 1,
 ( #1719, #2315 ),
 .UNSPECIFIED., .F., .F.,
 ( 2, 2 ),
 ( 0.000000000000000000, 1.000000000000000000 ),
 .UNSPECIFIED. ) ;
#1963 = CARTESIAN_POINT ( 'NONE',  ( 26.22838462533559678, -1.999999999999998224, 4.000000000000000000 ) ) ;
#1964 = AXIS2_PLACEMENT_3D ( 'NONE', #328, #7229, #6585 ) ;
#1965 = CARTESIAN_POINT ( 'NONE',  ( 46.00963462738398846, 0.8284271247461921783, -2.828427124746189847 ) ) ;
#1966 = DIRECTION ( 'NONE',  ( 0.000000000000000000, 0.000000000000000000, 1.000000000000000000 ) ) ;
#1967 = ORIENTED_EDGE ( 'NONE', *, *, #2782, .F. ) ;
#1968 = CARTESIAN_POINT ( 'NONE',  ( 3.260588543332861775E-14, -1.375000000000015099, -3.999999999999974243 ) ) ;
#1969 = CARTESIAN_POINT ( 'NONE',  ( -1.320554750080228601, -0.6249999979516295268, -3.188101187499973843 ) ) ;
#1970 = CARTESIAN_POINT ( 'NONE',  ( 44.60338462328721221, 2.000000000000001776, 1.656854249492380804 ) ) ;
#1971 = CARTESIAN_POINT ( 'NONE',  ( 26.22838462533560033, -4.254327968790133419, 2.254327968790134307 ) ) ;
#1972 = CARTESIAN_POINT ( 'NONE',  ( 1.320554750080283446, 1.625000002048380354, 3.188101187499972955 ) ) ;
#1973 = EDGE_CURVE ( 'NONE', #3665, #3253, #2969, .T. ) ;
#1974 = ORIENTED_EDGE ( 'NONE', *, *, #6000, .T. ) ;
#1975 = CARTESIAN_POINT ( 'NONE',  ( 25.57213462738398491, -1.999999999999998224, 4.000000000000000000 ) ) ;
#1976 = CARTESIAN_POINT ( 'NONE',  ( 39.91588462533560033, -1.999999999999998224, 3.188101187500000044 ) ) ;
#1977 = CARTESIAN_POINT ( 'NONE',  ( 33.82213462533560033, -5.188101187499998268, 1.320554750080270567 ) ) ;
#1978 = CARTESIAN_POINT ( 'NONE',  ( -1.046824263860710369, -8.000000000000015987, 3.860590493770601039 ) ) ;
#1979 = CARTESIAN_POINT ( 'NONE',  ( 6.744834450746182324E-15, 6.406250002048376579, 3.188101187499973399 ) ) ;
#1980 = CARTESIAN_POINT ( 'NONE',  ( -3.999999999999941824, -1.093750000000028644, -1.656854249492369702 ) ) ;
#1981 = DIRECTION ( 'NONE',  ( 0.000000000000000000, 0.000000000000000000, 1.000000000000000000 ) ) ;
#1982 = CARTESIAN_POINT ( 'NONE',  ( 35.32213462533561454, -0.6794452499197284334, 3.188101187499999600 ) ) ;
#1983 = CARTESIAN_POINT ( 'NONE',  ( 26.97838462533560033, -4.254327968790132530, -2.254327968790135195 ) ) ;
#1984 = CARTESIAN_POINT ( 'NONE',  ( 25.57213462738398491, -1.999999999999998224, 4.000000000000000000 ) ) ;
#1985 = CARTESIAN_POINT ( 'NONE',  ( 38.32213462533560744, -5.188101187499998268, 1.320554750080270789 ) ) ;
#1986 = DIRECTION ( 'NONE',  ( -1.000000000000000000, -3.469446951953662309E-15, 0.000000000000000000 ) ) ;
#1987 = CARTESIAN_POINT ( 'NONE',  ( 42.07213462533559323, 1.188101187500001599, -1.320554750080269679 ) ) ;
#1988 = CARTESIAN_POINT ( 'NONE',  ( 36.63463462328721221, -1.999999999999997780, -4.000000000000000000 ) ) ;
#1989 = ORIENTED_EDGE ( 'NONE', *, *, #2373, .T. ) ;
#1990 = ORIENTED_EDGE ( 'NONE', *, *, #7345, .F. ) ;
#1991 = CARTESIAN_POINT ( 'NONE',  ( 45.72838462533560033, 0.2543279687901365826, 2.254327968790134751 ) ) ;
#1992 = CARTESIAN_POINT ( 'NONE',  ( -1.656854249492365705, 6.781249999999980460, 3.999999999999972911 ) ) ;
#1993 = CARTESIAN_POINT ( 'NONE',  ( 1.317655132365699790E-14, 4.531250002048375691, 3.188101187499973399 ) ) ;
#1994 = CARTESIAN_POINT ( 'NONE',  ( -3.188101187499940092, -1.562499997951635633, -1.320554750080258799 ) ) ;
#1995 = CARTESIAN_POINT ( 'NONE',  ( -2.828427124746150767, 2.000000004096755823, -2.828427124746171639 ) ) ;
#1996 = EDGE_CURVE ( 'NONE', #3103, #4681, #3721, .T. ) ;
#1997 = CARTESIAN_POINT ( 'NONE',  ( -3.999999999999947153, 0.4062499999999709122, -1.656854249492369702 ) ) ;
#1998 = CARTESIAN_POINT ( 'NONE',  ( 1.656854249492417219, -5.781249995903230854, -3.999999999999974243 ) ) ;
#1999 = LINE ( 'NONE', #6566, #1338 ) ;
#2000 = DIRECTION ( 'NONE',  ( -1.000000000000000000, -3.469446951953636671E-15, 0.000000000000000000 ) ) ;
#2001 = ORIENTED_EDGE ( 'NONE', *, *, #2723, .T. ) ;
#2002 = CARTESIAN_POINT ( 'NONE',  ( 2.254327968790141856, 0.5937500020483827967, -2.254327968790116099 ) ) ;
#2003 = CARTESIAN_POINT ( 'NONE',  ( 50.88463462328721221, -1.999999999999998224, 0.000000000000000000 ) ) ;
#2004 = CARTESIAN_POINT ( 'NONE',  ( 29.88463462533560033, -0.6794452499197279893, -3.188101187500000488 ) ) ;
#2005 = CARTESIAN_POINT ( 'NONE',  ( -3.188101187499959188, 4.062500002048365033, -1.320554750080258799 ) ) ;
#2006 = ORIENTED_EDGE ( 'NONE', *, *, #1452, .T. ) ;
#2007 = CARTESIAN_POINT ( 'NONE',  ( 11.22672596113140742, -9.740241019046786519, -2.089089908717862265 ) ) ;
#2008 = CARTESIAN_POINT ( 'NONE',  ( 34.94713462533560744, -0.6794452499197284334, 3.188101187499999600 ) ) ;
#2009 = CARTESIAN_POINT ( 'NONE',  ( 42.54088462533560033, 1.188101187500001599, 1.952148957314875220E-16 ) ) ;
#2010 = CARTESIAN_POINT ( 'NONE',  ( 36.91588462533560033, -5.188101187499998268, -5.856446871944625661E-16 ) ) ;
#2011 = CARTESIAN_POINT ( 'NONE',  ( 1.999980971354689219, -9.311774950957747876, 3.464112601191884355 ) ) ;
#2012 = EDGE_CURVE ( 'NONE', #7157, #257, #7385, .T. ) ;
#2013 = CARTESIAN_POINT ( 'NONE',  ( 32.13463462738398846, -4.828427124746188959, -2.828427124746190735 ) ) ;
#2014 = CARTESIAN_POINT ( 'NONE',  ( 1.656854249492406783, -2.031250000000010214, 3.999999999999972911 ) ) ;
#2015 = CARTESIAN_POINT ( 'NONE',  ( 50.88463462328721221, -1.999999999999998224, 0.000000000000000000 ) ) ;
#2016 = CARTESIAN_POINT ( 'NONE',  ( 37.66588462533560033, -1.999999999999997780, -3.188101187500000044 ) ) ;
#2017 = COORDINATED_UNIVERSAL_TIME_OFFSET ( 8, 0, .AHEAD. ) ;
#2018 = CARTESIAN_POINT ( 'NONE',  ( 26.60338462738398491, 2.000000000000001776, -1.656854249492380360 ) ) ;
#2019 = CARTESIAN_POINT ( 'NONE',  ( 36.54088462533560033, -1.999999999999998224, 3.188101187500000488 ) ) ;
#2020 = DIRECTION ( 'NONE',  ( -3.430248998885765781E-15, 1.000000000000000000, -0.000000000000000000 ) ) ;
#2021 = CARTESIAN_POINT ( 'NONE',  ( 47.13463462533560033, -3.320554750080270345, 3.188101187499999156 ) ) ;
#2022 = CARTESIAN_POINT ( 'NONE',  ( 38.04088462328721221, -3.656854249492377917, -4.000000000000000888 ) ) ;
#2023 = EDGE_LOOP ( 'NONE', ( #4178, #3225, #5277, #7308, #1697 ) ) ;
#2024 = VERTEX_POINT ( 'NONE', #1753 ) ;
#2025 = CARTESIAN_POINT ( 'NONE',  ( 44.60338462533560744, -4.254327968790133419, 2.254327968790133863 ) ) ;
#2026 = CARTESIAN_POINT ( 'NONE',  ( 1.043142213016756886E-14, 5.374999999999985789, 3.999999999999974243 ) ) ;
#2027 = CARTESIAN_POINT ( 'NONE',  ( 2.254327968790123204, 6.218750002048384573, 2.254327968790115655 ) ) ;
#2028 = CARTESIAN_POINT ( 'NONE',  ( 4.000000000000017764, -4.468749995903221084, -1.656854249492370146 ) ) ;
#2029 = CARTESIAN_POINT ( 'NONE',  ( 2.254327968790163172, -5.406249997951618091, 2.254327968790115655 ) ) ;
#2030 = CARTESIAN_POINT ( 'NONE',  ( 44.32213462738398846, -1.999999999999997780, -4.000000000000000000 ) ) ;
#2031 = CARTESIAN_POINT ( 'NONE',  ( 3.999999999999999112, 1.156249999999999334, 1.656854249492369036 ) ) ;
#2032 = FACE_OUTER_BOUND ( 'NONE', #1893, .T. ) ;
#2033 = CARTESIAN_POINT ( 'NONE',  ( 50.88463462328721221, -1.999999999999998224, 0.000000000000000000 ) ) ;
#2034 = ORIENTED_EDGE ( 'NONE', *, *, #1433, .T. ) ;
#2035 = CARTESIAN_POINT ( 'NONE',  ( -2.828427124746166310, 6.500000004096756712, -2.828427124746171639 ) ) ;
#2036 = CARTESIAN_POINT ( 'NONE',  ( -3.188101187499938760, -1.937499997951635855, -1.320554750080258799 ) ) ;
#2037 = CARTESIAN_POINT ( 'NONE',  ( -1.656854249492361264, 5.468750004096760264, 3.999999999999973355 ) ) ;
#2038 = CARTESIAN_POINT ( 'NONE',  ( 32.13463462328721221, -1.999999999999997780, -4.000000000000000000 ) ) ;
#2039 = CARTESIAN_POINT ( 'NONE',  ( 1.320554750080304984, -5.312499997951620756, -3.188101187499973843 ) ) ;
#2040 = CARTESIAN_POINT ( 'NONE',  ( 3.999999999999992006, 3.031250004096779360, -1.656854249492369924 ) ) ;
#2041 = CARTESIAN_POINT ( 'NONE',  ( -3.999999999999968914, 6.687500004096752271, 0.000000000000000000 ) ) ;
#2042 = AXIS2_PLACEMENT_3D ( 'NONE', #3426, #6877, #3345 ) ;
#2043 = EDGE_CURVE ( 'NONE', #1859, #7184, #4480, .T. ) ;
#2044 = CARTESIAN_POINT ( 'NONE',  ( 33.63463462533560033, -3.320554750080270345, 3.188101187499999156 ) ) ;
#2045 = CARTESIAN_POINT ( 'NONE',  ( 39.82213462533560033, -0.6794452499197284334, 3.188101187499999600 ) ) ;
#2046 = CARTESIAN_POINT ( 'NONE',  ( 35.32213462533561454, -5.188101187499998268, 1.320554750080270567 ) ) ;
#2047 = CARTESIAN_POINT ( 'NONE',  ( 5.254420772529915966E-14, -7.187499995903235295, -3.999999999999974243 ) ) ;
#2048 = CARTESIAN_POINT ( 'NONE',  ( 1.864688524515085044, -9.155526282548860806, 3.229723731785437035 ) ) ;
#2049 = CARTESIAN_POINT ( 'NONE',  ( 4.225346072864186231E-14, -4.187499995903234407, -3.999999999999974243 ) ) ;
#2050 = CARTESIAN_POINT ( 'NONE',  ( 40.75963462738398846, -4.828427124746188959, 2.828427124746189403 ) ) ;
#2051 = CARTESIAN_POINT ( 'NONE',  ( 0.000000000000000000, 8.201801801801801517, 0.000000000000000000 ) ) ;
#2052 = EDGE_CURVE ( 'NONE', #335, #2914, #3132, .T. ) ;
#2053 = CARTESIAN_POINT ( 'NONE',  ( 37.75963462533560744, -0.6794452499197283224, -3.188101187499999600 ) ) ;
#2054 = APPLICATION_PROTOCOL_DEFINITION ( 'international standard', 'config_control_design', 1994, #3373 ) ;
#2055 = CARTESIAN_POINT ( 'NONE',  ( 28.85338462738398491, -5.999999999999997335, 1.656854249492381248 ) ) ;
#2056 = CARTESIAN_POINT ( 'NONE',  ( 38.69713462533560033, -3.320554750080268125, -3.188101187500001377 ) ) ;
#2057 = CARTESIAN_POINT ( 'NONE',  ( 25.88463462328721221, -1.999999999999998224, 0.000000000000000000 ) ) ;
#2058 = CARTESIAN_POINT ( 'NONE',  ( 44.97838462533560033, 0.2543279687901365826, -2.254327968790134307 ) ) ;
#2059 = LOCAL_TIME ( 2, 47, 55.00000000000000000, #639 ) ;
#2060 = CARTESIAN_POINT ( 'NONE',  ( 39.16588462328721221, -5.999999999999997335, 1.656854249492381248 ) ) ;
#2061 = VERTEX_POINT ( 'NONE', #2235 ) ;
#2062 = ORIENTED_EDGE ( 'NONE', *, *, #2874, .T. ) ;
#2063 = AXIS2_PLACEMENT_3D ( 'NONE', #3113, #3714, #872 ) ;
#2064 = CARTESIAN_POINT ( 'NONE',  ( 47.04088462533560033, 1.188101187500001599, 1.952148957314875220E-16 ) ) ;
#2065 = CARTESIAN_POINT ( 'NONE',  ( -1.320554750080251694, 5.937500002048372139, 3.188101187499972955 ) ) ;
#2066 = CARTESIAN_POINT ( 'NONE',  ( 1.320554750080308759, -6.437499997951619868, -3.188101187499973843 ) ) ;
#2067 = SPHERICAL_SURFACE ( 'NONE', #6814, 9.999999999999996447 ) ;
#2068 = APPROVAL ( #290, 'UNSPECIFIED' ) ;
#2069 = CARTESIAN_POINT ( 'NONE',  ( -3.999999999999947153, 0.5937499999999711342, 1.656854249492372588 ) ) ;
#2070 = CARTESIAN_POINT ( 'NONE',  ( 49.29088462533560033, -5.188101187499998268, -5.856446871944625661E-16 ) ) ;
#2071 = DIRECTION ( 'NONE',  ( -3.430248998885765781E-15, 1.000000000000000000, -0.000000000000000000 ) ) ;
#2072 = CARTESIAN_POINT ( 'NONE',  ( 12.52996408614166235, -1.999999999999998224, -8.000000000000008882 ) ) ;
#2073 = ORIENTED_EDGE ( 'NONE', *, *, #2363, .F. ) ;
#2074 = CARTESIAN_POINT ( 'NONE',  ( -1.320554750080255912, 7.250000002048372139, -3.188101187499973843 ) ) ;
#2075 = CARTESIAN_POINT ( 'NONE',  ( 41.88463462738398846, 0.8284271247461921783, 2.828427124746190291 ) ) ;
#2076 = CARTESIAN_POINT ( 'NONE',  ( 29.13463462328720865, -1.999999999999997780, -4.000000000000000000 ) ) ;
#2077 = CARTESIAN_POINT ( 'NONE',  ( 3.040449898488133512E-14, -0.7187499979516253079, -3.188101187499973399 ) ) ;
#2078 = AXIS2_PLACEMENT_3D ( 'NONE', #4756, #204, #3489 ) ;
#2079 = CARTESIAN_POINT ( 'NONE',  ( 2.828427124746183630, 4.625000004096775363, -2.828427124746171639 ) ) ;
#2080 = CARTESIAN_POINT ( 'NONE',  ( 31.57213462738398846, -1.999999999999998224, 4.000000000000000000 ) ) ;
#2081 = CARTESIAN_POINT ( 'NONE',  ( 35.69713462533560033, -3.320554750080268569, -3.188101187500000488 ) ) ;
#2082 = AXIS2_PLACEMENT_3D ( 'NONE', #2015, #287, #3202 ) ;
#2083 = CARTESIAN_POINT ( 'NONE',  ( 32.69713462533560744, -5.188101187499998268, 1.320554750080270345 ) ) ;
#2084 = CARTESIAN_POINT ( 'NONE',  ( 30.91588462533560033, -5.188101187499998268, -5.856446871944625661E-16 ) ) ;
#2085 = CARTESIAN_POINT ( 'NONE',  ( 35.22838462738398135, -3.656854249492395681, -3.999999999999982681 ) ) ;
#2086 = CARTESIAN_POINT ( 'NONE',  ( 46.38463462738398846, 0.8284271247461921783, 2.828427124746190291 ) ) ;
#2087 = CARTESIAN_POINT ( 'NONE',  ( -3.999999999999948042, 0.7812500040967513826, 1.656854249492372588 ) ) ;
#2088 = CARTESIAN_POINT ( 'NONE',  ( -0.5326949749021586689, -7.967641545114570789, 3.999999999999973355 ) ) ;
#2089 = DIRECTION ( 'NONE',  ( -1.000000000000000000, -0.000000000000000000, -0.000000000000000000 ) ) ;
#2090 = CARTESIAN_POINT ( 'NONE',  ( 40.38463462533560744, -5.188101187499997380, -1.320554750080271678 ) ) ;
#2091 = CARTESIAN_POINT ( 'NONE',  ( 30.35338462533560033, 0.2543279687901365826, 2.254327968790134751 ) ) ;
#2092 = CLOSED_SHELL ( 'NONE', ( #6642, #5982, #1201, #4087, #3297, #463, #4351, #7089, #2105, #7041, #3744, #1596, #2675, #6360, #5153, #617, #7110, #906, #852, #3926, #3584, #7007, #5939, #2175, #4519, #2956, #1268, #4545, #3864, #687, #6489, #1089 ) ) ;
#2093 = CARTESIAN_POINT ( 'NONE',  ( 26.13463462738398491, -4.828427124746188959, -2.828427124746190735 ) ) ;
#2094 = CARTESIAN_POINT ( 'NONE',  ( 38.79088462533560033, -1.999999999999997780, -3.188101187500000488 ) ) ;
#2095 = DIRECTION ( 'NONE',  ( 3.430248998885766570E-15, -1.000000000000000000, 0.000000000000000000 ) ) ;
#2096 = CARTESIAN_POINT ( 'NONE',  ( 45.44713462533560033, -0.6794452499197284334, 3.188101187499999600 ) ) ;
#2097 = ORIENTED_EDGE ( 'NONE', *, *, #759, .T. ) ;
#2098 = CARTESIAN_POINT ( 'NONE',  ( 42.54088462328721221, -3.656854249492377917, -4.000000000000000888 ) ) ;
#2099 = ORIENTED_EDGE ( 'NONE', *, *, #2970, .F. ) ;
#2100 = CARTESIAN_POINT ( 'NONE',  ( 43.75963462533560744, -0.6794452499197282114, -3.188101187500000044 ) ) ;
#2101 = CARTESIAN_POINT ( 'NONE',  ( 46.38463462738398846, 0.8284271247461921783, 2.828427124746190291 ) ) ;
#2102 = CARTESIAN_POINT ( 'NONE',  ( 9.823004991566729389E-15, 5.281250002048376579, -3.188101187499973399 ) ) ;
#2103 = CARTESIAN_POINT ( 'NONE',  ( 1.594002944889497453, -8.468027810501931540, 2.761004127744565384 ) ) ;
#2104 = CARTESIAN_POINT ( 'NONE',  ( -3.999999999984719778, 2.187499514265025535, -1.103922892200548771E-05 ) ) ;
#2105 = ADVANCED_FACE ( 'NONE', ( #1717 ), #5098, .F. ) ;
#2106 = DIRECTION ( 'NONE',  ( -3.430248998885766570E-15, 1.000000000000000000, -0.000000000000000000 ) ) ;
#2107 = CARTESIAN_POINT ( 'NONE',  ( 44.97838462328720510, -3.656854249492399234, 3.999999999999980904 ) ) ;
#2108 = CARTESIAN_POINT ( 'NONE',  ( 13.62652972862375123, 5.170493530611355304, -3.557219898746169839 ) ) ;
#2109 = EDGE_LOOP ( 'NONE', ( #23, #5783, #2519 ) ) ;
#2110 = CARTESIAN_POINT ( 'NONE',  ( 4.069524598153862615E-14, -3.718749997951624309, -3.188101187499973399 ) ) ;
#2111 = CARTESIAN_POINT ( 'NONE',  ( -2.828427124746161425, 5.375000004096756712, 2.828427124746172083 ) ) ;
#2112 = FACE_OUTER_BOUND ( 'NONE', #7031, .T. ) ;
#2113 = CARTESIAN_POINT ( 'NONE',  ( 28.47838462328720865, -3.656854249492381914, 3.999999999999999112 ) ) ;
#2114 = CARTESIAN_POINT ( 'NONE',  ( 2.254327968790152070, -2.406249997951617203, -2.254327968790116099 ) ) ;
#2115 = CARTESIAN_POINT ( 'NONE',  ( 2.007899742548081185E-14, 2.562500004096765149, 3.999999999999974243 ) ) ;
#2116 = CARTESIAN_POINT ( 'NONE',  ( 11.41956120347035153, -8.648892524035366236, -4.471712907971561179 ) ) ;
#2117 = CARTESIAN_POINT ( 'NONE',  ( 32.04088462533560033, -1.999999999999998224, 3.188101187500000044 ) ) ;
#2118 = CARTESIAN_POINT ( 'NONE',  ( 31.57213462533560744, -3.320554750080268569, -3.188101187500000488 ) ) ;
#2119 = CARTESIAN_POINT ( 'NONE',  ( 27.35338462533560033, 0.2543279687901365826, -2.254327968790134307 ) ) ;
#2120 = VERTEX_POINT ( 'NONE', #2875 ) ;
#2121 = CARTESIAN_POINT ( 'NONE',  ( 28.00963462533560389, -5.188101187499998268, -1.320554750080271900 ) ) ;
#2122 = CARTESIAN_POINT ( 'NONE',  ( 34.75963462738398846, -4.828427124746188959, 2.828427124746189403 ) ) ;
#2123 = CARTESIAN_POINT ( 'NONE',  ( -3.188101187499961409, 4.437500002048365033, -1.320554750080259021 ) ) ;
#2124 =( BOUNDED_CURVE ( )  B_SPLINE_CURVE ( 2, ( #2104, #4368, #1995, #6639, #978, #3261, #265, #2705, #4967, #4409, #6684 ),
 .UNSPECIFIED., .F., .T. ) 
 B_SPLINE_CURVE_WITH_KNOTS ( ( 3, 2, 2, 2, 2, 3 ),
 ( 0.2812437404541674457, 0.2929621856542027891, 0.3046806730803708341, 0.3163991605065389345, 0.3281176479327070350, 0.3281177050926362693 ),
 .UNSPECIFIED. ) 
 CURVE ( )  GEOMETRIC_REPRESENTATION_ITEM ( )  RATIONAL_B_SPLINE_CURVE ( ( 0.9999994514204313401, 0.9238798068020593890, 1.000000000000000000, 0.9238795325112867385, 1.000000000000000000, 0.9238795325112867385, 1.000000000000000000, 0.9238795325112867385, 1.000000000000000000, 0.9999996287028882769, 0.9999992574093987674 ) ) 
 REPRESENTATION_ITEM ( '' )  );
#2125 = CARTESIAN_POINT ( 'NONE',  ( -3.999999999999948042, 0.5937500040967511605, -1.656854249492369702 ) ) ;
#2126 = VERTEX_POINT ( 'NONE', #6775 ) ;
#2127 = CARTESIAN_POINT ( 'NONE',  ( 1.656854249492401898, -1.281249995903229522, -3.999999999999974243 ) ) ;
#2128 = FACE_OUTER_BOUND ( 'NONE', #828, .T. ) ;
#2129 = CARTESIAN_POINT ( 'NONE',  ( 38.97838462533560033, -4.254327968790132530, -2.254327968790135195 ) ) ;
#2130 = CARTESIAN_POINT ( 'NONE',  ( 29.41588462533560033, -5.188101187499998268, -5.856446871944625661E-16 ) ) ;
#2131 = UNCERTAINTY_MEASURE_WITH_UNIT (LENGTH_MEASURE( 1.000000000000000082E-05 ), #2822, 'distance_accuracy_value', 'NONE');
#2132 = CARTESIAN_POINT ( 'NONE',  ( 44.97838462533560033, 0.2543279687901370267, -2.254327968790134751 ) ) ;
#2133 = FACE_OUTER_BOUND ( 'NONE', #4749, .T. ) ;
#2134 = VECTOR ( 'NONE', #5888, 1000.000000000000000 ) ;
#2135 = CARTESIAN_POINT ( 'NONE',  ( 43.57213462533560033, 1.188101187500001599, -1.320554750080269679 ) ) ;
#2136 = CARTESIAN_POINT ( 'NONE',  ( 38.32213462328720510, 0.8284271247461921783, -2.828427124746189847 ) ) ;
#2137 = ORIENTED_EDGE ( 'NONE', *, *, #5134, .F. ) ;
#2138 = EDGE_LOOP ( 'NONE', ( #5365, #2445, #6578, #2669 ) ) ;
#2139 = CARTESIAN_POINT ( 'NONE',  ( 50.88463462328721221, -1.999999999999998224, 4.000000000000000000 ) ) ;
#2140 = CALENDAR_DATE ( 2026, 27, 9 ) ;
#2141 = CARTESIAN_POINT ( 'NONE',  ( 39.44713462533560744, 1.188101187500001599, -1.320554750080269679 ) ) ;
#2142 = CARTESIAN_POINT ( 'NONE',  ( 41.32213462738398846, -1.999999999999997780, -4.000000000000000000 ) ) ;
#2143 = CARTESIAN_POINT ( 'NONE',  ( 42.16588462738398846, -3.656854249492381914, 3.999999999999999112 ) ) ;
#2144 = CARTESIAN_POINT ( 'NONE',  ( 1.320554750080283224, 1.625000002048380354, 3.188101187499972955 ) ) ;
#2145 = CARTESIAN_POINT ( 'NONE',  ( 5.305319593570404088E-14, -7.093749997951626085, 3.188101187499973399 ) ) ;
#2146 = CARTESIAN_POINT ( 'NONE',  ( 43.66588462738398846, -3.656854249492399234, 3.999999999999980904 ) ) ;
#2147 = CARTESIAN_POINT ( 'NONE',  ( 1.368203511531321432E-14, 4.156250002048376579, -3.188101187499973399 ) ) ;
#2148 = CARTESIAN_POINT ( 'NONE',  ( 48.44713462533560744, 1.188101187500001599, -1.320554750080269679 ) ) ;
#2149 = CARTESIAN_POINT ( 'NONE',  ( 13.74772708486751505, 6.000000000000011546, 0.5245308762418423587 ) ) ;
#2150 = AXIS2_PLACEMENT_3D ( 'NONE', #79, #6333, #1303 ) ;
#2151 = DIRECTION ( 'NONE',  ( -3.430248998885766570E-15, 1.000000000000000000, -0.000000000000000000 ) ) ;
#2152 = ORIENTED_EDGE ( 'NONE', *, *, #4275, .T. ) ;
#2153 = CARTESIAN_POINT ( 'NONE',  ( -1.320554750080213502, -5.124999997951629638, -3.188101187499973843 ) ) ;
#2154 = CYLINDRICAL_SURFACE ( 'NONE', #1423, 8.000000000000008882 ) ;
#2155 = CARTESIAN_POINT ( 'NONE',  ( 31.29088462328720155, -0.3431457505076178638, 4.000000000000000000 ) ) ;
#2156 = CARTESIAN_POINT ( 'NONE',  ( 3.188101187500020472, -5.499999997951614539, -1.320554750080259021 ) ) ;
#2157 = CARTESIAN_POINT ( 'NONE',  ( 3.999999999999981792, 6.031250004096780692, -1.656854249492369924 ) ) ;
#2158 = CARTESIAN_POINT ( 'NONE',  ( -3.999999999999936939, -2.500000000000030198, 0.000000000000000000 ) ) ;
#2159 = CARTESIAN_POINT ( 'NONE',  ( 35.97838462533560744, 0.2543279687901365826, -2.254327968790134307 ) ) ;
#2160 = CARTESIAN_POINT ( 'NONE',  ( 33.35338462533560033, 0.2543279687901365826, -2.254327968790134307 ) ) ;
#2161 = CARTESIAN_POINT ( 'NONE',  ( 27.25963462533560033, -0.6794452499197282114, -3.188101187500000044 ) ) ;
#2162 = CARTESIAN_POINT ( 'NONE',  ( 30.82213462533560033, -5.188101187499998268, 1.320554750080270567 ) ) ;
#2163 = CARTESIAN_POINT ( 'NONE',  ( -3.188101187499950750, 1.531250002048364589, 0.000000000000000000 ) ) ;
#2164 = CARTESIAN_POINT ( 'NONE',  ( -3.999999999999942712, -0.8124999959032491725, 0.000000000000000000 ) ) ;
#2165 = VERTEX_POINT ( 'NONE', #3398 ) ;
#2166 = CARTESIAN_POINT ( 'NONE',  ( 3.999993831701943670, -7.656250489494324185, 1.656860417790455786 ) ) ;
#2167 = CARTESIAN_POINT ( 'NONE',  ( 32.41588462533560033, -1.999999999999998224, 3.188101187500000044 ) ) ;
#2168 = CARTESIAN_POINT ( 'NONE',  ( 29.69713462533560744, -3.320554750080268569, -3.188101187500000488 ) ) ;
#2169 = CARTESIAN_POINT ( 'NONE',  ( 46.75963462533560744, 1.188101187500002043, 1.320554750080270123 ) ) ;
#2170 = CARTESIAN_POINT ( 'NONE',  ( 31.75963462533559678, 1.188101187500002043, 1.320554750080270123 ) ) ;
#2171 =( BOUNDED_CURVE ( )  B_SPLINE_CURVE ( 2, ( #4297, #1461, #3743, #343, #3711, #2624, #3781, #940, #4889 ),
 .UNSPECIFIED., .F., .T. ) 
 B_SPLINE_CURVE_WITH_KNOTS ( ( 3, 2, 2, 2, 3 ),
 ( 0.9375000000000000000, 0.9453125000000000000, 0.9531250000000000000, 0.9609375000000000000, 0.9687500000000000000 ),
 .UNSPECIFIED. ) 
 CURVE ( )  GEOMETRIC_REPRESENTATION_ITEM ( )  RATIONAL_B_SPLINE_CURVE ( ( 1.000000000000000000, 0.9238795325112867385, 1.000000000000000000, 0.9238795325112867385, 1.000000000000000000, 0.9238795325112867385, 1.000000000000000000, 0.9238795325112867385, 1.000000000000000000 ) ) 
 REPRESENTATION_ITEM ( '' )  );
#2172 = CARTESIAN_POINT ( 'NONE',  ( 45.63463462328720510, -1.999999999999997780, -4.000000000000000000 ) ) ;
#2173 = CARTESIAN_POINT ( 'NONE',  ( 39.16588462533560033, 1.188101187500001599, 1.952148957314875220E-16 ) ) ;
#2174 = CARTESIAN_POINT ( 'NONE',  ( 36.16588462328720510, -5.999999999999997335, 1.656854249492381248 ) ) ;
#2175 = ADVANCED_FACE ( 'NONE', ( #5137 ), #2910, .T. ) ;
#2176 = ORIENTED_EDGE ( 'NONE', *, *, #6594, .T. ) ;
#2177 = CARTESIAN_POINT ( 'NONE',  ( -1.656854249492342612, 0.2187499999999793776, -3.999999999999974243 ) ) ;
#2178 = PERSON_AND_ORGANIZATION ( #6710, #6828 ) ;
#2179 = CARTESIAN_POINT ( 'NONE',  ( 40.19713462533560744, -5.188101187499998268, 1.320554750080270567 ) ) ;
#2180 = CARTESIAN_POINT ( 'NONE',  ( 42.54088462738399556, -5.999999999999997335, -1.656854249492382580 ) ) ;
#2181 = DIRECTION ( 'NONE',  ( 0.000000000000000000, 0.000000000000000000, -1.000000000000000000 ) ) ;
#2182 = CARTESIAN_POINT ( 'NONE',  ( 2.254327968790136527, 2.093750002048383241, -2.254327968790116099 ) ) ;
#2183 = CARTESIAN_POINT ( 'NONE',  ( 29.88463462328720510, -1.999999999999998224, 4.000000000000000000 ) ) ;
#2184 = CARTESIAN_POINT ( 'NONE',  ( -3.188101187499960076, 4.625000002048365921, 1.320554750080261019 ) ) ;
#2185 = EDGE_CURVE ( 'NONE', #3104, #4990, #2660, .T. ) ;
#2186 = LOCAL_TIME ( 2, 47, 55.00000000000000000, #2330 ) ;
#2187 = CARTESIAN_POINT ( 'NONE',  ( 48.63463462533560033, 1.188101187500001599, 1.320554750080270123 ) ) ;
#2188 = CARTESIAN_POINT ( 'NONE',  ( 13.45559882548604236, 4.012519380228316557, 5.303120800876390817 ) ) ;
#2189 = CARTESIAN_POINT ( 'NONE',  ( 3.999999999999983569, 7.156250000000000000, 1.656854249492363484 ) ) ;
#2190 = CARTESIAN_POINT ( 'NONE',  ( 4.919416581195755753E-14, -5.968749997951626085, 3.188101187499973399 ) ) ;
#2191 = CARTESIAN_POINT ( 'NONE',  ( 25.88463462328721221, -1.999999999999997780, -4.000000000000000000 ) ) ;
#2192 = CARTESIAN_POINT ( 'NONE',  ( 29.79088462328720865, -0.3431457505076178638, 4.000000000000000000 ) ) ;
#2193 = CARTESIAN_POINT ( 'NONE',  ( -3.188101187499933875, -3.437499997951637187, -1.320554750080258799 ) ) ;
#2194 = CARTESIAN_POINT ( 'NONE',  ( 1.138121973866996082E-14, 4.812500004096765593, -3.999999999999974243 ) ) ;
#2195 = CARTESIAN_POINT ( 'NONE',  ( 42.91588462328721931, 2.000000000000001776, -1.656854249492380138 ) ) ;
#2196 = CARTESIAN_POINT ( 'NONE',  ( 36.16588462533560033, -1.999999999999997780, -3.188101187500000044 ) ) ;
#2197 = CARTESIAN_POINT ( 'NONE',  ( 2.828427124746196064, 1.250000004096775141, 2.828427124746171195 ) ) ;
#2198 = CARTESIAN_POINT ( 'NONE',  ( 28.00963462328720865, 2.000000000000001776, 2.449293598294706414E-16 ) ) ;
#2199 = CARTESIAN_POINT ( 'NONE',  ( -3.999999999999958256, 3.781250004096752271, 1.656854249492372588 ) ) ;
#2200 = EDGE_LOOP ( 'NONE', ( #4219, #2238 ) ) ;
#2201 = CARTESIAN_POINT ( 'NONE',  ( 4.130366312013947825E-14, -3.625000000000015543, 3.999999999999974243 ) ) ;
#2202 = CARTESIAN_POINT ( 'NONE',  ( 30.63463462533560033, -3.320554750080270345, 3.188101187499999156 ) ) ;
#2203 = CARTESIAN_POINT ( 'NONE',  ( 35.04088462738398846, -5.999999999999997335, -1.656854249492382580 ) ) ;
#2204 = CARTESIAN_POINT ( 'NONE',  ( 3.188101187500004485, -0.6249999979516139836, -1.320554750080259243 ) ) ;
#2205 = EDGE_CURVE ( 'NONE', #6257, #4824, #2827, .T. ) ;
#2206 = CARTESIAN_POINT ( 'NONE',  ( 4.000000000000002665, -0.06249999590322071613, -4.898587196589381274E-16 ) ) ;
#2207 = CARTESIAN_POINT ( 'NONE',  ( 2.828427124746204502, -1.374999995903226191, -2.828427124746171639 ) ) ;
#2208 = FACE_OUTER_BOUND ( 'NONE', #5385, .T. ) ;
#2209 = CARTESIAN_POINT ( 'NONE',  ( 32.69713462533560744, -5.188101187499998268, 1.320554750080270345 ) ) ;
#2210 = CARTESIAN_POINT ( 'NONE',  ( 29.13463462533559678, -3.320554750080270345, 3.188101187499999156 ) ) ;
#2211 = CARTESIAN_POINT ( 'NONE',  ( 48.16588462533560033, 1.188101187500002043, 1.952148957314875467E-16 ) ) ;
#2212 = CARTESIAN_POINT ( 'NONE',  ( 32.22838462533560033, -4.254327968790133419, 2.254327968790134307 ) ) ;
#2213 = CARTESIAN_POINT ( 'NONE',  ( 39.25963462533560744, 1.188101187500001599, 1.320554750080270123 ) ) ;
#2214 = CARTESIAN_POINT ( 'NONE',  ( 35.04088462328721221, -3.656854249492377917, -4.000000000000000888 ) ) ;
#2215 = PRODUCT ( 'Assem1', 'Assem1', '', ( #6155 ) ) ;
#2216 = ORIENTED_EDGE ( 'NONE', *, *, #4562, .F. ) ;
#2217 = CARTESIAN_POINT ( 'NONE',  ( -1.656854249492327291, -4.093749995903242400, -3.999999999999974243 ) ) ;
#2218 =( BOUNDED_CURVE ( )  B_SPLINE_CURVE ( 2, ( #1140, #3464, #462, #7287, #5718, #2901, #2829, #504, #2183 ),
 .UNSPECIFIED., .F., .T. ) 
 B_SPLINE_CURVE_WITH_KNOTS ( ( 3, 2, 2, 2, 3 ),
 ( 0.8437500000000000000, 0.8515625000000000000, 0.8593750000000000000, 0.8671875000000000000, 0.8750000000000000000 ),
 .UNSPECIFIED. ) 
 CURVE ( )  GEOMETRIC_REPRESENTATION_ITEM ( )  RATIONAL_B_SPLINE_CURVE ( ( 1.000000000000000000, 0.9238795325112867385, 1.000000000000000000, 0.9238795325112867385, 1.000000000000000000, 0.9238795325112867385, 1.000000000000000000, 0.9238795325112867385, 1.000000000000000000 ) ) 
 REPRESENTATION_ITEM ( '' )  );
#2219 = CARTESIAN_POINT ( 'NONE',  ( 43.38463462533559323, -5.188101187499997380, -1.320554750080271678 ) ) ;
#2220 = CARTESIAN_POINT ( 'NONE',  ( 41.04088462738399556, -5.999999999999997335, -1.656854249492382580 ) ) ;
#2221 = DIRECTION ( 'NONE',  ( -1.000000000000000000, -3.469446951953636671E-15, 0.000000000000000000 ) ) ;
#2222 = CARTESIAN_POINT ( 'NONE',  ( 2.254327968790141856, 0.5937500020483827967, -2.254327968790116099 ) ) ;
#2223 = DIRECTION ( 'NONE',  ( -1.000000000000000000, -3.469446951953614189E-15, 0.000000000000000000 ) ) ;
#2224 = CARTESIAN_POINT ( 'NONE',  ( 46.75963462738398846, -4.828427124746188959, 2.828427124746189403 ) ) ;
#2225 = CARTESIAN_POINT ( 'NONE',  ( -2.254327968790103665, 4.718750002048369474, 2.254327968790116543 ) ) ;
#2226 = CARTESIAN_POINT ( 'NONE',  ( 28.10338462533560033, -4.254327968790133419, 2.254327968790133863 ) ) ;
#2227 = CARTESIAN_POINT ( 'NONE',  ( 43.29088462738398846, 2.000000000000001776, 1.656854249492380804 ) ) ;
#2228 = CARTESIAN_POINT ( 'NONE',  ( 13.56984570368983611, 4.785060843969379363, 4.246417231223886368 ) ) ;
#2229 = CARTESIAN_POINT ( 'NONE',  ( -3.999999999999968026, 6.499999999999971578, 0.000000000000000000 ) ) ;
#2230 = ORIENTED_EDGE ( 'NONE', *, *, #1399, .F. ) ;
#2231 = CARTESIAN_POINT ( 'NONE',  ( 4.584061947986728114E-14, -5.218749997951626085, -3.188101187499973399 ) ) ;
#2232 = DIRECTION ( 'NONE',  ( -1.000000000000000000, -3.469446951953662309E-15, 0.000000000000000000 ) ) ;
#2233 = CARTESIAN_POINT ( 'NONE',  ( 50.04088462533560033, -1.999999999999998224, 3.188101187500000488 ) ) ;
#2234 = CARTESIAN_POINT ( 'NONE',  ( 4.000000000000013323, -3.062499995903221528, -4.898587196589381274E-16 ) ) ;
#2235 = CARTESIAN_POINT ( 'NONE',  ( 48.07213462738398846, -1.999999999999998224, 4.000000000000000000 ) ) ;
#2236 = CARTESIAN_POINT ( 'NONE',  ( 37.29088462533560033, -5.188101187499998268, -5.856446871944625661E-16 ) ) ;
#2237 = CARTESIAN_POINT ( 'NONE',  ( -3.999999999995337063, 5.187499659853971323, -6.083825333786885543E-06 ) ) ;
#2238 = ORIENTED_EDGE ( 'NONE', *, *, #4465, .F. ) ;
#2239 = CARTESIAN_POINT ( 'NONE',  ( -1.656854249492321962, -5.781250000000020428, -3.999999999999974243 ) ) ;
#2240 = CARTESIAN_POINT ( 'NONE',  ( 29.60338462533560033, -4.254327968790133419, -2.254327968790135639 ) ) ;
#2241 = CARTESIAN_POINT ( 'NONE',  ( 1.320554750080283002, 1.062500002048379688, -3.188101187499973399 ) ) ;
#2242 = CARTESIAN_POINT ( 'NONE',  ( 2.254327968790156067, -3.531249997951616315, -2.254327968790116099 ) ) ;
#2243 = CARTESIAN_POINT ( 'NONE',  ( -3.188101187499969846, 7.156250002048365033, 0.000000000000000000 ) ) ;
#2244 = CYLINDRICAL_SURFACE ( 'NONE', #5656, 3.999999999999946265 ) ;
#2245 = CARTESIAN_POINT ( 'NONE',  ( 32.97838462533560033, -4.254327968790132530, -2.254327968790135195 ) ) ;
#2246 = CARTESIAN_POINT ( 'NONE',  ( 29.32213462533559678, -5.188101187499998268, 1.320554750080270345 ) ) ;
#2247 = ADVANCED_FACE ( 'NONE', ( #3439 ), #6282, .T. ) ;
#2248 = CARTESIAN_POINT ( 'NONE',  ( -2.828427124746170751, 7.812499999999976019, -2.828427124746171639 ) ) ;
#2249 = CARTESIAN_POINT ( 'NONE',  ( 47.41588462533560033, -5.188101187499998268, -5.856446871944625661E-16 ) ) ;
#2250 = CARTESIAN_POINT ( 'NONE',  ( 30.72838462533560033, -4.254327968790133419, 2.254327968790134307 ) ) ;
#2251 = CARTESIAN_POINT ( 'NONE',  ( -3.999999999999943601, -4.093750000000028422, -1.656854249492357489 ) ) ;
#2252 = CARTESIAN_POINT ( 'NONE',  ( 40.29088462533560033, -1.999999999999997780, -3.188101187500000044 ) ) ;
#2253 = ORIENTED_EDGE ( 'NONE', *, *, #7202, .F. ) ;
#2254 = CARTESIAN_POINT ( 'NONE',  ( 27.82213462738398846, -1.999999999999997780, -4.000000000000000000 ) ) ;
#2255 = CARTESIAN_POINT ( 'NONE',  ( 38.32213462533560744, -0.6794452499197284334, 3.188101187500000044 ) ) ;
#2256 = CARTESIAN_POINT ( 'NONE',  ( 37.57213462738398846, -1.999999999999998224, 4.000000000000000000 ) ) ;
#2257 = CARTESIAN_POINT ( 'NONE',  ( 47.88463462533560744, -0.6794452499197279893, -3.188101187500000488 ) ) ;
#2258 = CARTESIAN_POINT ( 'NONE',  ( 1.320554750080294770, -2.312499997951620756, -3.188101187499973399 ) ) ;
#2259 = CARTESIAN_POINT ( 'NONE',  ( -3.999999999999947153, 0.4999999999999709677, 0.000000000000000000 ) ) ;
#2260 = CARTESIAN_POINT ( 'NONE',  ( 47.22838462738398135, -3.656854249492389464, -3.999999999999989786 ) ) ;
#2261 = CARTESIAN_POINT ( 'NONE',  ( 1.320554750080281892, 2.000000002048380576, 3.188101187499972955 ) ) ;
#2262 = CARTESIAN_POINT ( 'NONE',  ( 48.82213462328721221, 0.8284271247461921783, -2.828427124746189847 ) ) ;
#2263 = APPROVAL ( #6191, 'UNSPECIFIED' ) ;
#2264 = CARTESIAN_POINT ( 'NONE',  ( 41.04088462533560033, 1.188101187500001599, 1.952148957314875220E-16 ) ) ;
#2265 = CARTESIAN_POINT ( 'NONE',  ( -3.999999999999974243, 8.201801801801787306, 0.000000000000000000 ) ) ;
#2266 = CARTESIAN_POINT ( 'NONE',  ( 35.60338462328720510, 2.000000000000001776, 1.656854249492380804 ) ) ;
#2267 = ORIENTED_EDGE ( 'NONE', *, *, #4690, .T. ) ;
#2268 = CARTESIAN_POINT ( 'NONE',  ( 1.320554750080278117, 2.562500002048380132, -3.188101187499973843 ) ) ;
#2269 = CARTESIAN_POINT ( 'NONE',  ( 3.188101187500032907, -8.687499997951615427, 1.320554750080258577 ) ) ;
#2270 = EDGE_CURVE ( 'NONE', #7068, #2618, #1091, .T. ) ;
#2271 = CARTESIAN_POINT ( 'NONE',  ( -2.828427124746140109, -0.9999999959032449537, -2.828427124746171639 ) ) ;
#2272 = CARTESIAN_POINT ( 'NONE',  ( 3.999999999999991562, 2.937499403170333423, 1.062024037926241041E-05 ) ) ;
#2273 = CARTESIAN_POINT ( 'NONE',  ( 26.79088462533560033, -5.188101187499998268, -5.856446871944625661E-16 ) ) ;
#2274 = CYLINDRICAL_SURFACE ( 'NONE', #1301, 4.000000000000000000 ) ;
#2275 = ORIENTED_EDGE ( 'NONE', *, *, #5557, .F. ) ;
#2276 = CARTESIAN_POINT ( 'NONE',  ( -2.828427124746129451, -4.187500000000026645, -2.828427124746171639 ) ) ;
#2277 = CARTESIAN_POINT ( 'NONE',  ( -2.254327968790112546, 6.968750002048368586, -2.254327968790116099 ) ) ;
#2278 = CARTESIAN_POINT ( 'NONE',  ( 33.91588462738398135, -0.3431457505076533909, -4.000000000000035527 ) ) ;
#2279 = CARTESIAN_POINT ( 'NONE',  ( -1.320554750080242590, 3.312500002048371694, 3.188101187499972955 ) ) ;
#2280 = CARTESIAN_POINT ( 'NONE',  ( 2.254327968790152958, -2.406249997951617203, 2.254327968790115655 ) ) ;
#2281 = CARTESIAN_POINT ( 'NONE',  ( -1.656854249492312414, -8.593749995903243288, -3.999999999999974243 ) ) ;
#2282 = ORIENTED_EDGE ( 'NONE', *, *, #3940, .T. ) ;
#2283 = CARTESIAN_POINT ( 'NONE',  ( 29.32213462533559678, -0.6794452499197284334, 3.188101187499999600 ) ) ;
#2284 = CARTESIAN_POINT ( 'NONE',  ( 43.38463462533560744, -5.188101187499997380, -1.320554750080271678 ) ) ;
#2285 = CARTESIAN_POINT ( 'NONE',  ( 47.88463462533560744, -0.6794452499197279893, -3.188101187500000044 ) ) ;
#2286 = CARTESIAN_POINT ( 'NONE',  ( 30.16588462533560033, 1.188101187500002043, 1.952148957314875467E-16 ) ) ;
#2287 = CARTESIAN_POINT ( 'NONE',  ( 4.000000000000018652, -4.750000000000002665, -4.898587196589381274E-16 ) ) ;
#2288 = CARTESIAN_POINT ( 'NONE',  ( 2.167196673532726447E-14, 1.812500004096765371, -3.999999999999974243 ) ) ;
#2289 = CARTESIAN_POINT ( 'NONE',  ( 40.66588462533560033, 1.188101187500001599, 1.952148957314875220E-16 ) ) ;
#2290 = EDGE_CURVE ( 'NONE', #2126, #5444, #6209, .T. ) ;
#2291 = ORIENTED_EDGE ( 'NONE', *, *, #5588, .T. ) ;
#2292 = CARTESIAN_POINT ( 'NONE',  ( 12.36291536297917126, -3.041297056440697144, 7.948873240564656939 ) ) ;
#2293 = AXIS2_PLACEMENT_3D ( 'NONE', #579, #1749, #90 ) ;
#2294 =( NAMED_UNIT ( * ) PLANE_ANGLE_UNIT ( ) SI_UNIT ( $, .RADIAN. ) );
#2295 = CARTESIAN_POINT ( 'NONE',  ( 39.72838462533560033, 0.2543279687901365826, 2.254327968790134751 ) ) ;
#2296 = CARTESIAN_POINT ( 'NONE',  ( 41.13463462738398846, -4.828427124746188959, -2.828427124746190735 ) ) ;
#2297 = CARTESIAN_POINT ( 'NONE',  ( 47.22838462533560033, -4.254327968790133419, 2.254327968790134307 ) ) ;
#2298 = CARTESIAN_POINT ( 'NONE',  ( -3.188101187499943201, -0.2499999979516361326, 1.320554750080261019 ) ) ;
#2299 = CARTESIAN_POINT ( 'NONE',  ( 37.10338462738398846, 2.000000000000001776, -1.656854249492380138 ) ) ;
#2300 = DIRECTION ( 'NONE',  ( -3.430248998885766570E-15, 1.000000000000000000, -0.000000000000000000 ) ) ;
#2301 = CARTESIAN_POINT ( 'NONE',  ( -1.320554750080232376, 0.3125000020483713059, 3.188101187499973399 ) ) ;
#2302 = CARTESIAN_POINT ( 'NONE',  ( 26.79088462533560033, -5.188101187499998268, -5.856446871944625661E-16 ) ) ;
#2303 = EDGE_CURVE ( 'NONE', #1528, #1288, #6942, .T. ) ;
#2304 = CARTESIAN_POINT ( 'NONE',  ( 44.41588462533560744, -1.999999999999998224, 3.188101187500000044 ) ) ;
#2305 = CARTESIAN_POINT ( 'NONE',  ( 29.50963462328720510, 2.000000000000001776, 2.449293598294706414E-16 ) ) ;
#2306 = CARTESIAN_POINT ( 'NONE',  ( 36.16588462738398846, -3.656854249492364151, 4.000000000000017764 ) ) ;
#2307 = CARTESIAN_POINT ( 'NONE',  ( 2.254327968790137415, 2.093750002048384129, 2.254327968790115655 ) ) ;
#2308 = APPROVAL ( #5473, 'UNSPECIFIED' ) ;
#2309 = CARTESIAN_POINT ( 'NONE',  ( -3.999999999999952482, 1.999999999999971356, 0.000000000000000000 ) ) ;
#2310 =( GEOMETRIC_REPRESENTATION_CONTEXT ( 3 ) GLOBAL_UNCERTAINTY_ASSIGNED_CONTEXT ( ( #2357 ) ) GLOBAL_UNIT_ASSIGNED_CONTEXT ( ( #6633, #533, #1530 ) ) REPRESENTATION_CONTEXT ( 'NONE', 'WORKASPACE' ) );
#2311 = CARTESIAN_POINT ( 'NONE',  ( 1.594020261126979365, -8.843026287192071067, 2.760994130536246427 ) ) ;
#2312 = CARTESIAN_POINT ( 'NONE',  ( -2.828427124746134780, -2.499999995903244621, -2.828427124746171639 ) ) ;
#2313 = CARTESIAN_POINT ( 'NONE',  ( 43.19713462328721221, 0.8284271247461921783, 2.828427124746190291 ) ) ;
#2314 = CARTESIAN_POINT ( 'NONE',  ( 30.72838462533560033, 0.2543279687901365826, 2.254327968790134751 ) ) ;
#2315 = CARTESIAN_POINT ( 'NONE',  ( -3.999999999999968914, 6.687500004096752271, 0.000000000000000000 ) ) ;
#2316 = CIRCLE ( 'NONE', #39, 3.999999999999948042 ) ;
#2317 = VERTEX_POINT ( 'NONE', #5822 ) ;
#2318 = CARTESIAN_POINT ( 'NONE',  ( 3.107836380012880018E-15, 5.999999999999974243, 0.000000000000000000 ) ) ;
#2319 = LINE ( 'NONE', #758, #7280 ) ;
#2320 = CARTESIAN_POINT ( 'NONE',  ( -3.188101187499919664, -7.468749997951637631, 0.000000000000000000 ) ) ;
#2321 = CARTESIAN_POINT ( 'NONE',  ( 1.320554750080312978, -6.999999997951622532, 3.188101187499972955 ) ) ;
#2322 = CARTESIAN_POINT ( 'NONE',  ( 1.656854249492422548, -7.281249995903230854, -3.999999999999974243 ) ) ;
#2323 = ORIENTED_EDGE ( 'NONE', *, *, #3389, .T. ) ;
#2324 = CARTESIAN_POINT ( 'NONE',  ( 28.85338462533560033, 0.2543279687901365826, -2.254327968790134307 ) ) ;
#2325 = CARTESIAN_POINT ( 'NONE',  ( 48.72838462533560033, 0.2543279687901365826, 2.254327968790134751 ) ) ;
#2326 = CARTESIAN_POINT ( 'NONE',  ( 38.32213462533560744, -5.188101187499998268, 1.320554750080270567 ) ) ;
#2327 = CARTESIAN_POINT ( 'NONE',  ( 32.32213462328721221, 0.8284271247461921783, -2.828427124746189847 ) ) ;
#2328 = EDGE_CURVE ( 'NONE', #337, #936, #267, .T. ) ;
#2329 = CARTESIAN_POINT ( 'NONE',  ( 31.66588462328720155, -5.999999999999997335, 1.656854249492381248 ) ) ;
#2330 = COORDINATED_UNIVERSAL_TIME_OFFSET ( 8, 0, .AHEAD. ) ;
#2331 = CARTESIAN_POINT ( 'NONE',  ( 34.38463462533560033, -5.188101187499997380, -1.320554750080271678 ) ) ;
#2332 = CARTESIAN_POINT ( 'NONE',  ( 34.38463462738398846, 0.8284271247461921783, 2.828427124746190291 ) ) ;
#2333 = DIRECTION ( 'NONE',  ( -3.430248998885766570E-15, 1.000000000000000000, -0.000000000000000000 ) ) ;
#2334 = CARTESIAN_POINT ( 'NONE',  ( 1.320554750080315642, -8.312499997951620756, -3.188101187499973399 ) ) ;
#2335 = DIRECTION ( 'NONE',  ( -3.430248998885766570E-15, 1.000000000000000000, -0.000000000000000000 ) ) ;
#2336 = CARTESIAN_POINT ( 'NONE',  ( 2.828427124746181409, 5.562499999999996447, 2.828427124746171195 ) ) ;
#2337 = CARTESIAN_POINT ( 'NONE',  ( 2.911815561029916980E-14, -0.3437499979516249748, -3.188101187499973399 ) ) ;
#2338 = CARTESIAN_POINT ( 'NONE',  ( 49.94713462328721221, -4.828427124746188959, -2.828427124746190735 ) ) ;
#2339 = CARTESIAN_POINT ( 'NONE',  ( 43.94713462533560033, 1.188101187500001599, -1.320554750080269679 ) ) ;
#2340 = DIRECTION ( 'NONE',  ( -1.000000000000000000, -0.000000000000000000, -0.000000000000000000 ) ) ;
#2341 = LINE ( 'NONE', #1025, #3078 ) ;
#2342 = EDGE_CURVE ( 'NONE', #5080, #6315, #6312, .T. ) ;
#2343 = CARTESIAN_POINT ( 'NONE',  ( -2.254327968790093006, 1.343750002048367920, -2.254327968790116099 ) ) ;
#2344 = CARTESIAN_POINT ( 'NONE',  ( 39.35338462328721221, -5.999999999999997335, -1.656854249492382580 ) ) ;
#2345 = CARTESIAN_POINT ( 'NONE',  ( -2.254327968790066361, -6.156249997951632302, 2.254327968790116543 ) ) ;
#2346 = CARTESIAN_POINT ( 'NONE',  ( 2.828427124746196064, 1.250000004096775141, 2.828427124746171195 ) ) ;
#2347 = CARTESIAN_POINT ( 'NONE',  ( 4.000000000000042633, -7.843750000000002665, 1.656854249492356823 ) ) ;
#2348 = CARTESIAN_POINT ( 'NONE',  ( 49.10338462738398846, 2.000000000000001776, -1.656854249492380360 ) ) ;
#2349 = CARTESIAN_POINT ( 'NONE',  ( 38.13463462328720510, -1.999999999999997780, -4.000000000000000000 ) ) ;
#2350 = EDGE_LOOP ( 'NONE', ( #6007, #297, #2097, #6912 ) ) ;
#2351 = CARTESIAN_POINT ( 'NONE',  ( -2.254327968790107661, 5.843750002048368586, 2.254327968790116543 ) ) ;
#2352 = CARTESIAN_POINT ( 'NONE',  ( -2.254327968790077019, -3.156249997951633635, -2.254327968790116099 ) ) ;
#2353 = CARTESIAN_POINT ( 'NONE',  ( 4.969964960361376448E-14, -6.343749997951625197, -3.188101187499973399 ) ) ;
#2354 = CARTESIAN_POINT ( 'NONE',  ( -3.188101187499970290, 7.062500002048364145, -1.320554750080258799 ) ) ;
#2355 = ORIENTED_EDGE ( 'NONE', *, *, #6274, .T. ) ;
#2356 = CARTESIAN_POINT ( 'NONE',  ( 47.88463462533560744, -5.188101187499997380, -1.320554750080271678 ) ) ;
#2357 = UNCERTAINTY_MEASURE_WITH_UNIT (LENGTH_MEASURE( 1.000000000000000082E-05 ), #6633, 'distance_accuracy_value', 'NONE');
#2358 = CARTESIAN_POINT ( 'NONE',  ( 41.60338462533560033, -4.254327968790133419, -2.254327968790135639 ) ) ;
#2359 = DIRECTION ( 'NONE',  ( -1.000000000000000000, -3.469446951953660732E-15, 0.000000000000000000 ) ) ;
#2360 = CIRCLE ( 'NONE', #3904, 4.000000000000000000 ) ;
#2361 = DIRECTION ( 'NONE',  ( -1.000000000000000000, -0.000000000000000000, -0.000000000000000000 ) ) ;
#2362 = CARTESIAN_POINT ( 'NONE',  ( 12.23863696426827019, -3.804370345333391690, 7.798170874984774237 ) ) ;
#2363 = EDGE_CURVE ( 'NONE', #5309, #5293, #1510, .T. ) ;
#2364 = DATE_TIME_ROLE ( 'creation_date' ) ;
#2365 = CARTESIAN_POINT ( 'NONE',  ( 35.41588462533560033, -1.999999999999998224, 3.188101187500000044 ) ) ;
#2366 = CARTESIAN_POINT ( 'NONE',  ( 34.66588462738398846, -3.656854249492381914, 3.999999999999999112 ) ) ;
#2367 = CARTESIAN_POINT ( 'NONE',  ( 43.94713462533560033, -0.6794452499197284334, 3.188101187500000488 ) ) ;
#2368 = CARTESIAN_POINT ( 'NONE',  ( -3.188101187499928546, -4.937499997951636743, -1.320554750080259021 ) ) ;
#2369 = CARTESIAN_POINT ( 'NONE',  ( 49.85338462533560033, 0.2543279687901365826, 2.254327968790134751 ) ) ;
#2370 = CARTESIAN_POINT ( 'NONE',  ( 2.732632844406078490E-14, 0.4062500020483756913, 3.188101187499973399 ) ) ;
#2371 = CARTESIAN_POINT ( 'NONE',  ( 47.50963462328720510, 2.000000000000001776, 2.449293598294706414E-16 ) ) ;
#2372 = ORIENTED_EDGE ( 'NONE', *, *, #5700, .F. ) ;
#2373 = EDGE_CURVE ( 'NONE', #600, #4424, #5666, .T. ) ;
#2374 = DIRECTION ( 'NONE',  ( 1.000000000000000000, 0.000000000000000000, 0.000000000000000000 ) ) ;
#2375 = CARTESIAN_POINT ( 'NONE',  ( 2.828427124746202281, -0.4375000000000038858, 2.828427124746171195 ) ) ;
#2376 = CARTESIAN_POINT ( 'NONE',  ( 48.54088462328721931, -3.656854249492389464, -3.999999999999989786 ) ) ;
#2377 = CARTESIAN_POINT ( 'NONE',  ( 3.188101187499978284, 6.781250002048388126, -3.904297914629718393E-16 ) ) ;
#2378 = CARTESIAN_POINT ( 'NONE',  ( 27.44713462328720865, -4.828427124746188959, -2.828427124746190735 ) ) ;
#2379 = EDGE_CURVE ( 'NONE', #1154, #6836, #3901, .T. ) ;
#2380 = CARTESIAN_POINT ( 'NONE',  ( 1.656854249492401898, -1.281249995903229522, -3.999999999999974243 ) ) ;
#2381 = CARTESIAN_POINT ( 'NONE',  ( -2.828427124746140553, -0.6249999959032446206, 2.828427124746172083 ) ) ;
#2382 = CARTESIAN_POINT ( 'NONE',  ( 28.94713462533560389, 1.188101187500001599, -1.320554750080269679 ) ) ;
#2383 = DIRECTION ( 'NONE',  ( -1.000000000000000000, -0.000000000000000000, -0.000000000000000000 ) ) ;
#2384 = ORIENTED_EDGE ( 'NONE', *, *, #4402, .F. ) ;
#2385 = CARTESIAN_POINT ( 'NONE',  ( -3.188101187499954303, 2.656250002048364589, 0.000000000000000000 ) ) ;
#2386 = CARTESIAN_POINT ( 'NONE',  ( 4.969964960361376448E-14, -6.343749997951625197, -3.188101187499973399 ) ) ;
#2387 = CARTESIAN_POINT ( 'NONE',  ( 3.188101187500025802, -6.812499997951613651, 1.320554750080258577 ) ) ;
#2388 = CARTESIAN_POINT ( 'NONE',  ( -3.999999999999927613, -5.406249995903250394, -1.656854249492369702 ) ) ;
#2389 = EDGE_CURVE ( 'NONE', #4424, #4217, #40, .T. ) ;
#2390 = VERTEX_POINT ( 'NONE', #1315 ) ;
#2391 = CARTESIAN_POINT ( 'NONE',  ( 44.97838462533560744, -4.254327968790132530, -2.254327968790135195 ) ) ;
#2392 = SECURITY_CLASSIFICATION ( '', '', #249 ) ;
#2393 = CARTESIAN_POINT ( 'NONE',  ( 40.47838462533560033, 0.2543279687901370267, -2.254327968790134751 ) ) ;
#2394 = CARTESIAN_POINT ( 'NONE',  ( 11.62678623993960159, -7.454715060892168843, 5.857827012282937673 ) ) ;
#2395 = DATE_AND_TIME ( #3586, #5848 ) ;
#2396 = CARTESIAN_POINT ( 'NONE',  ( 32.79088462533560033, -5.188101187499998268, -5.856446871944625661E-16 ) ) ;
#2397 = CARTESIAN_POINT ( 'NONE',  ( 35.04088462738398846, -5.999999999999997335, -1.656854249492382580 ) ) ;
#2398 = CARTESIAN_POINT ( 'NONE',  ( 44.22838462533560744, -4.254327968790133419, 2.254327968790134307 ) ) ;
#2399 = CARTESIAN_POINT ( 'NONE',  ( -3.188101187499917888, -7.749999997951637631, 1.320554750080261019 ) ) ;
#2400 = CARTESIAN_POINT ( 'NONE',  ( 48.82213462533560744, -5.188101187499998268, 1.320554750080270345 ) ) ;
#2401 = CARTESIAN_POINT ( 'NONE',  ( 45.72838462328721221, -0.3431457505076173642, -4.000000000000000000 ) ) ;
#2402 = EDGE_LOOP ( 'NONE', ( #4755, #338, #6655, #4785 ) ) ;
#2403 = CIRCLE ( 'NONE', #242, 4.000000000000000000 ) ;
#2404 = CARTESIAN_POINT ( 'NONE',  ( 26.13463462738398491, -4.828427124746188959, -2.828427124746190735 ) ) ;
#2405 = CARTESIAN_POINT ( 'NONE',  ( -1.656854249492350162, 2.281249999999980460, 3.999999999999972911 ) ) ;
#2406 = CARTESIAN_POINT ( 'NONE',  ( 42.44713462328721221, -4.828427124746188959, -2.828427124746190735 ) ) ;
#2407 = CARTESIAN_POINT ( 'NONE',  ( 3.188101187499988498, 3.781250002048387238, -3.904297914629718393E-16 ) ) ;
#2408 =( BOUNDED_CURVE ( )  B_SPLINE_CURVE ( 2, ( #7264, #4426, #6056, #1681, #5587, #1078, #6093, #6658, #1638 ),
 .UNSPECIFIED., .F., .T. ) 
 B_SPLINE_CURVE_WITH_KNOTS ( ( 3, 2, 2, 2, 3 ),
 ( 0.6093613398635207012, 0.6210798335869099907, 0.6327983210130780911, 0.6445168084392461916, 0.6562352973504492759 ),
 .UNSPECIFIED. ) 
 CURVE ( )  GEOMETRIC_REPRESENTATION_ITEM ( )  RATIONAL_B_SPLINE_CURVE ( ( 1.000000000000000000, 0.9238795325112867385, 1.000000000000000000, 0.9238795325112867385, 1.000000000000000000, 0.9238795325112867385, 1.000000000000000000, 0.9238795325112867385, 1.000000000000000000 ) ) 
 REPRESENTATION_ITEM ( '' )  );
#2409 = EDGE_CURVE ( 'NONE', #7047, #1489, #907, .T. ) ;
#2410 = CARTESIAN_POINT ( 'NONE',  ( 1.656854249492376585, 6.031249999999992006, -3.999999999999974243 ) ) ;
#2411 = CARTESIAN_POINT ( 'NONE',  ( 4.000000000000022204, -5.968749995903221972, -1.656854249492369924 ) ) ;
#2412 = CARTESIAN_POINT ( 'NONE',  ( 4.000000000000013323, -3.156250000000001332, -1.656854249492370146 ) ) ;
#2413 = CARTESIAN_POINT ( 'NONE',  ( 29.97838462533560033, -4.254327968790132530, -2.254327968790135195 ) ) ;
#2414 = EDGE_LOOP ( 'NONE', ( #6754, #4539, #4255, #3611, #3197, #4885, #4809, #2073, #2811, #6105, #972, #4923, #5902, #2137, #909, #2275, #3176, #3570, #3049, #1374, #6372, #4080, #5770, #3152, #2505, #2253, #5079, #1592, #5764, #96, #7377, #1092, #1117, #3855, #5676, #161 ) ) ;
#2415 = CARTESIAN_POINT ( 'NONE',  ( -1.320554750080251694, 5.937500002048372139, 3.188101187499973399 ) ) ;
#2416 = CARTESIAN_POINT ( 'NONE',  ( 1.320554750080293438, -1.937499997951620534, -3.188101187499973399 ) ) ;
#2417 = CARTESIAN_POINT ( 'NONE',  ( 27.82213462533560033, -5.188101187499998268, 1.320554750080270789 ) ) ;
#2418 = CARTESIAN_POINT ( 'NONE',  ( -1.320554750080241480, 2.937500002048372583, 3.188101187499973399 ) ) ;
#2419 = ORIENTED_EDGE ( 'NONE', *, *, #1007, .T. ) ;
#2420 = CARTESIAN_POINT ( 'NONE',  ( 44.32213462533560744, -0.6794452499197284334, 3.188101187499999600 ) ) ;
#2421 = CARTESIAN_POINT ( 'NONE',  ( 41.13463462533560033, -3.320554750080270345, 3.188101187499999156 ) ) ;
#2422 = CARTESIAN_POINT ( 'NONE',  ( -3.999999999999921840, -7.000000000000030198, 0.000000000000000000 ) ) ;
#2423 = EDGE_CURVE ( 'NONE', #3140, #6071, #384, .T. ) ;
#2424 = CARTESIAN_POINT ( 'NONE',  ( 3.107836380012962454E-15, 5.999999999999950262, 0.000000000000000000 ) ) ;
#2425 = PERSON_AND_ORGANIZATION_ROLE ( 'creator' ) ;
#2426 = CARTESIAN_POINT ( 'NONE',  ( 36.82213462533560744, -0.6794452499197284334, 3.188101187500000044 ) ) ;
#2427 = CARTESIAN_POINT ( 'NONE',  ( 36.25963462738398846, -4.828427124746188959, 2.828427124746189403 ) ) ;
#2428 = CARTESIAN_POINT ( 'NONE',  ( 46.00963462533560033, -5.188101187499998268, -1.320554750080271900 ) ) ;
#2429 = CARTESIAN_POINT ( 'NONE',  ( 3.188101187500025802, -7.093749997951614539, -3.904297914629718393E-16 ) ) ;
#2430 = VECTOR ( 'NONE', #6141, 1000.000000000000000 ) ;
#2431 = CARTESIAN_POINT ( 'NONE',  ( 43.94713462328721221, -4.828427124746188959, -2.828427124746190735 ) ) ;
#2432 = ORIENTED_EDGE ( 'NONE', *, *, #2409, .F. ) ;
#2433 = VECTOR ( 'NONE', #5108, 1000.000000000000000 ) ;
#2434 = CARTESIAN_POINT ( 'NONE',  ( 26.32213462738398491, -1.999999999999997780, -4.000000000000000000 ) ) ;
#2435 = CARTESIAN_POINT ( 'NONE',  ( 1.656854249492401676, -0.5312500000000091038, 3.999999999999972911 ) ) ;
#2436 = CARTESIAN_POINT ( 'NONE',  ( 28.66588462328721221, -5.999999999999997335, 1.656854249492381248 ) ) ;
#2437 = CARTESIAN_POINT ( 'NONE',  ( 3.188101187500016032, -3.812499997951613651, 1.320554750080258577 ) ) ;
#2438 = CARTESIAN_POINT ( 'NONE',  ( 38.50963462738398846, 0.8284271247461921783, -2.828427124746189847 ) ) ;
#2439 = CARTESIAN_POINT ( 'NONE',  ( 2.828427124746173860, 7.437499999999996447, -2.828427124746171639 ) ) ;
#2440 = CARTESIAN_POINT ( 'NONE',  ( 4.739883422697051099E-14, -5.687499995903236183, -3.999999999999974243 ) ) ;
#2441 = CARTESIAN_POINT ( 'NONE',  ( 27.91588462738398846, -0.3431457505075994341, -3.999999999999981792 ) ) ;
#2442 =( BOUNDED_CURVE ( )  B_SPLINE_CURVE ( 2, ( #2604, #4316, #324, #6018, #4869, #7145, #922, #1362, #4164 ),
 .UNSPECIFIED., .F., .T. ) 
 B_SPLINE_CURVE_WITH_KNOTS ( ( 3, 2, 2, 2, 3 ),
 ( 0.6875000000000002220, 0.6953125000000001110, 0.7031250000000000000, 0.7109375000000000000, 0.7187499999999998890 ),
 .UNSPECIFIED. ) 
 CURVE ( )  GEOMETRIC_REPRESENTATION_ITEM ( )  RATIONAL_B_SPLINE_CURVE ( ( 0.9999999999999978906, 0.9238795325112888479, 1.000000000000000000, 0.9238795325112867385, 1.000000000000000000, 0.9238795325112867385, 1.000000000000000000, 0.9238795325112878487, 0.9999999999999988898 ) ) 
 REPRESENTATION_ITEM ( '' )  );
#2443 = CARTESIAN_POINT ( 'NONE',  ( 42.82213462738398846, -1.999999999999997780, -4.000000000000000000 ) ) ;
#2444 = CARTESIAN_POINT ( 'NONE',  ( 3.999999999971772802, 2.937311127680351408, 1.031579682754140229E-05 ) ) ;
#2445 = ORIENTED_EDGE ( 'NONE', *, *, #4062, .T. ) ;
#2446 = CARTESIAN_POINT ( 'NONE',  ( -2.254327968790076131, -3.531249997951633635, -2.254327968790116099 ) ) ;
#2447 = CARTESIAN_POINT ( 'NONE',  ( -1.320554750080209283, -6.249999997951630526, -3.188101187499973399 ) ) ;
#2448 = CARTESIAN_POINT ( 'NONE',  ( 28.66588462533559678, 1.188101187500002043, 1.952148957314875467E-16 ) ) ;
#2449 = CARTESIAN_POINT ( 'NONE',  ( -3.188101187499949418, 1.156250002048364145, 0.000000000000000000 ) ) ;
#2450 = VERTEX_POINT ( 'NONE', #5374 ) ;
#2451 = CARTESIAN_POINT ( 'NONE',  ( 41.88463462533560744, -5.188101187499997380, -1.320554750080271678 ) ) ;
#2452 = CARTESIAN_POINT ( 'NONE',  ( 37.66588462533560033, 1.188101187500002043, 1.952148957314875467E-16 ) ) ;
#2453 = CARTESIAN_POINT ( 'NONE',  ( -1.656854249492355935, 3.968750004096759376, 3.999999999999973355 ) ) ;
#2454 = CARTESIAN_POINT ( 'NONE',  ( 3.999999999999974243, 8.201801801801815728, 4.898587196589381274E-16 ) ) ;
#2455 = CARTESIAN_POINT ( 'NONE',  ( -3.999999999999936939, -2.500000000000030198, 0.000000000000000000 ) ) ;
#2456 = DATE_AND_TIME ( #704, #3348 ) ;
#2457 = CARTESIAN_POINT ( 'NONE',  ( 1.656854249492421660, -6.343749995903232630, 3.999999999999973355 ) ) ;
#2458 = EDGE_CURVE ( 'NONE', #453, #5813, #2667, .T. ) ;
#2459 = CARTESIAN_POINT ( 'NONE',  ( 43.00963462533559323, -3.320554750080270345, 3.188101187499999156 ) ) ;
#2460 = APPROVAL_ROLE ( '' ) ;
#2461 = CARTESIAN_POINT ( 'NONE',  ( 37.29088462533560033, -5.188101187499998268, -5.856446871944625661E-16 ) ) ;
#2462 = CARTESIAN_POINT ( 'NONE',  ( 33.25963462738398846, -4.828427124746188959, 2.828427124746189403 ) ) ;
#2463 = CARTESIAN_POINT ( 'NONE',  ( 42.54088462533560033, -1.999999999999998224, 3.188101187500000488 ) ) ;
#2464 = CARTESIAN_POINT ( 'NONE',  ( 3.188101187500032463, -8.687499997951615427, 1.320554750080258577 ) ) ;
#2465 = CARTESIAN_POINT ( 'NONE',  ( 47.13463462328720510, -1.999999999999997780, -4.000000000000000000 ) ) ;
#2466 = CARTESIAN_POINT ( 'NONE',  ( 46.66588462328721221, -5.999999999999997335, 1.656854249492381248 ) ) ;
#2467 = VERTEX_POINT ( 'NONE', #5489 ) ;
#2468 = CARTESIAN_POINT ( 'NONE',  ( 1.594010536321507798, -8.593027809887196611, 2.760999744594113015 ) ) ;
#2469 = CARTESIAN_POINT ( 'NONE',  ( -1.656854249492337283, -1.281250000000020206, -3.999999999999974243 ) ) ;
#2470 = CARTESIAN_POINT ( 'NONE',  ( 11.18033988749894725, -10.00000000000004086, 0.000000000000000000 ) ) ;
#2471 = CARTESIAN_POINT ( 'NONE',  ( -3.188101187499945866, 0.03125000204836411027, 0.000000000000000000 ) ) ;
#2472 = CARTESIAN_POINT ( 'NONE',  ( 28.38463462328720865, -1.999999999999998224, 4.000000000000000000 ) ) ;
#2473 = CARTESIAN_POINT ( 'NONE',  ( 2.072216912682486778E-14, 2.374999999999985789, 3.999999999999974243 ) ) ;
#2474 = CARTESIAN_POINT ( 'NONE',  ( -3.999999999999927613, -5.406249995903250394, -1.656854249492369702 ) ) ;
#2475 = CARTESIAN_POINT ( 'NONE',  ( 1.656854249492401232, -0.3437499959032287444, 3.999999999999973355 ) ) ;
#2476 = CARTESIAN_POINT ( 'NONE',  ( 47.04088462738400267, -5.999999999999997335, -1.656854249492382580 ) ) ;
#2477 = CARTESIAN_POINT ( 'NONE',  ( 3.999999999999809042, -6.062483551048885921, -9.129590110656493444E-07 ) ) ;
#2478 = AXIS2_PLACEMENT_3D ( 'NONE', #5476, #2095, #3099 ) ;
#2479 = ORIENTED_EDGE ( 'NONE', *, *, #6795, .F. ) ;
#2480 = CARTESIAN_POINT ( 'NONE',  ( 1.320554750080279227, 2.187500002048380132, -3.188101187499973843 ) ) ;
#2481 = CARTESIAN_POINT ( 'NONE',  ( 44.22838462328721221, -0.3431457505075994341, -3.999999999999981792 ) ) ;
#2482 = CARTESIAN_POINT ( 'NONE',  ( 28.10338462533560033, -4.254327968790133419, -2.254327968790135639 ) ) ;
#2483 = EDGE_CURVE ( 'NONE', #6870, #2467, #3223, .T. ) ;
#2484 = CARTESIAN_POINT ( 'NONE',  ( 3.188101187500000933, 0.3125000020483868490, 1.320554750080258577 ) ) ;
#2485 = ORIENTED_EDGE ( 'NONE', *, *, #1737, .T. ) ;
#2486 = CARTESIAN_POINT ( 'NONE',  ( -3.999999999999919620, -3.906250000000028422, 1.656854249492384579 ) ) ;
#2487 = CARTESIAN_POINT ( 'NONE',  ( 40.75963462533560744, -0.6794452499197283224, -3.188101187499999600 ) ) ;
#2488 = CARTESIAN_POINT ( 'NONE',  ( 36.07213462533560033, 1.188101187500002043, -1.320554750080270123 ) ) ;
#2489 = DIRECTION ( 'NONE',  ( -1.000000000000000000, -3.469446951953636671E-15, 0.000000000000000000 ) ) ;
#2490 = DIRECTION ( 'NONE',  ( -0.4999999999999960587, -0.000000000000000000, -0.8660254037844409281 ) ) ;
#2491 = CARTESIAN_POINT ( 'NONE',  ( 2.828427124746220489, -6.062500000000005329, -2.828427124746171639 ) ) ;
#2492 = CARTESIAN_POINT ( 'NONE',  ( -1.656854249492350606, 2.468750004096759820, 3.999999999999972911 ) ) ;
#2493 = CARTESIAN_POINT ( 'NONE',  ( 50.88463462328721221, -1.999999999999998224, 4.000000000000000000 ) ) ;
#2494 = CARTESIAN_POINT ( 'NONE',  ( 44.79088462533560744, -5.188101187499998268, -5.856446871944625661E-16 ) ) ;
#2495 = CONTEXT_DEPENDENT_SHAPE_REPRESENTATION ( #4212, #6797 ) ;
#2496 = CARTESIAN_POINT ( 'NONE',  ( 30.16588462533560033, -1.999999999999997780, -3.188101187500000044 ) ) ;
#2497 = CARTESIAN_POINT ( 'NONE',  ( 49.47838462533560033, 0.2543279687901370267, -2.254327968790134751 ) ) ;
#2498 = CARTESIAN_POINT ( 'NONE',  ( 41.50963462533560744, -5.188101187499998268, -1.320554750080271900 ) ) ;
#2499 = AXIS2_PLACEMENT_3D ( 'NONE', #6173, #7376, #6820 ) ;
#2500 = CARTESIAN_POINT ( 'NONE',  ( 50.32213462328721221, 0.8284271247461921783, -2.828427124746189847 ) ) ;
#2501 = CARTESIAN_POINT ( 'NONE',  ( 4.000000000000008882, -1.656249995903222194, 1.656854249492369036 ) ) ;
#2502 = EDGE_CURVE ( 'NONE', #1933, #6071, #2316, .T. ) ;
#2503 = CC_DESIGN_APPROVAL ( #2308, ( #5724 ) ) ;
#2504 = CARTESIAN_POINT ( 'NONE',  ( 44.41588462328722642, 2.000000000000001776, -1.656854249492380360 ) ) ;
#2505 = ORIENTED_EDGE ( 'NONE', *, *, #1644, .F. ) ;
#2506 = ORIENTED_EDGE ( 'NONE', *, *, #3783, .T. ) ;
#2507 = CARTESIAN_POINT ( 'NONE',  ( 45.44713462533560033, 1.188101187500001599, -1.320554750080269679 ) ) ;
#2508 = CARTESIAN_POINT ( 'NONE',  ( -3.999999999999958256, 3.593750004096751383, -1.656854249492369702 ) ) ;
#2509 = CARTESIAN_POINT ( 'NONE',  ( -3.999999999999957367, 3.499999999999972022, 0.000000000000000000 ) ) ;
#2510 = DIRECTION ( 'NONE',  ( -1.000000000000000000, -0.000000000000000000, -0.000000000000000000 ) ) ;
#2511 = CARTESIAN_POINT ( 'NONE',  ( -1.320554750080232376, 0.3125000020483713059, 3.188101187499973399 ) ) ;
#2512 = CARTESIAN_POINT ( 'NONE',  ( 28.19713462328720865, 0.8284271247461921783, 2.828427124746190291 ) ) ;
#2513 = CARTESIAN_POINT ( 'NONE',  ( -2.828427124746165866, 6.687499999999976019, 2.828427124746172083 ) ) ;
#2514 = CARTESIAN_POINT ( 'NONE',  ( 4.000000000000032863, -9.062499995903221972, -4.898587196589381274E-16 ) ) ;
#2515 = CARTESIAN_POINT ( 'NONE',  ( 36.54088462328721221, -3.656854249492361042, -4.000000000000019540 ) ) ;
#2516 = APPROVAL ( #2533, 'UNKNOWN' ) ;
#2517 = CARTESIAN_POINT ( 'NONE',  ( 46.57213462738398846, -1.999999999999998224, 4.000000000000000000 ) ) ;
#2518 = DIRECTION ( 'NONE',  ( -1.000000000000000000, -0.000000000000000000, -0.000000000000000000 ) ) ;
#2519 = ORIENTED_EDGE ( 'NONE', *, *, #4562, .T. ) ;
#2520 = CARTESIAN_POINT ( 'NONE',  ( 3.188101187500000933, 0.3125000020483868490, 1.320554750080258577 ) ) ;
#2521 = DIRECTION ( 'NONE',  ( -3.430248998885766570E-15, 1.000000000000000000, -0.000000000000000000 ) ) ;
#2522 = CARTESIAN_POINT ( 'NONE',  ( 25.88463462328719800, -5.860590493770665432, 1.046824263860733462 ) ) ;
#2523 = CARTESIAN_POINT ( 'NONE',  ( -2.254327968790102332, 4.343750002048368586, 2.254327968790116543 ) ) ;
#2524 = VERTEX_POINT ( 'NONE', #4338 ) ;
#2525 = LINE ( 'NONE', #4036, #5869 ) ;
#2526 = CARTESIAN_POINT ( 'NONE',  ( 40.85338462533560033, 0.2543279687901365826, -2.254327968790134307 ) ) ;
#2527 = CARTESIAN_POINT ( 'NONE',  ( 36.35338462533560744, 0.2543279687901370267, 2.254327968790135195 ) ) ;
#2528 = CARTESIAN_POINT ( 'NONE',  ( -1.656854249492312414, -8.593749995903243288, -3.999999999999974243 ) ) ;
#2529 = CARTESIAN_POINT ( 'NONE',  ( 50.88463462328721221, -1.999999999999997780, -4.000000000000000000 ) ) ;
#2530 = CARTESIAN_POINT ( 'NONE',  ( -2.828427124746139221, -1.187500000000025313, -2.828427124746171639 ) ) ;
#2531 = FACE_OUTER_BOUND ( 'NONE', #1359, .T. ) ;
#2532 = CARTESIAN_POINT ( 'NONE',  ( 35.50963462533560033, -3.320554750080270345, 3.188101187499999156 ) ) ;
#2533 = APPROVAL_STATUS ( 'not_yet_approved' ) ;
#2534 = EDGE_CURVE ( 'NONE', #5344, #1859, #1999, .T. ) ;
#2535 = CARTESIAN_POINT ( 'NONE',  ( 28.57213462533560033, -3.320554750080268125, -3.188101187500000933 ) ) ;
#2536 = CARTESIAN_POINT ( 'NONE',  ( 30.07213462738398491, -1.999999999999998224, 4.000000000000000000 ) ) ;
#2537 = CARTESIAN_POINT ( 'NONE',  ( 34.66588462533559323, 1.188101187500002043, 1.952148957314875467E-16 ) ) ;
#2538 = CARTESIAN_POINT ( 'NONE',  ( 37.75963462738398846, -4.828427124746188959, 2.828427124746189403 ) ) ;
#2539 = CARTESIAN_POINT ( 'NONE',  ( 43.75963462533561454, 1.188101187500001599, 1.320554750080270123 ) ) ;
#2540 = EDGE_LOOP ( 'NONE', ( #2419, #6031, #3808, #5442 ) ) ;
#2541 = CARTESIAN_POINT ( 'NONE',  ( 36.72838462328721221, -0.3431457505076173642, -4.000000000000000000 ) ) ;
#2542 = ORIENTED_EDGE ( 'NONE', *, *, #1220, .F. ) ;
#2543 = VERTEX_POINT ( 'NONE', #5451 ) ;
#2544 = CARTESIAN_POINT ( 'NONE',  ( 48.54088462533560033, 1.188101187500001599, 1.952148957314875220E-16 ) ) ;
#2545 = CARTESIAN_POINT ( 'NONE',  ( 3.188101187499989830, 3.406250002048387238, -3.904297914629718393E-16 ) ) ;
#2546 = CARTESIAN_POINT ( 'NONE',  ( 3.188101187499998712, 0.7812500020483873486, -3.904297914629718393E-16 ) ) ;
#2547 = CARTESIAN_POINT ( 'NONE',  ( 4.000000000000001776, -8.000000000000003553, 0.000000000000000000 ) ) ;
#2548 = CARTESIAN_POINT ( 'NONE',  ( 3.999999999999987121, 4.343749999999999112, -1.656854249492369924 ) ) ;
#2549 = CARTESIAN_POINT ( 'NONE',  ( 1.999999999999588995, -9.311773616771816364, 3.464101615137997303 ) ) ;
#2550 =( BOUNDED_CURVE ( )  B_SPLINE_CURVE ( 2, ( #5484, #1139, #1174, #4561, #4486, #3978, #572, #3463, #6392 ),
 .UNSPECIFIED., .F., .F. ) 
 B_SPLINE_CURVE_WITH_KNOTS ( ( 3, 2, 2, 2, 3 ),
 ( 0.000000000000000000, 0.007812500000000005204, 0.01562500000000001041, 0.02343750000000001388, 0.03125000000000002082 ),
 .UNSPECIFIED. ) 
 CURVE ( )  GEOMETRIC_REPRESENTATION_ITEM ( )  RATIONAL_B_SPLINE_CURVE ( ( 1.000000000000000000, 0.9238795325112867385, 1.000000000000000000, 0.9238795325112867385, 1.000000000000000000, 0.9238795325112867385, 1.000000000000000000, 0.9238795325112865164, 1.000000000000000222 ) ) 
 REPRESENTATION_ITEM ( '' )  );
#2551 = CARTESIAN_POINT ( 'NONE',  ( 1.716976493834267173E-14, 3.124999999999985345, -3.999999999999974243 ) ) ;
#2552 = VECTOR ( 'NONE', #6228, 1000.000000000000000 ) ;
#2553 = CARTESIAN_POINT ( 'NONE',  ( 45.91588462738398135, -0.3431457505076173642, -4.000000000000000000 ) ) ;
#2554 = LINE ( 'NONE', #7171, #1041 ) ;
#2555 = EDGE_LOOP ( 'NONE', ( #5140, #3666, #1043, #1454 ) ) ;
#2556 = FACE_OUTER_BOUND ( 'NONE', #4654, .T. ) ;
#2557 = CARTESIAN_POINT ( 'NONE',  ( -1.320554750080231043, -0.06249999795162903410, 3.188101187499973399 ) ) ;
#2558 = CARTESIAN_POINT ( 'NONE',  ( 44.50963462328721221, 2.000000000000001776, 2.449293598294706414E-16 ) ) ;
#2559 = CARTESIAN_POINT ( 'NONE',  ( 45.63463462738398846, -4.828427124746188959, -2.828427124746190735 ) ) ;
#2560 = CARTESIAN_POINT ( 'NONE',  ( -1.320554750080233930, 0.8750000020483709173, -3.188101187499973843 ) ) ;
#2561 = ORIENTED_EDGE ( 'NONE', *, *, #6528, .T. ) ;
#2562 = CYLINDRICAL_SURFACE ( 'NONE', #3030, 4.000000000000000000 ) ;
#2563 = CARTESIAN_POINT ( 'NONE',  ( 36.07213462533560033, 1.188101187500001599, -1.320554750080269679 ) ) ;
#2564 = CARTESIAN_POINT ( 'NONE',  ( 43.19713462533560744, -5.188101187499998268, 1.320554750080270345 ) ) ;
#2565 =( BOUNDED_CURVE ( )  B_SPLINE_CURVE ( 2, ( #2434, #1242, #2404, #1215, #3034, #5261, #5294 ),
 .UNSPECIFIED., .F., .T. ) 
 B_SPLINE_CURVE_WITH_KNOTS ( ( 3, 2, 2, 3 ),
 ( 0.9687500000000000000, 0.9765625000000000000, 0.9843750000000000000, 0.9870235873217929612 ),
 .UNSPECIFIED. ) 
 CURVE ( )  GEOMETRIC_REPRESENTATION_ITEM ( )  RATIONAL_B_SPLINE_CURVE ( ( 1.000000000000000000, 0.9238795325112867385, 1.000000000000000000, 0.9238795325112867385, 1.000000000000000000, 0.9741937017446964386, 0.9658850634910325361 ) ) 
 REPRESENTATION_ITEM ( '' )  );
#2566 = CARTESIAN_POINT ( 'NONE',  ( 32.88463462533560033, -0.6794452499197279893, -3.188101187500000044 ) ) ;
#2567 = CARTESIAN_POINT ( 'NONE',  ( 4.000000000000032863, -9.062499995903221972, -4.898587196589381274E-16 ) ) ;
#2568 = CARTESIAN_POINT ( 'NONE',  ( 2.254327968790121872, 6.593750002048384573, 2.254327968790115655 ) ) ;
#2569 = CARTESIAN_POINT ( 'NONE',  ( -3.999999999999931610, -3.906250000000029754, 1.656854249492372588 ) ) ;
#2570 = CC_DESIGN_PERSON_AND_ORGANIZATION_ASSIGNMENT ( #1169, #6838, ( #7168 ) ) ;
#2571 = FACE_OUTER_BOUND ( 'NONE', #6383, .T. ) ;
#2572 = CARTESIAN_POINT ( 'NONE',  ( 38.32213462533560744, -0.6794452499197284334, 3.188101187499999600 ) ) ;
#2573 = SHAPE_DEFINITION_REPRESENTATION ( #5129, #6116 ) ;
#2574 = CARTESIAN_POINT ( 'NONE',  ( 28.57213462738398491, -1.999999999999998224, 4.000000000000000000 ) ) ;
#2575 = CARTESIAN_POINT ( 'NONE',  ( 38.13463462533560033, -3.320554750080270345, 3.188101187499999156 ) ) ;
#2576 = DIRECTION ( 'NONE',  ( -1.000000000000000000, -3.469446951953636671E-15, 0.000000000000000000 ) ) ;
#2577 = CARTESIAN_POINT ( 'NONE',  ( 43.19713462533560744, -3.320554750080268569, -3.188101187500000488 ) ) ;
#2578 = ORIENTED_EDGE ( 'NONE', *, *, #6441, .F. ) ;
#2579 = CARTESIAN_POINT ( 'NONE',  ( 41.13463462328721221, -1.999999999999997780, -4.000000000000000000 ) ) ;
#2580 = ORIENTED_EDGE ( 'NONE', *, *, #2342, .T. ) ;
#2581 = ORIENTED_EDGE ( 'NONE', *, *, #1297, .T. ) ;
#2582 = CARTESIAN_POINT ( 'NONE',  ( 46.75963462533560744, -0.6794452499197282114, -3.188101187500000044 ) ) ;
#2583 = CARTESIAN_POINT ( 'NONE',  ( 3.999999999999982681, 5.843750000000000000, -1.656854249492369924 ) ) ;
#2584 = CARTESIAN_POINT ( 'NONE',  ( 1.320554750080273232, 4.625000002048380132, 3.188101187499972955 ) ) ;
#2585 = CARTESIAN_POINT ( 'NONE',  ( -3.188101187499934763, -2.874999997951636743, 1.320554750080261019 ) ) ;
#2586 = FACE_OUTER_BOUND ( 'NONE', #5866, .T. ) ;
#2587 = CARTESIAN_POINT ( 'NONE',  ( 4.000000000000003553, -0.2500000000000019429, -4.898587196589381274E-16 ) ) ;
#2588 = LINE ( 'NONE', #4854, #7174 ) ;
#2589 = DIRECTION ( 'NONE',  ( -1.000000000000000000, -0.000000000000000000, -0.000000000000000000 ) ) ;
#2590 = ORIENTED_EDGE ( 'NONE', *, *, #3449, .F. ) ;
#2591 = CARTESIAN_POINT ( 'NONE',  ( 50.88463462328721221, -1.999999999999997780, -4.000000000000000000 ) ) ;
#2592 = CARTESIAN_POINT ( 'NONE',  ( 2.346729832031429840E-14, 1.531250002048375913, 3.188101187499973399 ) ) ;
#2593 = CARTESIAN_POINT ( 'NONE',  ( 6.235846240341308989E-15, 6.312500004096765593, -3.999999999999974243 ) ) ;
#2594 = CARTESIAN_POINT ( 'NONE',  ( 31.85338462328721221, -5.999999999999997335, -1.656854249492382580 ) ) ;
#2595 = EDGE_CURVE ( 'NONE', #4217, #4097, #1561, .T. ) ;
#2596 = CARTESIAN_POINT ( 'NONE',  ( 3.188101187500016476, -4.187499997951613651, 1.320554750080258577 ) ) ;
#2597 =( BOUNDED_CURVE ( )  B_SPLINE_CURVE ( 2, ( #6581, #3090, #4761, #3762, #6057, #6618, #5947, #4907, #6508, #1442, #2568, #7035, #1979, #3129, #5429, #7188, #3055, #5314, #208, #7072, #6466, #325, #1363, #3653, #2605, #4870, #5907, #812, #1402, #3690, #7146, #5393, #4279, #2123, #2724, #1000, #4427, #4988, #6659, #440, #6825, #7381, #4387, #1682, #5068, #2279, #4543, #6784, #6703, #3999, #3877, #7265, #3958, #1726, #6216, #5630, #1040, #7225, #3838, #1079, #402, #483, #6137, #959, #2163, #6094, #522, #1556, #1121, #2241, #2807, #3241, #2769, #1597, #3282, #5546, #7346, #3325, #4506, #3406, #5030, #5505, #556, #5589, #7305, #5667, #2685, #2204, #2846, #4466, #3364, #5105, #6742, #1639, #3917, #6178, #4947, #5827, #5274, #696, #1191, #2416, #1254, #3447, #3512, #164, #3543, #6862, #5144, #2916, #6287, #64, #1793, #6926, #2352, #2983, #6956, #3572, #6988, #5214, #5179, #6892, #4094, #27, #4683, #131, #5796, #1158, #662, #4063, #4029, #3481, #5241, #6317, #1861, #4124, #2950, #6385, #98, #5766, #5735, #1285, #589, #624, #731, #4617, #3011, #2447, #2386, #1226, #4580, #4650, #1829, #4716, #1895, #6253, #6350, #1759, #5701, #2882, #2320, #5456, #1430, #4751, #3046, #804, #4194, #5339, #7065, #4826, #238, #5973, #4860 ),
 .UNSPECIFIED., .F., .F. ) 
 B_SPLINE_CURVE_WITH_KNOTS ( ( 3, 2, 2, 2, 2, 2, 2, 2, 2, 2, 2, 2, 2, 2, 2, 2, 2, 2, 2, 2, 2, 2, 2, 2, 2, 2, 2, 2, 2, 2, 2, 2, 2, 2, 2, 2, 2, 2, 2, 2, 2, 2, 2, 2, 2, 2, 2, 2, 2, 2, 2, 2, 2, 2, 2, 2, 2, 2, 2, 2, 2, 2, 2, 2, 2, 2, 2, 2, 2, 2, 2, 2, 2, 2, 2, 2, 2, 2, 2, 2, 2, 2, 2, 2, 2, 2, 3 ),
 ( 0.000000000000000000, 0.01136363636363636395, 0.02272727272727272790, 0.03409090909090908839, 0.04545454545454545581, 0.05681818181818181629, 0.06818181818181817677, 0.07954545454545454419, 0.09090909090909091161, 0.1022727272727272790, 0.1136363636363636326, 0.1250000000000000000, 0.1363636363636363535, 0.1477272727272727348, 0.1590909090909090884, 0.1704545454545454419, 0.1818181818181818232, 0.1931818181818181768, 0.2045454545454545581, 0.2159090909090909116, 0.2272727272727272652, 0.2386363636363636465, 0.2500000000000000000, 0.2613636363636363535, 0.2727272727272727071, 0.2840909090909091161, 0.2954545454545454697, 0.3068181818181818232, 0.3181818181818181768, 0.3295454545454545303, 0.3409090909090908839, 0.3522727272727273484, 0.3636363636363636465, 0.3750000000000000000, 0.3863636363636363535, 0.3977272727272727071, 0.4090909090909091161, 0.4204545454545454697, 0.4318181818181818232, 0.4431818181818181768, 0.4545454545454545303, 0.4659090909090908839, 0.4772727272727272929, 0.4886363636363636465, 0.5000000000000000000, 0.5113636363636363535, 0.5227272727272727071, 0.5340909090909090606, 0.5454545454545454142, 0.5568181818181817677, 0.5681818181818182323, 0.5795454545454545858, 0.5909090909090909394, 0.6022727272727272929, 0.6136363636363636465, 0.6250000000000000000, 0.6363636363636363535, 0.6477272727272727071, 0.6590909090909090606, 0.6704545454545454142, 0.6818181818181817677, 0.6931818181818182323, 0.7045454545454546968, 0.7159090909090909394, 0.7272727272727272929, 0.7386363636363636465, 0.7500000000000000000, 0.7613636363636363535, 0.7727272727272727071, 0.7840909090909090606, 0.7954545454545454142, 0.8068181818181817677, 0.8181818181818182323, 0.8295454545454545858, 0.8409090909090909394, 0.8522727272727272929, 0.8636363636363636465, 0.8750000000000000000, 0.8863636363636363535, 0.8977272727272725961, 0.9090909090909090606, 0.9204545454545454142, 0.9318181818181817677, 0.9431818181818182323, 0.9545454545454545858, 0.9659090909090909394, 0.9697189450449062997 ),
 .UNSPECIFIED. ) 
 CURVE ( )  GEOMETRIC_REPRESENTATION_ITEM ( )  RATIONAL_B_SPLINE_CURVE ( ( 1.000000000000000000, 0.9238795325112867385, 1.000000000000000000, 0.9238795325112867385, 1.000000000000000000, 0.9238795325112867385, 1.000000000000000000, 0.9238795325112867385, 1.000000000000000000, 0.9238795325112867385, 1.000000000000000000, 0.9238795325112867385, 1.000000000000000000, 0.9238795325112867385, 1.000000000000000000, 0.9238795325112867385, 1.000000000000000000, 0.9238795325112867385, 1.000000000000000000, 0.9238795325112867385, 1.000000000000000000, 0.9238795325112867385, 1.000000000000000000, 0.9238795325112867385, 1.000000000000000000, 0.9238795325112867385, 1.000000000000000000, 0.9238795325112867385, 1.000000000000000000, 0.9238795325112867385, 1.000000000000000000, 0.9238795325112867385, 1.000000000000000000, 0.9238795325112867385, 1.000000000000000000, 0.9238795325112867385, 1.000000000000000000, 0.9238795325112867385, 1.000000000000000000, 0.9238795325112867385, 1.000000000000000000, 0.9238795325112867385, 1.000000000000000000, 0.9238795325112867385, 1.000000000000000000, 0.9238795325112867385, 1.000000000000000000, 0.9238795325112867385, 1.000000000000000000, 0.9238795325112867385, 1.000000000000000000, 0.9238795325112867385, 1.000000000000000000, 0.9238795325112867385, 1.000000000000000000, 0.9238795325112867385, 1.000000000000000000, 0.9238795325112867385, 1.000000000000000000, 0.9238795325112867385, 1.000000000000000000, 0.9238795325112867385, 1.000000000000000000, 0.9238795325112867385, 1.000000000000000000, 0.9238795325112867385, 1.000000000000000000, 0.9238795325112867385, 1.000000000000000000, 0.9238795325112867385, 1.000000000000000000, 0.9238795325112867385, 1.000000000000000000, 0.9238795325112867385, 1.000000000000000000, 0.9238795325112867385, 1.000000000000000000, 0.9238795325112867385, 1.000000000000000000, 0.9238795325112867385, 1.000000000000000000, 0.9238795325112867385, 1.000000000000000000, 0.9238795325112867385, 1.000000000000000000, 0.9238795325112867385, 1.000000000000000000, 0.9238795325112867385, 1.000000000000000000, 0.9238795325112867385, 1.000000000000000000, 0.9238795325112867385, 1.000000000000000000, 0.9238795325112867385, 1.000000000000000000, 0.9238795325112867385, 1.000000000000000000, 0.9238795325112867385, 1.000000000000000000, 0.9238795325112867385, 1.000000000000000000, 0.9238795325112867385, 1.000000000000000000, 0.9238795325112867385, 1.000000000000000000, 0.9238795325112867385, 1.000000000000000000, 0.9238795325112867385, 1.000000000000000000, 0.9238795325112867385, 1.000000000000000000, 0.9238795325112867385, 1.000000000000000000, 0.9238795325112867385, 1.000000000000000000, 0.9238795325112867385, 1.000000000000000000, 0.9238795325112867385, 1.000000000000000000, 0.9238795325112867385, 1.000000000000000000, 0.9238795325112867385, 1.000000000000000000, 0.9238795325112867385, 1.000000000000000000, 0.9238795325112867385, 1.000000000000000000, 0.9238795325112867385, 1.000000000000000000, 0.9238795325112867385, 1.000000000000000000, 0.9238795325112867385, 1.000000000000000000, 0.9238795325112867385, 1.000000000000000000, 0.9238795325112867385, 1.000000000000000000, 0.9238795325112867385, 1.000000000000000000, 0.9238795325112867385, 1.000000000000000000, 0.9238795325112867385, 1.000000000000000000, 0.9238795325112867385, 1.000000000000000000, 0.9238795325112867385, 1.000000000000000000, 0.9238795325112867385, 1.000000000000000000, 0.9238795325112867385, 1.000000000000000000, 0.9238795325112867385, 1.000000000000000000, 0.9238795325112867385, 1.000000000000000000, 0.9238795325112867385, 1.000000000000000000, 0.9238795325112867385, 1.000000000000000000, 0.9238795325112867385, 1.000000000000000000, 0.9238795325112867385, 1.000000000000000000, 0.9238795325112867385, 1.000000000000000000, 0.9238795325112867385, 1.000000000000000000, 0.9238795325112867385, 1.000000000000000000, 0.9238795325112867385, 1.000000000000000000, 0.9744793067463776159, 0.9660711143912044108 ) ) 
 REPRESENTATION_ITEM ( '' )  );
#2598 = CARTESIAN_POINT ( 'NONE',  ( -3.999999999999958256, 3.781250004096752271, 1.656854249492372588 ) ) ;
#2599 = CARTESIAN_POINT ( 'NONE',  ( 11.47405937527092412, -8.336700266468399789, -4.890274070705918241 ) ) ;
#2600 = CARTESIAN_POINT ( 'NONE',  ( 34.00963462533560033, -5.188101187499997380, -1.320554750080271678 ) ) ;
#2601 = CARTESIAN_POINT ( 'NONE',  ( 39.54088462533560033, 1.188101187500001599, 1.952148957314875220E-16 ) ) ;
#2602 = ORIENTED_EDGE ( 'NONE', *, *, #1950, .T. ) ;
#2603 = CARTESIAN_POINT ( 'NONE',  ( 33.07213462533560744, 1.188101187500002043, -1.320554750080270123 ) ) ;
#2604 = CARTESIAN_POINT ( 'NONE',  ( 33.07213462738398135, -1.999999999999998224, 4.000000000000000000 ) ) ;
#2605 = CARTESIAN_POINT ( 'NONE',  ( 3.188101187499983613, 5.281250002048388126, -3.904297914629718393E-16 ) ) ;
#2606 = EDGE_CURVE ( 'NONE', #3009, #6645, #7177, .T. ) ;
#2607 = CARTESIAN_POINT ( 'NONE',  ( 4.000000000000019540, -4.656249995903221084, 1.656854249492369036 ) ) ;
#2608 = CARTESIAN_POINT ( 'NONE',  ( 49.29088462328720510, -0.3431457505076111469, 3.999999999999993339 ) ) ;
#2609 = CARTESIAN_POINT ( 'NONE',  ( 2.828427124746178301, 6.125000004096775363, -2.828427124746171639 ) ) ;
#2610 = CARTESIAN_POINT ( 'NONE',  ( 35.13463462533560033, 1.188101187500001599, 1.320554750080270123 ) ) ;
#2611 = ITEM_DEFINED_TRANSFORMATION ( 'NONE', 'NONE', #1579,  #4195 ) ;
#2612 = CARTESIAN_POINT ( 'NONE',  ( 49.75963462533561454, 1.188101187500002043, 1.320554750080270123 ) ) ;
#2613 = CARTESIAN_POINT ( 'NONE',  ( 40.19713462533560744, -3.320554750080268125, -3.188101187500001377 ) ) ;
#2614 = CARTESIAN_POINT ( 'NONE',  ( -3.594050593749972489, 7.765625001024168306, 0.000000000000000000 ) ) ;
#2615 = CARTESIAN_POINT ( 'NONE',  ( 46.10338462533560033, -4.254327968790132530, -2.254327968790135195 ) ) ;
#2616 = CARTESIAN_POINT ( 'NONE',  ( 37.38463462328721221, -1.999999999999998224, 4.000000000000000000 ) ) ;
#2617 = ORIENTED_EDGE ( 'NONE', *, *, #441, .F. ) ;
#2618 = VERTEX_POINT ( 'NONE', #7170 ) ;
#2619 = CARTESIAN_POINT ( 'NONE',  ( 45.54088462533560744, 1.188101187500001599, 1.952148957314875220E-16 ) ) ;
#2620 = CARTESIAN_POINT ( 'NONE',  ( 3.999999999999983569, 5.656249999999999112, 1.656854249492369036 ) ) ;
#2621 = CARTESIAN_POINT ( 'NONE',  ( 26.97838462328720510, -3.656854249492381914, 3.999999999999999112 ) ) ;
#2622 = CARTESIAN_POINT ( 'NONE',  ( 3.188101187499989386, 3.500000002048387238, -1.320554750080259243 ) ) ;
#2623 = LOCAL_TIME ( 2, 47, 55.00000000000000000, #1906 ) ;
#2624 = CARTESIAN_POINT ( 'NONE',  ( 26.60338462738398491, 2.000000000000001776, -1.656854249492380138 ) ) ;
#2625 = AXIS2_PLACEMENT_3D ( 'NONE', #147, #5780, #4701 ) ;
#2626 = CARTESIAN_POINT ( 'NONE',  ( -3.999999999999952482, 1.999999999999971356, 0.000000000000000000 ) ) ;
#2627 = CARTESIAN_POINT ( 'NONE',  ( 45.25963462328721221, -5.999999999999998224, -7.347880794884119736E-16 ) ) ;
#2628 = FACE_OUTER_BOUND ( 'NONE', #134, .T. ) ;
#2629 = EDGE_CURVE ( 'NONE', #6081, #5600, #4200, .T. ) ;
#2630 =( BOUNDED_CURVE ( )  B_SPLINE_CURVE ( 2, ( #962, #7190, #1599, #3841, #5549, #7268, #1044, #2687, #4950, #5072, #4509 ),
 .UNSPECIFIED., .F., .F. ) 
 B_SPLINE_CURVE_WITH_KNOTS ( ( 3, 2, 2, 2, 2, 3 ),
 ( 0.2343698298262595348, 0.2460882359495301375, 0.2578067233756983212, 0.2695252108018664772, 0.2812436982280346331, 0.2812437404541674457 ),
 .UNSPECIFIED. ) 
 CURVE ( )  GEOMETRIC_REPRESENTATION_ITEM ( )  RATIONAL_B_SPLINE_CURVE ( ( 0.9999989437593080899, 0.9238800606352968181, 1.000000000000000000, 0.9238795325112867385, 1.000000000000000000, 0.9238795325112867385, 1.000000000000000000, 0.9238795325112867385, 1.000000000000000000, 0.9999997257092273495, 0.9999994514204313401 ) ) 
 REPRESENTATION_ITEM ( '' )  );
#2631 = ORIENTED_EDGE ( 'NONE', *, *, #2755, .T. ) ;
#2632 = CARTESIAN_POINT ( 'NONE',  ( -3.188101187499971179, 7.531250002048365921, 0.000000000000000000 ) ) ;
#2633 = FACE_OUTER_BOUND ( 'NONE', #3813, .T. ) ;
#2634 = CARTESIAN_POINT ( 'NONE',  ( 30.35338462328720865, -5.999999999999997335, -1.656854249492382580 ) ) ;
#2635 = CARTESIAN_POINT ( 'NONE',  ( 3.188101187500011591, -2.687499997951614095, 1.320554750080258577 ) ) ;
#2636 = CARTESIAN_POINT ( 'NONE',  ( 4.000000000000031086, -7.843750000000003553, 1.656854249492369036 ) ) ;
#2637 = CARTESIAN_POINT ( 'NONE',  ( 4.000000000000018652, -4.750000000000002665, -4.898587196589381274E-16 ) ) ;
#2638 = VECTOR ( 'NONE', #3549, 1000.000000000000000 ) ;
#2639 = CARTESIAN_POINT ( 'NONE',  ( 34.75963462533560744, 1.188101187500001599, 1.320554750080270123 ) ) ;
#2640 = CARTESIAN_POINT ( 'NONE',  ( 32.41588462533560033, -1.999999999999998224, 3.188101187500000044 ) ) ;
#2641 = VERTEX_POINT ( 'NONE', #6080 ) ;
#2642 = CARTESIAN_POINT ( 'NONE',  ( -3.999999999999921840, -7.000000000000030198, 0.000000000000000000 ) ) ;
#2643 = CARTESIAN_POINT ( 'NONE',  ( 35.60338462533560744, -4.254327968790133419, -2.254327968790135639 ) ) ;
#2644 = CARTESIAN_POINT ( 'NONE',  ( 28.66588462738398135, -3.656854249492381914, 3.999999999999999112 ) ) ;
#2645 =( BOUNDED_CURVE ( )  B_SPLINE_CURVE ( 2, ( #2472, #3446, #2512, #7016, #2881, #5818, #833, #1886, #1311 ),
 .UNSPECIFIED., .F., .T. ) 
 B_SPLINE_CURVE_WITH_KNOTS ( ( 3, 2, 2, 2, 3 ),
 ( 0.9375000000000000000, 0.9453125000000000000, 0.9531250000000000000, 0.9609375000000000000, 0.9687500000000000000 ),
 .UNSPECIFIED. ) 
 CURVE ( )  GEOMETRIC_REPRESENTATION_ITEM ( )  RATIONAL_B_SPLINE_CURVE ( ( 1.000000000000000000, 0.9238795325112867385, 1.000000000000000000, 0.9238795325112867385, 1.000000000000000000, 0.9238795325112867385, 1.000000000000000000, 0.9238795325112867385, 1.000000000000000000 ) ) 
 REPRESENTATION_ITEM ( '' )  );
#2646 = CARTESIAN_POINT ( 'NONE',  ( 3.710808723031321364E-14, -2.687499995903235295, -3.999999999999974243 ) ) ;
#2647 = CARTESIAN_POINT ( 'NONE',  ( 40.57213462738398846, -1.999999999999998224, 4.000000000000000000 ) ) ;
#2648 = DIRECTION ( 'NONE',  ( 0.000000000000000000, 0.000000000000000000, 1.000000000000000000 ) ) ;
#2649 = CARTESIAN_POINT ( 'NONE',  ( 40.47838462533560033, -4.254327968790132530, -2.254327968790135195 ) ) ;
#2650 = CARTESIAN_POINT ( 'NONE',  ( 28.57213462533559678, 1.188101187500001599, -1.320554750080269679 ) ) ;
#2651 = ADVANCED_FACE ( 'NONE', ( #2032, #3746 ), #982, .F. ) ;
#2652 = CARTESIAN_POINT ( 'NONE',  ( 26.69713462738398491, 2.000000000000001776, 2.449293598294706414E-16 ) ) ;
#2653 = CARTESIAN_POINT ( 'NONE',  ( 37.66588462533560033, 1.188101187500002043, 1.952148957314875467E-16 ) ) ;
#2654 = DIRECTION ( 'NONE',  ( 0.000000000000000000, 0.000000000000000000, -1.000000000000000000 ) ) ;
#2655 = CARTESIAN_POINT ( 'NONE',  ( 43.66588462533560744, 1.188101187500001599, 1.952148957314875220E-16 ) ) ;
#2656 = SECURITY_CLASSIFICATION ( '', '', #5775 ) ;
#2657 = CARTESIAN_POINT ( 'NONE',  ( 40.47838462328721221, -3.656854249492381914, 3.999999999999999112 ) ) ;
#2658 = ORIENTED_EDGE ( 'NONE', *, *, #3429, .T. ) ;
#2659 = VERTEX_POINT ( 'NONE', #4263 ) ;
#2660 = CIRCLE ( 'NONE', #749, 7.999999999999991118 ) ;
#2661 = CARTESIAN_POINT ( 'NONE',  ( 46.57213462533560744, -3.320554750080268125, -3.188101187500000933 ) ) ;
#2662 = CARTESIAN_POINT ( 'NONE',  ( 4.000000000000013323, -3.250000000000001332, -4.898587196589381274E-16 ) ) ;
#2663 = CARTESIAN_POINT ( 'NONE',  ( 2.254327968790120984, 6.593750002048384573, -2.254327968790116099 ) ) ;
#2664 = CARTESIAN_POINT ( 'NONE',  ( 3.188101187500018696, -5.124999997951614539, -1.320554750080259021 ) ) ;
#2665 = CARTESIAN_POINT ( 'NONE',  ( 50.88463462328721221, -1.999999999999998224, 4.000000000000000000 ) ) ;
#2666 = CARTESIAN_POINT ( 'NONE',  ( 5.557621441077628319E-14, -8.000000000000012434, 0.000000000000000000 ) ) ;
#2667 = LINE ( 'NONE', #6005, #3016 ) ;
#2668 = CARTESIAN_POINT ( 'NONE',  ( 13.08056295274602654, 1.524972386033706107, -7.186295332526102086 ) ) ;
#2669 = ORIENTED_EDGE ( 'NONE', *, *, #2534, .F. ) ;
#2670 = CARTESIAN_POINT ( 'NONE',  ( -1.320554750080202844, -8.124999997951631414, -3.188101187499973843 ) ) ;
#2671 = CARTESIAN_POINT ( 'NONE',  ( 4.804200592831457007E-14, -5.875000000000015987, -3.999999999999974243 ) ) ;
#2672 = CARTESIAN_POINT ( 'NONE',  ( 29.88463462328720510, -1.999999999999998224, 4.000000000000000000 ) ) ;
#2673 = CARTESIAN_POINT ( 'NONE',  ( -1.320554750080213502, -5.124999997951629638, -3.188101187499973843 ) ) ;
#2674 = AXIS2_PLACEMENT_3D ( 'NONE', #601, #279, #4625 ) ;
#2675 = ADVANCED_FACE ( 'NONE', ( #5930 ), #425, .F. ) ;
#2676 = CARTESIAN_POINT ( 'NONE',  ( -1.656854249492355713, 3.968750004096759376, 3.999999999999972911 ) ) ;
#2677 = DIRECTION ( 'NONE',  ( -1.000000000000000000, -3.413484460715017990E-15, 0.000000000000000000 ) ) ;
#2678 =( BOUNDED_CURVE ( )  B_SPLINE_CURVE ( 2, ( #854, #4281, #1480, #6584, #5985, #4727, #2050, #6021, #212 ),
 .UNSPECIFIED., .F., .T. ) 
 B_SPLINE_CURVE_WITH_KNOTS ( ( 3, 2, 2, 2, 3 ),
 ( 0.3437499999999999445, 0.3515624999999999445, 0.3593750000000000000, 0.3671875000000000000, 0.3750000000000000000 ),
 .UNSPECIFIED. ) 
 CURVE ( )  GEOMETRIC_REPRESENTATION_ITEM ( )  RATIONAL_B_SPLINE_CURVE ( ( 1.000000000000000444, 0.9238795325112861834, 1.000000000000000000, 0.9238795325112867385, 1.000000000000000000, 0.9238795325112867385, 1.000000000000000000, 0.9238795325112867385, 1.000000000000000000 ) ) 
 REPRESENTATION_ITEM ( '' )  );
#2679 = CARTESIAN_POINT ( 'NONE',  ( 31.85338462533560033, 0.2543279687901365826, 2.254327968790134751 ) ) ;
#2680 = CARTESIAN_POINT ( 'NONE',  ( 36.44713462533560033, 1.188101187500001599, -1.320554750080269679 ) ) ;
#2681 = CARTESIAN_POINT ( 'NONE',  ( 26.79088462533560033, -5.188101187499998268, -5.856446871944625661E-16 ) ) ;
#2682 = VERTEX_POINT ( 'NONE', #3149 ) ;
#2683 = CARTESIAN_POINT ( 'NONE',  ( 27.72838462533560033, -4.254327968790133419, 2.254327968790134307 ) ) ;
#2684 = CARTESIAN_POINT ( 'NONE',  ( 30.16588462738398491, -3.656854249492381914, 3.999999999999999112 ) ) ;
#2685 = CARTESIAN_POINT ( 'NONE',  ( 2.254327968790145853, -0.5312499979516173143, -2.254327968790116099 ) ) ;
#2686 = CARTESIAN_POINT ( 'NONE',  ( 1.656854249492407005, -2.781249995903229077, -3.999999999999974243 ) ) ;
#2687 = CARTESIAN_POINT ( 'NONE',  ( -3.999999999999953371, 2.281250004096751827, 1.656854249492372366 ) ) ;
#2688 = CARTESIAN_POINT ( 'NONE',  ( -2.828427124746166310, 6.500000004096756712, -2.828427124746171639 ) ) ;
#2689 = CARTESIAN_POINT ( 'NONE',  ( 39.63463462533560744, 1.188101187500001599, 1.320554750080270123 ) ) ;
#2690 = CARTESIAN_POINT ( 'NONE',  ( 29.04088462533560033, -1.999999999999998224, 3.188101187500000044 ) ) ;
#2691 = CARTESIAN_POINT ( 'NONE',  ( 46.10338462533560033, -4.254327968790133419, -2.254327968790135639 ) ) ;
#2692 = CARTESIAN_POINT ( 'NONE',  ( 35.32213462533560744, -5.188101187499998268, 1.320554750080270789 ) ) ;
#2693 = CARTESIAN_POINT ( 'NONE',  ( 48.82213462738398846, -1.999999999999997780, -4.000000000000000000 ) ) ;
#2694 = CARTESIAN_POINT ( 'NONE',  ( 42.54088462533560033, -1.999999999999998224, 3.188101187500000044 ) ) ;
#2695 = CARTESIAN_POINT ( 'NONE',  ( 40.75963462328721221, -5.999999999999998224, -7.347880794884119736E-16 ) ) ;
#2696 = EDGE_LOOP ( 'NONE', ( #1653, #3852, #6133, #4584 ) ) ;
#2697 = ORIENTED_EDGE ( 'NONE', *, *, #4275, .F. ) ;
#2698 = CARTESIAN_POINT ( 'NONE',  ( -2.828427124746144550, 0.3124999999999742428, -2.828427124746171639 ) ) ;
#2699 = PERSON_AND_ORGANIZATION ( #6710, #6828 ) ;
#2700 = CARTESIAN_POINT ( 'NONE',  ( 41.69713462533560744, -5.188101187499998268, 1.320554750080270567 ) ) ;
#2701 = CARTESIAN_POINT ( 'NONE',  ( 4.000000000000012434, -2.968749995903221528, -1.656854249492370146 ) ) ;
#2702 = CARTESIAN_POINT ( 'NONE',  ( 39.63463462738398846, -4.828427124746188959, -2.828427124746190735 ) ) ;
#2703 = CARTESIAN_POINT ( 'NONE',  ( 3.188101187499979172, 6.500000002048388126, -1.320554750080259243 ) ) ;
#2704 = CARTESIAN_POINT ( 'NONE',  ( 42.72838462738398846, -3.656854249492361042, -4.000000000000019540 ) ) ;
#2705 = CARTESIAN_POINT ( 'NONE',  ( 3.999999999999996447, 1.531250004096778916, -1.656854249492370146 ) ) ;
#2706 = CARTESIAN_POINT ( 'NONE',  ( -1.320554750080235262, 1.250000002048371250, -3.188101187499973843 ) ) ;
#2707 = CARTESIAN_POINT ( 'NONE',  ( 48.82213462533560744, -0.6794452499197284334, 3.188101187499999600 ) ) ;
#2708 = CARTESIAN_POINT ( 'NONE',  ( 13.70992203035730128, 5.740432831325357199, 2.090049847330326838 ) ) ;
#2709 = CARTESIAN_POINT ( 'NONE',  ( 37.85338462328721221, -5.999999999999997335, -1.656854249492382580 ) ) ;
#2710 = AXIS2_PLACEMENT_3D ( 'NONE', #3985, #3945, #6202 ) ;
#2711 = CARTESIAN_POINT ( 'NONE',  ( -3.188101187499970735, 7.437500002048365921, -1.320554750080258799 ) ) ;
#2712 = CARTESIAN_POINT ( 'NONE',  ( 4.000000000000023093, -6.250000000000001776, -4.898587196589381274E-16 ) ) ;
#2713 = CARTESIAN_POINT ( 'NONE',  ( 32.79088462328720510, -0.3431457505076178638, 4.000000000000000000 ) ) ;
#2714 = CARTESIAN_POINT ( 'NONE',  ( -2.254327968790071246, -5.031249997951633190, -2.254327968790116099 ) ) ;
#2715 = CARTESIAN_POINT ( 'NONE',  ( 1.999999999999583888, -7.999273620868596169, 3.464101615137997303 ) ) ;
#2716 = CARTESIAN_POINT ( 'NONE',  ( 11.30793577472845257, -9.282728068923564280, -3.321382189867797763 ) ) ;
#2717 = CARTESIAN_POINT ( 'NONE',  ( 36.35338462533560744, 0.2543279687901365826, 2.254327968790134751 ) ) ;
#2718 = CARTESIAN_POINT ( 'NONE',  ( 31.66588462533560033, -1.999999999999997780, -3.188101187500000044 ) ) ;
#2719 = CARTESIAN_POINT ( 'NONE',  ( 29.22838462533560033, 0.2543279687901365826, 2.254327968790134751 ) ) ;
#2720 = ORIENTED_EDGE ( 'NONE', *, *, #288, .T. ) ;
#2721 = CARTESIAN_POINT ( 'NONE',  ( 4.000000000000031086, -7.843750000000003553, 1.656854249492369036 ) ) ;
#2722 = CARTESIAN_POINT ( 'NONE',  ( 28.57213462533559678, 1.188101187500002043, -1.320554750080270123 ) ) ;
#2723 = EDGE_CURVE ( 'NONE', #5970, #255, #2588, .T. ) ;
#2724 = CARTESIAN_POINT ( 'NONE',  ( -2.254327968790103220, 4.343750002048368586, -2.254327968790116099 ) ) ;
#2725 = CARTESIAN_POINT ( 'NONE',  ( 1.656854249492401232, -0.3437499959032287999, 3.999999999999972911 ) ) ;
#2726 = FACE_OUTER_BOUND ( 'NONE', #6615, .T. ) ;
#2727 = DIRECTION ( 'NONE',  ( -3.430248998885766570E-15, 1.000000000000000000, -0.000000000000000000 ) ) ;
#2728 = CARTESIAN_POINT ( 'NONE',  ( 28.75963462533560389, -0.6794452499197283224, -3.188101187499999600 ) ) ;
#2729 = CARTESIAN_POINT ( 'NONE',  ( 26.04088462533560033, -1.999999999999998224, 3.188101187500000044 ) ) ;
#2730 = CARTESIAN_POINT ( 'NONE',  ( 48.35338462533560033, 0.2543279687901370267, 2.254327968790135195 ) ) ;
#2731 = CARTESIAN_POINT ( 'NONE',  ( 33.72838462533560033, -4.254327968790133419, 2.254327968790134307 ) ) ;
#2732 = EDGE_CURVE ( 'NONE', #6440, #2641, #4301, .T. ) ;
#2733 = CARTESIAN_POINT ( 'NONE',  ( -3.999999999999932498, -4.000000000000029310, 0.000000000000000000 ) ) ;
#2734 = AXIS2_PLACEMENT_3D ( 'NONE', #7197, #1372, #2576 ) ;
#2735 = CARTESIAN_POINT ( 'NONE',  ( 38.22838462533560033, -4.254327968790133419, 2.254327968790133863 ) ) ;
#2736 = CARTESIAN_POINT ( 'NONE',  ( 36.07213462328720510, -4.828427124746188959, 2.828427124746189403 ) ) ;
#2737 = EDGE_LOOP ( 'NONE', ( #1635, #2152, #3067, #5183 ) ) ;
#2738 = CARTESIAN_POINT ( 'NONE',  ( -3.999999999999947153, 0.4999999999999709677, 0.000000000000000000 ) ) ;
#2739 = APPROVAL_ROLE ( '' ) ;
#2740 = CARTESIAN_POINT ( 'NONE',  ( 41.60338462533560033, -4.254327968790133419, 2.254327968790133863 ) ) ;
#2741 = CARTESIAN_POINT ( 'NONE',  ( -3.999999999999854339, -2.312499772347189175, -8.138466717400794133E-07 ) ) ;
#2742 = CARTESIAN_POINT ( 'NONE',  ( 38.41588462738398846, -0.3431457505076173642, -4.000000000000000000 ) ) ;
#2743 = CYLINDRICAL_SURFACE ( 'NONE', #1733, 4.000000000000000000 ) ;
#2744 = CARTESIAN_POINT ( 'NONE',  ( 1.320554750080284334, 0.6875000020483794660, -3.188101187499973399 ) ) ;
#2745 = EDGE_CURVE ( 'NONE', #1376, #622, #4972, .T. ) ;
#2746 = CARTESIAN_POINT ( 'NONE',  ( 2.254327968790171166, -8.031249997951617203, -2.254327968790116099 ) ) ;
#2747 = CARTESIAN_POINT ( 'NONE',  ( 47.04088462738399556, -5.999999999999997335, -1.656854249492382580 ) ) ;
#2748 = CARTESIAN_POINT ( 'NONE',  ( -3.188101187499955635, 3.031250002048365033, 0.000000000000000000 ) ) ;
#2749 = CARTESIAN_POINT ( 'NONE',  ( 50.50963462328721221, 2.000000000000001776, 2.449293598294706414E-16 ) ) ;
#2750 = CARTESIAN_POINT ( 'NONE',  ( 43.57213462738398846, -1.999999999999998224, 4.000000000000000000 ) ) ;
#2751 = CARTESIAN_POINT ( 'NONE',  ( -3.999999999999968026, 6.499999999999971578, 0.000000000000000000 ) ) ;
#2752 = LOCAL_TIME ( 2, 47, 55.00000000000000000, #5398 ) ;
#2753 = VECTOR ( 'NONE', #3425, 1000.000000000000000 ) ;
#2754 = CARTESIAN_POINT ( 'NONE',  ( 41.60338462328720510, 2.000000000000001776, 1.656854249492380804 ) ) ;
#2755 = EDGE_CURVE ( 'NONE', #2390, #1161, #172, .T. ) ;
#2756 = CARTESIAN_POINT ( 'NONE',  ( -1.320554750080210615, -6.062499997951629638, 3.188101187499973399 ) ) ;
#2757 = CARTESIAN_POINT ( 'NONE',  ( 50.88463462328721221, -1.999999999999998224, 4.000000000000000000 ) ) ;
#2758 = CARTESIAN_POINT ( 'NONE',  ( 33.54088462328720510, -3.656854249492377917, -4.000000000000000888 ) ) ;
#2759 = CARTESIAN_POINT ( 'NONE',  ( 1.320554750080293438, -1.374999997951620090, 3.188101187499972955 ) ) ;
#2760 = CARTESIAN_POINT ( 'NONE',  ( 9.788250428823511355E-15, 5.562500004096766482, 3.999999999999974243 ) ) ;
#2761 = CARTESIAN_POINT ( 'NONE',  ( 11.87780749107186828, -5.980804457085566739, -6.959191617805939423 ) ) ;
#2762 = CARTESIAN_POINT ( 'NONE',  ( 31.38463462533559678, -5.188101187499997380, -1.320554750080271678 ) ) ;
#2763 = CARTESIAN_POINT ( 'NONE',  ( 30.63463462533560033, 1.188101187500001599, 1.320554750080270123 ) ) ;
#2764 = CARTESIAN_POINT ( 'NONE',  ( -2.828427124746156096, 3.875000004096756268, 2.828427124746172083 ) ) ;
#2765 = VERTEX_POINT ( 'NONE', #5128 ) ;
#2766 = CARTESIAN_POINT ( 'NONE',  ( -1.656854249492326847, -4.281250000000021316, -3.999999999999974243 ) ) ;
#2767 = CARTESIAN_POINT ( 'NONE',  ( 26.50963462533560033, -5.188101187499998268, -1.320554750080271900 ) ) ;
#2768 = CARTESIAN_POINT ( 'NONE',  ( 4.000000000000026645, -7.562500417209904846, 7.445800188921018075E-06 ) ) ;
#2769 = CARTESIAN_POINT ( 'NONE',  ( 3.188101187499998712, 0.7812500020483873486, -3.904297914629718393E-16 ) ) ;
#2770 = CARTESIAN_POINT ( 'NONE',  ( 2.828427124746214716, -4.374999995903225525, -2.828427124746171639 ) ) ;
#2771 = VECTOR ( 'NONE', #229, 1000.000000000000000 ) ;
#2772 = CARTESIAN_POINT ( 'NONE',  ( -2.828427124746160981, 5.000000004096756712, -2.828427124746171639 ) ) ;
#2773 = CARTESIAN_POINT ( 'NONE',  ( 1.999980971354689219, -9.311774950957747876, 3.464112601191884355 ) ) ;
#2774 = CARTESIAN_POINT ( 'NONE',  ( 33.72838462533560033, 0.2543279687901365826, 2.254327968790134751 ) ) ;
#2775 = CARTESIAN_POINT ( 'NONE',  ( 29.97838462533560033, 0.2543279687901365826, -2.254327968790134307 ) ) ;
#2776 = CARTESIAN_POINT ( 'NONE',  ( 44.79088462533560744, -1.999999999999997780, -3.188101187500000488 ) ) ;
#2777 = CARTESIAN_POINT ( 'NONE',  ( 31.85338462533560033, 0.2543279687901370267, 2.254327968790135195 ) ) ;
#2778 = CARTESIAN_POINT ( 'NONE',  ( 39.16588462738398846, -3.656854249492381914, 3.999999999999999112 ) ) ;
#2779 = CARTESIAN_POINT ( 'NONE',  ( 37.47838462533560033, 0.2543279687901365826, -2.254327968790134307 ) ) ;
#2780 = CARTESIAN_POINT ( 'NONE',  ( 35.32213462328720510, 0.8284271247461921783, -2.828427124746189847 ) ) ;
#2781 = ORIENTED_EDGE ( 'NONE', *, *, #1297, .F. ) ;
#2782 = EDGE_CURVE ( 'NONE', #1161, #5813, #5266, .T. ) ;
#2783 = CARTESIAN_POINT ( 'NONE',  ( 37.47838462533560033, -4.254327968790132530, -2.254327968790135195 ) ) ;
#2784 = CARTESIAN_POINT ( 'NONE',  ( 3.710808723031321364E-14, -2.687499995903235295, -3.999999999999974243 ) ) ;
#2785 = CARTESIAN_POINT ( 'NONE',  ( 40.38463462738398846, 0.8284271247461921783, 2.828427124746190291 ) ) ;
#2786 = DIRECTION ( 'NONE',  ( 1.000000000000000000, -0.000000000000000000, -0.000000000000000000 ) ) ;
#2787 = CARTESIAN_POINT ( 'NONE',  ( 3.188101187499995159, 1.906250002048386571, -3.904297914629718393E-16 ) ) ;
#2788 = CARTESIAN_POINT ( 'NONE',  ( -1.320554750080204620, -7.749999997951632302, -3.188101187499973843 ) ) ;
#2789 = CARTESIAN_POINT ( 'NONE',  ( 50.88463462328721221, -1.999999999999998224, 0.000000000000000000 ) ) ;
#2790 = CARTESIAN_POINT ( 'NONE',  ( 2.254327968790119652, 6.968750002048384573, -2.254327968790116099 ) ) ;
#2791 = CARTESIAN_POINT ( 'NONE',  ( 50.88463462328721221, -1.999999999999998224, 4.000000000000000000 ) ) ;
#2792 = CARTESIAN_POINT ( 'NONE',  ( 47.50963462533560744, -3.320554750080270345, 3.188101187499999156 ) ) ;
#2793 = CARTESIAN_POINT ( 'NONE',  ( 13.68747260423894829, 5.586509411630702360, 2.592100698058829700 ) ) ;
#2794 = CARTESIAN_POINT ( 'NONE',  ( 35.79088462328721221, -0.3431457505076359049, 4.000000000000018652 ) ) ;
#2795 = CARTESIAN_POINT ( 'NONE',  ( 1.957520271668816036, -8.811049226551869396, 2.551135665911474337 ) ) ;
#2796 = CARTESIAN_POINT ( 'NONE',  ( 43.57213462328721221, -4.828427124746188959, 2.828427124746189403 ) ) ;
#2797 = CARTESIAN_POINT ( 'NONE',  ( 50.88463462328721221, -1.999999999999998224, 4.000000000000000000 ) ) ;
#2798 = ADVANCED_FACE ( 'NONE', ( #4412 ), #6688, .T. ) ;
#2799 = CARTESIAN_POINT ( 'NONE',  ( 2.828427124746209387, -2.874999995903225969, -2.828427124746171639 ) ) ;
#2800 = CARTESIAN_POINT ( 'NONE',  ( 46.94713462328720510, -4.828427124746188959, -2.828427124746190735 ) ) ;
#2801 = CARTESIAN_POINT ( 'NONE',  ( 33.07213462533560744, -3.320554750080268569, -3.188101187500000488 ) ) ;
#2802 = CARTESIAN_POINT ( 'NONE',  ( 50.88463462328721221, -1.999999999999998224, 0.000000000000000000 ) ) ;
#2803 = ORIENTED_EDGE ( 'NONE', *, *, #3601, .T. ) ;
#2804 = CARTESIAN_POINT ( 'NONE',  ( -3.999999999999926281, -5.406250000000030198, 1.656854249492372588 ) ) ;
#2805 = CARTESIAN_POINT ( 'NONE',  ( 28.94713462533560389, -0.6794452499197284334, 3.188101187500000044 ) ) ;
#2806 = CARTESIAN_POINT ( 'NONE',  ( 30.35338462738398135, -5.999999999999997335, 1.656854249492381248 ) ) ;
#2807 = CARTESIAN_POINT ( 'NONE',  ( 2.254327968790140524, 0.9687500020483831298, -2.254327968790116099 ) ) ;
#2808 = CARTESIAN_POINT ( 'NONE',  ( 5.484502310194241947E-14, -7.843749997951626085, -3.188101187499973399 ) ) ;
#2809 = CARTESIAN_POINT ( 'NONE',  ( 5.254420772529915966E-14, -7.187499995903235295, -3.999999999999974243 ) ) ;
#2810 = CIRCLE ( 'NONE', #5058, 3.999999999999948042 ) ;
#2811 = ORIENTED_EDGE ( 'NONE', *, *, #5188, .F. ) ;
#2812 = CARTESIAN_POINT ( 'NONE',  ( -1.656854249492338171, -1.093749995903241512, -3.999999999999974243 ) ) ;
#2813 = CARTESIAN_POINT ( 'NONE',  ( 30.07213462533560033, -3.320554750080268569, -3.188101187500000488 ) ) ;
#2814 = CARTESIAN_POINT ( 'NONE',  ( 50.32213462533560744, -0.6794452499197284334, 3.188101187499999600 ) ) ;
#2815 = CARTESIAN_POINT ( 'NONE',  ( 3.999999999999977351, 7.250000000000000000, -4.898587196589381274E-16 ) ) ;
#2816 = CARTESIAN_POINT ( 'NONE',  ( 48.82213462533560744, -5.188101187499998268, 1.320554750080270567 ) ) ;
#2817 = CARTESIAN_POINT ( 'NONE',  ( 34.38463462533560033, -0.6794452499197279893, -3.188101187500000488 ) ) ;
#2818 = DIRECTION ( 'NONE',  ( -3.430248998885766570E-15, 1.000000000000000000, -0.000000000000000000 ) ) ;
#2819 = CARTESIAN_POINT ( 'NONE',  ( 37.00963462533560033, -5.188101187499997380, -1.320554750080271678 ) ) ;
#2820 = ORIENTED_EDGE ( 'NONE', *, *, #2933, .F. ) ;
#2821 = LINE ( 'NONE', #5601, #2552 ) ;
#2822 =( LENGTH_UNIT ( ) NAMED_UNIT ( * ) SI_UNIT ( .MILLI., .METRE. ) );
#2823 = CARTESIAN_POINT ( 'NONE',  ( 39.63463462533560744, 1.188101187500001599, 1.320554750080270123 ) ) ;
#2824 = CARTESIAN_POINT ( 'NONE',  ( 40.10338462738398135, 2.000000000000001776, -1.656854249492380360 ) ) ;
#2825 = CARTESIAN_POINT ( 'NONE',  ( 49.47838462533560033, 0.2543279687901370267, -2.254327968790134751 ) ) ;
#2826 = CARTESIAN_POINT ( 'NONE',  ( 2.254327968790144077, 0.2187500020483833518, 2.254327968790115655 ) ) ;
#2827 =( BOUNDED_CURVE ( )  B_SPLINE_CURVE ( 2, ( #7374, #6171, #2800, #6246, #1032, #1151, #4535, #7297, #3317 ),
 .UNSPECIFIED., .F., .T. ) 
 B_SPLINE_CURVE_WITH_KNOTS ( ( 3, 2, 2, 2, 3 ),
 ( 0.1562500000000001110, 0.1640625000000001110, 0.1718750000000001110, 0.1796875000000001388, 0.1875000000000001388 ),
 .UNSPECIFIED. ) 
 CURVE ( )  GEOMETRIC_REPRESENTATION_ITEM ( )  RATIONAL_B_SPLINE_CURVE ( ( 0.9999999999999988898, 0.9238795325112878487, 1.000000000000000000, 0.9238795325112867385, 1.000000000000000000, 0.9238795325112867385, 1.000000000000000000, 0.9238795325112854062, 1.000000000000001332 ) ) 
 REPRESENTATION_ITEM ( '' )  );
#2828 = CARTESIAN_POINT ( 'NONE',  ( 2.072216912682486778E-14, 2.374999999999985789, 3.999999999999974243 ) ) ;
#2829 = CARTESIAN_POINT ( 'NONE',  ( 30.07213462328720865, -4.828427124746188959, 2.828427124746189403 ) ) ;
#2830 = CARTESIAN_POINT ( 'NONE',  ( -3.188101187499955635, 2.937500002048365033, -1.320554750080258799 ) ) ;
#2831 = CARTESIAN_POINT ( 'NONE',  ( 45.54088462533560744, 1.188101187500001599, 1.952148957314875220E-16 ) ) ;
#2832 = DIRECTION ( 'NONE',  ( 0.000000000000000000, 0.000000000000000000, 1.000000000000000000 ) ) ;
#2833 = CARTESIAN_POINT ( 'NONE',  ( 27.07213462738398491, -1.999999999999998224, 4.000000000000000000 ) ) ;
#2834 = CARTESIAN_POINT ( 'NONE',  ( -2.254327968790108550, 5.843750002048368586, -2.254327968790116099 ) ) ;
#2835 = EDGE_CURVE ( 'NONE', #5970, #4328, #4656, .T. ) ;
#2836 = CARTESIAN_POINT ( 'NONE',  ( 4.000000000000003553, -0.2500000000000019429, -4.898587196589381274E-16 ) ) ;
#2837 = CARTESIAN_POINT ( 'NONE',  ( 1.320554750080315864, -8.312499997951620756, -3.188101187499973843 ) ) ;
#2838 = CARTESIAN_POINT ( 'NONE',  ( -3.999999999999953371, 2.093750004096751827, -1.656854249492369702 ) ) ;
#2839 = CARTESIAN_POINT ( 'NONE',  ( 27.35338462533560033, 0.2543279687901365826, -2.254327968790134307 ) ) ;
#2840 = CARTESIAN_POINT ( 'NONE',  ( 1.999947334694325063, -8.116465312038222635, 3.464132023097428625 ) ) ;
#2841 = ORIENTED_EDGE ( 'NONE', *, *, #5788, .F. ) ;
#2842 = CARTESIAN_POINT ( 'NONE',  ( 4.000000000000013323, -3.250000000000001332, -4.898587196589381274E-16 ) ) ;
#2843 = DIRECTION ( 'NONE',  ( -1.000000000000000000, 0.000000000000000000, -1.224646799147353207E-16 ) ) ;
#2844 = CARTESIAN_POINT ( 'NONE',  ( 50.88463462328721221, -1.999999999999998224, 0.000000000000000000 ) ) ;
#2845 = EDGE_CURVE ( 'NONE', #4577, #257, #1816, .T. ) ;
#2846 = CARTESIAN_POINT ( 'NONE',  ( 3.188101187500004041, -0.7187499979516139836, -3.904297914629718393E-16 ) ) ;
#2847 = CARTESIAN_POINT ( 'NONE',  ( -2.254327968790077463, -2.781249997951633190, 2.254327968790116543 ) ) ;
#2848 = CARTESIAN_POINT ( 'NONE',  ( -1.656854249492319964, -6.531249995903242400, 3.999999999999972911 ) ) ;
#2849 = CARTESIAN_POINT ( 'NONE',  ( 3.999999999997198685, 4.437440622732678364, 3.268391669911287251E-06 ) ) ;
#2850 = CARTESIAN_POINT ( 'NONE',  ( 33.63463462533560033, 1.188101187500001599, 1.320554750080270123 ) ) ;
#2851 = CARTESIAN_POINT ( 'NONE',  ( 43.66588462533560744, -1.999999999999997780, -3.188101187500000044 ) ) ;
#2852 = CARTESIAN_POINT ( 'NONE',  ( 46.38463462533560033, -0.6794452499197279893, -3.188101187500000044 ) ) ;
#2853 = CARTESIAN_POINT ( 'NONE',  ( 32.04088462533560033, -1.999999999999998224, 3.188101187500000488 ) ) ;
#2854 = CARTESIAN_POINT ( 'NONE',  ( 46.10338462328721221, 2.000000000000001776, 1.656854249492380804 ) ) ;
#2855 = EDGE_CURVE ( 'NONE', #3748, #5480, #1271, .T. ) ;
#2856 = CARTESIAN_POINT ( 'NONE',  ( 39.35338462533560033, 0.2543279687901365826, 2.254327968790134751 ) ) ;
#2857 = EDGE_LOOP ( 'NONE', ( #6122, #5464, #6227, #4026, #7200, #5325, #4159, #861, #5739, #1465, #4884, #2820, #1270, #5479, #83, #1377, #4904, #2479, #840, #32, #7062, #6716, #5404, #3888, #6461 ) ) ;
#2858 = CARTESIAN_POINT ( 'NONE',  ( 4.225346072864186231E-14, -4.187499995903234407, -3.999999999999974243 ) ) ;
#2859 = COORDINATED_UNIVERSAL_TIME_OFFSET ( 8, 0, .AHEAD. ) ;
#2860 = CARTESIAN_POINT ( 'NONE',  ( 37.75963462533560033, -0.6794452499197282114, -3.188101187500000044 ) ) ;
#2861 = CARTESIAN_POINT ( 'NONE',  ( 39.44713462738398846, -5.999999999999998224, -7.347880794884119736E-16 ) ) ;
#2862 = CARTESIAN_POINT ( 'NONE',  ( 47.41588462533560033, -5.188101187499998268, -5.856446871944625661E-16 ) ) ;
#2863 = CARTESIAN_POINT ( 'NONE',  ( -1.320554750080220607, -3.062499997951629638, 3.188101187499972955 ) ) ;
#2864 = CARTESIAN_POINT ( 'NONE',  ( -2.828427124746144994, 0.6874999999999745759, 2.828427124746172083 ) ) ;
#2865 = CARTESIAN_POINT ( 'NONE',  ( -3.999999999999892530, -9.165151389911702751, 0.000000000000000000 ) ) ;
#2866 = CARTESIAN_POINT ( 'NONE',  ( -3.188101187499950750, 1.437500002048364367, -1.320554750080258799 ) ) ;
#2867 = CARTESIAN_POINT ( 'NONE',  ( 27.91588462533560033, -1.999999999999998224, 3.188101187500000044 ) ) ;
#2868 = CARTESIAN_POINT ( 'NONE',  ( 45.16588462533560744, -1.999999999999997780, -3.188101187500000044 ) ) ;
#2869 = CARTESIAN_POINT ( 'NONE',  ( 29.69713462328720510, 0.8284271247461921783, 2.828427124746190291 ) ) ;
#2870 = CARTESIAN_POINT ( 'NONE',  ( 1.320554750080273232, 4.062500002048380132, -3.188101187499973843 ) ) ;
#2871 = CARTESIAN_POINT ( 'NONE',  ( -3.999999999999974243, 8.201801801801787306, 0.000000000000000000 ) ) ;
#2872 = CARTESIAN_POINT ( 'NONE',  ( -3.188101187499923217, -6.249999997951635855, 1.320554750080261019 ) ) ;
#2873 = CARTESIAN_POINT ( 'NONE',  ( -1.656854249492345721, 0.9687500040967593762, 3.999999999999972911 ) ) ;
#2874 = EDGE_CURVE ( 'NONE', #2682, #5002, #5857, .T. ) ;
#2875 = CARTESIAN_POINT ( 'NONE',  ( -3.999999999999913403, -3.812500017855602330, -3.879670016734493466E-07 ) ) ;
#2876 = CARTESIAN_POINT ( 'NONE',  ( 29.60338462533560033, -4.254327968790133419, 2.254327968790133863 ) ) ;
#2877 = CARTESIAN_POINT ( 'NONE',  ( 3.999993814512809109, 1.343749509130194753, 1.656860434979558594 ) ) ;
#2878 = ORIENTED_EDGE ( 'NONE', *, *, #7373, .F. ) ;
#2879 = CARTESIAN_POINT ( 'NONE',  ( 4.000000000000008882, -1.750000000000001554, -4.898587196589381274E-16 ) ) ;
#2880 = CARTESIAN_POINT ( 'NONE',  ( -1.320554750080244366, 3.875000002048371694, -3.188101187499973843 ) ) ;
#2881 = CARTESIAN_POINT ( 'NONE',  ( 28.00963462328720865, 2.000000000000001776, 2.449293598294706414E-16 ) ) ;
#2882 = CARTESIAN_POINT ( 'NONE',  ( -3.188101187499919220, -7.374999997951637631, 1.320554750080261019 ) ) ;
#2883 = CARTESIAN_POINT ( 'NONE',  ( -3.188101187499924993, -5.968749997951635855, 0.000000000000000000 ) ) ;
#2884 = ORGANIZATION ( 'NAUO-ORG2', 'UNSPECIFIED', 'UNSPECIFIED' ) ;
#2885 = CARTESIAN_POINT ( 'NONE',  ( 8.031177825328346069E-15, 6.031250002048376579, 3.188101187499973399 ) ) ;
#2886 = ORIENTED_EDGE ( 'NONE', *, *, #3240, .T. ) ;
#2887 = EDGE_CURVE ( 'NONE', #4254, #6836, #6945, .T. ) ;
#2888 = CARTESIAN_POINT ( 'NONE',  ( 30.91588462533560033, -1.999999999999998224, 3.188101187500000044 ) ) ;
#2889 = CARTESIAN_POINT ( 'NONE',  ( 48.16588462533560033, -1.999999999999997780, -3.188101187500000044 ) ) ;
#2890 = CARTESIAN_POINT ( 'NONE',  ( 42.82213462533560033, -5.188101187499998268, 1.320554750080270567 ) ) ;
#2891 = CARTESIAN_POINT ( 'NONE',  ( 3.999999999999974243, 8.201801801801815728, 4.898587196589381274E-16 ) ) ;
#2892 = CARTESIAN_POINT ( 'NONE',  ( 49.47838462328721221, -3.656854249492375253, 4.000000000000005329 ) ) ;
#2893 = CARTESIAN_POINT ( 'NONE',  ( -3.999999999999914291, -5.406250000000028422, 1.656854249492384579 ) ) ;
#2894 = ADVANCED_FACE ( 'NONE', ( #6373 ), #5201, .T. ) ;
#2895 = APPROVAL_DATE_TIME ( #4009, #3356 ) ;
#2896 = CARTESIAN_POINT ( 'NONE',  ( 36.25963462533560033, -0.6794452499197282114, -3.188101187500000044 ) ) ;
#2897 = CARTESIAN_POINT ( 'NONE',  ( 35.69713462738398135, 2.000000000000001776, 2.449293598294706414E-16 ) ) ;
#2898 = CARTESIAN_POINT ( 'NONE',  ( -3.999999999999962697, 4.999999999999971578, 0.000000000000000000 ) ) ;
#2899 = CARTESIAN_POINT ( 'NONE',  ( 2.254327968790154291, -2.781249997951617647, 2.254327968790115655 ) ) ;
#2900 = DIRECTION ( 'NONE',  ( -1.000000000000000000, -0.000000000000000000, -0.000000000000000000 ) ) ;
#2901 = CARTESIAN_POINT ( 'NONE',  ( 30.16588462328721221, -5.999999999999997335, 1.656854249492381248 ) ) ;
#2902 = CARTESIAN_POINT ( 'NONE',  ( 1.320554750080288109, -0.4374999979516206450, -3.188101187499973843 ) ) ;
#2903 =( BOUNDED_CURVE ( )  B_SPLINE_CURVE ( 2, ( #721, #5297, #5331, #6824, #6448, #26, #1725, #1345, #3109 ),
 .UNSPECIFIED., .F., .T. ) 
 B_SPLINE_CURVE_WITH_KNOTS ( ( 3, 2, 2, 2, 3 ),
 ( 0.6874999999999998890, 0.6953124999999998890, 0.7031249999999998890, 0.7109374999999998890, 0.7187499999999998890 ),
 .UNSPECIFIED. ) 
 CURVE ( )  GEOMETRIC_REPRESENTATION_ITEM ( )  RATIONAL_B_SPLINE_CURVE ( ( 1.000000000000001110, 0.9238795325112856283, 1.000000000000000000, 0.9238795325112867385, 1.000000000000000000, 0.9238795325112867385, 1.000000000000000000, 0.9238795325112878487, 0.9999999999999988898 ) ) 
 REPRESENTATION_ITEM ( '' )  );
#2904 = CARTESIAN_POINT ( 'NONE',  ( 43.75963462533561454, -0.6794452499197283224, -3.188101187499999600 ) ) ;
#2905 = DIRECTION ( 'NONE',  ( -3.430248998885766570E-15, 1.000000000000000000, -0.000000000000000000 ) ) ;
#2906 = CARTESIAN_POINT ( 'NONE',  ( -3.188101187499950306, 1.625000002048364367, 1.320554750080261019 ) ) ;
#2907 = AXIS2_PLACEMENT_3D ( 'NONE', #7281, #1656, #6677 ) ;
#2908 = DIRECTION ( 'NONE',  ( 0.000000000000000000, -1.000000000000000000, 0.000000000000000000 ) ) ;
#2909 = CARTESIAN_POINT ( 'NONE',  ( 1.656854249492396569, 0.2187500040967708392, -3.999999999999974243 ) ) ;
#2910 = SPHERICAL_SURFACE ( 'NONE', #6835, 10.00000000000000000 ) ;
#2911 =( BOUNDED_SURFACE ( )  B_SPLINE_SURFACE ( 1, 2, ( 
 ( #4024, #1187, #3477, #60, #1789, #2348, #1222, #3539, #5792, #1891, #4229, #6381, #4712, #5376, #1316, #7060, #3042, #195, #6453, #5335, #4152, #6414, #4365, #3817, #6493, #6985, #5270, #2476, #800, #5823, #6952, #1388, #2517, #4189, #2101, #270, #4783, #5302, #1965, #2553, #4120, #3675, #3604, #1281, #5931, #419, #6073, #4747, #838, #764, #3076, #1350, #3568, #5859, #7023, #233, #3114, #4679, #3257, #975, #1925, #5522, #3640, #5895, #4822, #6635, #7093, #1532, #1857, #727, #3007, #159, #2443, #4406, #6802, #2180, #6267, #1659, #4964, #2143, #1702, #3, #1613, #4011, #3974, #3380, #6230, #1171, #1739, #1136, #2296, #2220, #5007, #3460, #3422, #5714, #5680, #7361, #2785, #1574, #5564, #2824, #6680, #458, #3892, #5605, #2702, #569, #2861, #5119, #4558, #6840, #7242, #3856, #7283, #6112, #5644, #1017, #3301, #2742, #500, #5045, #535, #4445, #6720, #6157, #1056, #3341, #2256, #7322, #4483, #6758, #3932, #5083, #6194, #1097, #4521, #1264, #5194, #76, #179, #7003, #2427, #2929, #1208, #3524, #4107, #1774, #2897, #4698, #5808, #111, #5288, #1299, #4663, #2397, #46, #6938, #3553, #2366, #1875, #1235, #2332, #6398, #6435, #708, #1908, #2994, #6366, #6874, #1335, #3026, #746, #5254, #2462, #676, #4040, #4629, #642, #4075, #6905, #6300, #1808, #1841, #144, #6971, #6329, #4137, #3493, #3588, #5841, #5777, #2963, #4731, #5747, #5224, #4173, #3624, #605, #5158, #4595, #929, #3097, #369, #7043, #5400, #1409, #1520, #2536, #1370, #3170, #4767, #4322, #7152, #5436, #785, #291, #6513, #3660, #3699, #5952, #2055, #6588, #3769, #2574, #1483, #4842, #3135, #5356, #6550, #1943, #3206, #1447, #5914, #251, #4358, #857, #4805, #5880, #4879, #7195, #6024, #5474, #7114, #2652, #2018, #4916, #891, #3061, #4285, #2093, #331, #6475, #4213, #7079, #820, #1984 ),
 ( #6625, #5988, #3732, #2612, #5320, #216, #2497, #4249, #5513, #5075, #6831, #5111, #6711, #2816, #7271, #7312, #3332, #3247, #2730, #1603, #2211, #7353, #3804, #2285, #7389, #6100, #4550, #4996, #2249, #528, #6791, #6223, #3964, #4513, #3290, #2169, #6065, #966, #4472, #2852, #1647, #6749, #2691, #409, #1127, #3414, #3922, #5673, #3883, #4954, #5553, #3844, #4433, #448, #2132, #6145, #2776, #6184, #5036, #1008, #1086, #7232, #491, #1692, #1048, #5593, #3370, #4394, #5637, #563, #6667, #1564, #668, #5741, #4129, #6294, #3578, #2890, #1231, #4622, #4722, #633, #4588, #6358, #596, #136, #2988, #1259, #4005, #3518, #2358, #6868, #6898, #1800, #5246, #2421, #6962, #5772, #4691, #2957, #6323, #1198, #2393, #5150, #6390, #4657, #1766, #3486, #170, #4068, #2922, #1732, #702, #3018, #1866, #1290, #5219, #5832, #104, #737, #4099, #6260, #6931, #5279, #3548, #2326, #36, #5186, #4034, #70, #1835, #5802, #2452, #1164, #3453, #5707, #361, #5945, #5906, #244, #2010, #7033, #4868, #5979, #6464, #849, #2527, #3127, #3198, #2488, #4277, #6017, #1935, #7071, #2643, #4759, #3651, #2046, #4202, #1476, #776, #6505, #4795, #6993, #810, #1361, #6543, #5870, #5427, #884, #1440, #1900, #1400, #1977, #3088, #4241, #3688, #3162, #323, #7144, #5391, #2603, #283, #2566, #5347, #4833, #3053, #4315, #7107, #3724, #6580, #5466, #3760, #921, #4163, #6424, #1327, #3615, #5312, #206, #7343, #6135, #1077, #7303, #2084, #2162, #6214, #2202, #5503, #3798, #1554, #4945, #6092, #438, #5586, #998, #6740, #5628, #2240, #5664, #3875, #3836, #5544, #4463, #7223, #2805, #3915, #4385, #1039, #2722, #3323, #1119, #400, #1637, #3956, #2121, #4986, #554, #2683, #3362, #6176, #520, #4504, #5066, #6782, #6657, #3280, #4905, #3404, #481, #7186, #2767, #5028, #6055, #4350, #1680, #6616 ) ),
 .UNSPECIFIED., .F., .F., .F. ) 
 B_SPLINE_SURFACE_WITH_KNOTS ( ( 2, 2 ),
 ( 3, 2, 2, 2, 2, 2, 2, 2, 2, 2, 2, 2, 2, 2, 2, 2, 2, 2, 2, 2, 2, 2, 2, 2, 2, 2, 2, 2, 2, 2, 2, 2, 2, 2, 2, 2, 2, 2, 2, 2, 2, 2, 2, 2, 2, 2, 2, 2, 2, 2, 2, 2, 2, 2, 2, 2, 2, 2, 2, 2, 2, 2, 2, 2, 2, 2, 2, 2, 2, 2, 2, 2, 2, 2, 2, 2, 2, 2, 2, 2, 2, 2, 2, 2, 2, 2, 2, 2, 2, 2, 2, 2, 2, 2, 2, 2, 2, 2, 2, 2, 2, 2, 2, 2, 2, 2, 2, 2, 2, 2, 2, 2, 2, 2, 2, 2, 2, 2, 2, 2, 2, 2, 2, 2, 2, 2, 2, 2, 3 ),
 ( 0.000000000000000000, 1.000000000000000000 ),
 ( 0.000000000000000000, 0.007812500000000000000, 0.01562500000000000000, 0.02343750000000000000, 0.03125000000000000000, 0.03906250000000000000, 0.04687500000000000000, 0.05468750000000000000, 0.06250000000000000000, 0.07031250000000000000, 0.07812500000000000000, 0.08593750000000000000, 0.09375000000000000000, 0.1015625000000000000, 0.1093750000000000000, 0.1171875000000000000, 0.1250000000000000000, 0.1328125000000000000, 0.1406250000000000000, 0.1484375000000000000, 0.1562500000000000000, 0.1640625000000000000, 0.1718750000000000000, 0.1796875000000000000, 0.1875000000000000000, 0.1953125000000000000, 0.2031250000000000000, 0.2109375000000000000, 0.2187500000000000000, 0.2265625000000000000, 0.2343750000000000000, 0.2421875000000000000, 0.2500000000000000000, 0.2578125000000000000, 0.2656250000000000000, 0.2734375000000000000, 0.2812500000000000000, 0.2890625000000000000, 0.2968750000000000000, 0.3046875000000000000, 0.3125000000000000000, 0.3203125000000000000, 0.3281250000000000000, 0.3359375000000000000, 0.3437500000000000000, 0.3515625000000000000, 0.3593750000000000000, 0.3671875000000000000, 0.3750000000000000000, 0.3828125000000000000, 0.3906250000000000000, 0.3984375000000000000, 0.4062500000000000000, 0.4140625000000000000, 0.4218750000000000000, 0.4296875000000000000, 0.4375000000000000000, 0.4453125000000000000, 0.4531250000000000000, 0.4609375000000000000, 0.4687500000000000000, 0.4765625000000000000, 0.4843750000000000000, 0.4921875000000000000, 0.5000000000000000000, 0.5078125000000000000, 0.5156250000000000000, 0.5234375000000000000, 0.5312500000000000000, 0.5390625000000000000, 0.5468750000000000000, 0.5546875000000000000, 0.5625000000000000000, 0.5703125000000000000, 0.5781250000000000000, 0.5859375000000000000, 0.5937500000000000000, 0.6015625000000000000, 0.6093750000000000000, 0.6171875000000000000, 0.6250000000000000000, 0.6328125000000000000, 0.6406250000000000000, 0.6484375000000000000, 0.6562500000000000000, 0.6640625000000000000, 0.6718750000000000000, 0.6796875000000000000, 0.6875000000000000000, 0.6953125000000000000, 0.7031250000000000000, 0.7109375000000000000, 0.7187500000000000000, 0.7265625000000000000, 0.7343750000000000000, 0.7421875000000000000, 0.7500000000000000000, 0.7578125000000000000, 0.7656250000000000000, 0.7734375000000000000, 0.7812500000000000000, 0.7890625000000000000, 0.7968750000000000000, 0.8046875000000000000, 0.8125000000000000000, 0.8203125000000000000, 0.8281250000000000000, 0.8359375000000000000, 0.8437500000000000000, 0.8515625000000000000, 0.8593750000000000000, 0.8671875000000000000, 0.8750000000000000000, 0.8828125000000000000, 0.8906250000000000000, 0.8984375000000000000, 0.9062500000000000000, 0.9140625000000000000, 0.9218750000000000000, 0.9296875000000000000, 0.9375000000000000000, 0.9453125000000000000, 0.9531250000000000000, 0.9609375000000000000, 0.9687500000000000000, 0.9765625000000000000, 0.9843750000000000000, 0.9921875000000000000, 1.000000000000000000 ),
 .UNSPECIFIED. ) 
 GEOMETRIC_REPRESENTATION_ITEM ( )  RATIONAL_B_SPLINE_SURFACE ( (
 ( 1.000000000000000000, 0.9238795325112867385, 1.000000000000000000, 0.9238795325112867385, 1.000000000000000000, 0.9238795325112867385, 1.000000000000000000, 0.9238795325112867385, 1.000000000000000000, 0.9238795325112867385, 1.000000000000000000, 0.9238795325112867385, 1.000000000000000000, 0.9238795325112867385, 1.000000000000000000, 0.9238795325112867385, 1.000000000000000000, 0.9238795325112867385, 1.000000000000000000, 0.9238795325112867385, 1.000000000000000000, 0.9238795325112867385, 1.000000000000000000, 0.9238795325112867385, 1.000000000000000000, 0.9238795325112867385, 1.000000000000000000, 0.9238795325112867385, 1.000000000000000000, 0.9238795325112867385, 1.000000000000000000, 0.9238795325112867385, 1.000000000000000000, 0.9238795325112867385, 1.000000000000000000, 0.9238795325112867385, 1.000000000000000000, 0.9238795325112867385, 1.000000000000000000, 0.9238795325112867385, 1.000000000000000000, 0.9238795325112867385, 1.000000000000000000, 0.9238795325112867385, 1.000000000000000000, 0.9238795325112867385, 1.000000000000000000, 0.9238795325112867385, 1.000000000000000000, 0.9238795325112867385, 1.000000000000000000, 0.9238795325112867385, 1.000000000000000000, 0.9238795325112867385, 1.000000000000000000, 0.9238795325112867385, 1.000000000000000000, 0.9238795325112867385, 1.000000000000000000, 0.9238795325112867385, 1.000000000000000000, 0.9238795325112867385, 1.000000000000000000, 0.9238795325112867385, 1.000000000000000000, 0.9238795325112867385, 1.000000000000000000, 0.9238795325112867385, 1.000000000000000000, 0.9238795325112867385, 1.000000000000000000, 0.9238795325112867385, 1.000000000000000000, 0.9238795325112867385, 1.000000000000000000, 0.9238795325112867385, 1.000000000000000000, 0.9238795325112867385, 1.000000000000000000, 0.9238795325112867385, 1.000000000000000000, 0.9238795325112867385, 1.000000000000000000, 0.9238795325112867385, 1.000000000000000000, 0.9238795325112867385, 1.000000000000000000, 0.9238795325112867385, 1.000000000000000000, 0.9238795325112867385, 1.000000000000000000, 0.9238795325112867385, 1.000000000000000000, 0.9238795325112867385, 1.000000000000000000, 0.9238795325112867385, 1.000000000000000000, 0.9238795325112867385, 1.000000000000000000, 0.9238795325112867385, 1.000000000000000000, 0.9238795325112867385, 1.000000000000000000, 0.9238795325112867385, 1.000000000000000000, 0.9238795325112867385, 1.000000000000000000, 0.9238795325112867385, 1.000000000000000000, 0.9238795325112867385, 1.000000000000000000, 0.9238795325112867385, 1.000000000000000000, 0.9238795325112867385, 1.000000000000000000, 0.9238795325112867385, 1.000000000000000000, 0.9238795325112867385, 1.000000000000000000, 0.9238795325112867385, 1.000000000000000000, 0.9238795325112867385, 1.000000000000000000, 0.9238795325112867385, 1.000000000000000000, 0.9238795325112867385, 1.000000000000000000, 0.9238795325112867385, 1.000000000000000000, 0.9238795325112867385, 1.000000000000000000, 0.9238795325112867385, 1.000000000000000000, 0.9238795325112867385, 1.000000000000000000, 0.9238795325112867385, 1.000000000000000000, 0.9238795325112867385, 1.000000000000000000, 0.9238795325112867385, 1.000000000000000000, 0.9238795325112867385, 1.000000000000000000, 0.9238795325112867385, 1.000000000000000000, 0.9238795325112867385, 1.000000000000000000, 0.9238795325112867385, 1.000000000000000000, 0.9238795325112867385, 1.000000000000000000, 0.9238795325112867385, 1.000000000000000000, 0.9238795325112867385, 1.000000000000000000, 0.9238795325112867385, 1.000000000000000000, 0.9238795325112867385, 1.000000000000000000, 0.9238795325112867385, 1.000000000000000000, 0.9238795325112867385, 1.000000000000000000, 0.9238795325112867385, 1.000000000000000000, 0.9238795325112867385, 1.000000000000000000, 0.9238795325112867385, 1.000000000000000000, 0.9238795325112867385, 1.000000000000000000, 0.9238795325112867385, 1.000000000000000000, 0.9238795325112867385, 1.000000000000000000, 0.9238795325112867385, 1.000000000000000000, 0.9238795325112867385, 1.000000000000000000, 0.9238795325112867385, 1.000000000000000000, 0.9238795325112867385, 1.000000000000000000, 0.9238795325112867385, 1.000000000000000000, 0.9238795325112867385, 1.000000000000000000, 0.9238795325112867385, 1.000000000000000000, 0.9238795325112867385, 1.000000000000000000, 0.9238795325112867385, 1.000000000000000000, 0.9238795325112867385, 1.000000000000000000, 0.9238795325112867385, 1.000000000000000000, 0.9238795325112867385, 1.000000000000000000, 0.9238795325112867385, 1.000000000000000000, 0.9238795325112867385, 1.000000000000000000, 0.9238795325112867385, 1.000000000000000000, 0.9238795325112867385, 1.000000000000000000, 0.9238795325112867385, 1.000000000000000000, 0.9238795325112867385, 1.000000000000000000, 0.9238795325112867385, 1.000000000000000000, 0.9238795325112867385, 1.000000000000000000, 0.9238795325112867385, 1.000000000000000000, 0.9238795325112867385, 1.000000000000000000, 0.9238795325112867385, 1.000000000000000000, 0.9238795325112867385, 1.000000000000000000, 0.9238795325112867385, 1.000000000000000000, 0.9238795325112867385, 1.000000000000000000, 0.9238795325112867385, 1.000000000000000000, 0.9238795325112867385, 1.000000000000000000, 0.9238795325112867385, 1.000000000000000000, 0.9238795325112867385, 1.000000000000000000, 0.9238795325112867385, 1.000000000000000000, 0.9238795325112867385, 1.000000000000000000, 0.9238795325112867385, 1.000000000000000000, 0.9238795325112867385, 1.000000000000000000, 0.9238795325112867385, 1.000000000000000000, 0.9238795325112867385, 1.000000000000000000, 0.9238795325112867385, 1.000000000000000000, 0.9238795325112867385, 1.000000000000000000, 0.9238795325112867385, 1.000000000000000000, 0.9238795325112867385, 1.000000000000000000, 0.9238795325112867385, 1.000000000000000000),
 ( 1.000000000000000000, 0.9238795325112867385, 1.000000000000000000, 0.9238795325112867385, 1.000000000000000000, 0.9238795325112867385, 1.000000000000000000, 0.9238795325112867385, 1.000000000000000000, 0.9238795325112867385, 1.000000000000000000, 0.9238795325112867385, 1.000000000000000000, 0.9238795325112867385, 1.000000000000000000, 0.9238795325112867385, 1.000000000000000000, 0.9238795325112867385, 1.000000000000000000, 0.9238795325112867385, 1.000000000000000000, 0.9238795325112867385, 1.000000000000000000, 0.9238795325112867385, 1.000000000000000000, 0.9238795325112867385, 1.000000000000000000, 0.9238795325112867385, 1.000000000000000000, 0.9238795325112867385, 1.000000000000000000, 0.9238795325112867385, 1.000000000000000000, 0.9238795325112867385, 1.000000000000000000, 0.9238795325112867385, 1.000000000000000000, 0.9238795325112867385, 1.000000000000000000, 0.9238795325112867385, 1.000000000000000000, 0.9238795325112867385, 1.000000000000000000, 0.9238795325112867385, 1.000000000000000000, 0.9238795325112867385, 1.000000000000000000, 0.9238795325112867385, 1.000000000000000000, 0.9238795325112867385, 1.000000000000000000, 0.9238795325112867385, 1.000000000000000000, 0.9238795325112867385, 1.000000000000000000, 0.9238795325112867385, 1.000000000000000000, 0.9238795325112867385, 1.000000000000000000, 0.9238795325112867385, 1.000000000000000000, 0.9238795325112867385, 1.000000000000000000, 0.9238795325112867385, 1.000000000000000000, 0.9238795325112867385, 1.000000000000000000, 0.9238795325112867385, 1.000000000000000000, 0.9238795325112867385, 1.000000000000000000, 0.9238795325112867385, 1.000000000000000000, 0.9238795325112867385, 1.000000000000000000, 0.9238795325112867385, 1.000000000000000000, 0.9238795325112867385, 1.000000000000000000, 0.9238795325112867385, 1.000000000000000000, 0.9238795325112867385, 1.000000000000000000, 0.9238795325112867385, 1.000000000000000000, 0.9238795325112867385, 1.000000000000000000, 0.9238795325112867385, 1.000000000000000000, 0.9238795325112867385, 1.000000000000000000, 0.9238795325112867385, 1.000000000000000000, 0.9238795325112867385, 1.000000000000000000, 0.9238795325112867385, 1.000000000000000000, 0.9238795325112867385, 1.000000000000000000, 0.9238795325112867385, 1.000000000000000000, 0.9238795325112867385, 1.000000000000000000, 0.9238795325112867385, 1.000000000000000000, 0.9238795325112867385, 1.000000000000000000, 0.9238795325112867385, 1.000000000000000000, 0.9238795325112867385, 1.000000000000000000, 0.9238795325112867385, 1.000000000000000000, 0.9238795325112867385, 1.000000000000000000, 0.9238795325112867385, 1.000000000000000000, 0.9238795325112867385, 1.000000000000000000, 0.9238795325112867385, 1.000000000000000000, 0.9238795325112867385, 1.000000000000000000, 0.9238795325112867385, 1.000000000000000000, 0.9238795325112867385, 1.000000000000000000, 0.9238795325112867385, 1.000000000000000000, 0.9238795325112867385, 1.000000000000000000, 0.9238795325112867385, 1.000000000000000000, 0.9238795325112867385, 1.000000000000000000, 0.9238795325112867385, 1.000000000000000000, 0.9238795325112867385, 1.000000000000000000, 0.9238795325112867385, 1.000000000000000000, 0.9238795325112867385, 1.000000000000000000, 0.9238795325112867385, 1.000000000000000000, 0.9238795325112867385, 1.000000000000000000, 0.9238795325112867385, 1.000000000000000000, 0.9238795325112867385, 1.000000000000000000, 0.9238795325112867385, 1.000000000000000000, 0.9238795325112867385, 1.000000000000000000, 0.9238795325112867385, 1.000000000000000000, 0.9238795325112867385, 1.000000000000000000, 0.9238795325112867385, 1.000000000000000000, 0.9238795325112867385, 1.000000000000000000, 0.9238795325112867385, 1.000000000000000000, 0.9238795325112867385, 1.000000000000000000, 0.9238795325112867385, 1.000000000000000000, 0.9238795325112867385, 1.000000000000000000, 0.9238795325112867385, 1.000000000000000000, 0.9238795325112867385, 1.000000000000000000, 0.9238795325112867385, 1.000000000000000000, 0.9238795325112867385, 1.000000000000000000, 0.9238795325112867385, 1.000000000000000000, 0.9238795325112867385, 1.000000000000000000, 0.9238795325112867385, 1.000000000000000000, 0.9238795325112867385, 1.000000000000000000, 0.9238795325112867385, 1.000000000000000000, 0.9238795325112867385, 1.000000000000000000, 0.9238795325112867385, 1.000000000000000000, 0.9238795325112867385, 1.000000000000000000, 0.9238795325112867385, 1.000000000000000000, 0.9238795325112867385, 1.000000000000000000, 0.9238795325112867385, 1.000000000000000000, 0.9238795325112867385, 1.000000000000000000, 0.9238795325112867385, 1.000000000000000000, 0.9238795325112867385, 1.000000000000000000, 0.9238795325112867385, 1.000000000000000000, 0.9238795325112867385, 1.000000000000000000, 0.9238795325112867385, 1.000000000000000000, 0.9238795325112867385, 1.000000000000000000, 0.9238795325112867385, 1.000000000000000000, 0.9238795325112867385, 1.000000000000000000, 0.9238795325112867385, 1.000000000000000000, 0.9238795325112867385, 1.000000000000000000, 0.9238795325112867385, 1.000000000000000000, 0.9238795325112867385, 1.000000000000000000, 0.9238795325112867385, 1.000000000000000000, 0.9238795325112867385, 1.000000000000000000, 0.9238795325112867385, 1.000000000000000000, 0.9238795325112867385, 1.000000000000000000, 0.9238795325112867385, 1.000000000000000000, 0.9238795325112867385, 1.000000000000000000, 0.9238795325112867385, 1.000000000000000000, 0.9238795325112867385, 1.000000000000000000, 0.9238795325112867385, 1.000000000000000000, 0.9238795325112867385, 1.000000000000000000, 0.9238795325112867385, 1.000000000000000000, 0.9238795325112867385, 1.000000000000000000, 0.9238795325112867385, 1.000000000000000000, 0.9238795325112867385, 1.000000000000000000, 0.9238795325112867385, 1.000000000000000000) ) ) 
 REPRESENTATION_ITEM ( '' )  SURFACE ( )  );
#2912 = CARTESIAN_POINT ( 'NONE',  ( 29.50963462533559678, -3.320554750080270345, 3.188101187499999156 ) ) ;
#2913 = DIRECTION ( 'NONE',  ( 0.000000000000000000, 0.000000000000000000, 1.000000000000000000 ) ) ;
#2914 = VERTEX_POINT ( 'NONE', #1915 ) ;
#2915 = CARTESIAN_POINT ( 'NONE',  ( -3.188101187499959632, 4.156250002048365033, 0.000000000000000000 ) ) ;
#2916 = CARTESIAN_POINT ( 'NONE',  ( -1.320554750080221718, -2.687499997951629638, 3.188101187499972955 ) ) ;
#2917 = CARTESIAN_POINT ( 'NONE',  ( -3.188101187499924993, -5.874999997951634967, 1.320554750080261019 ) ) ;
#2918 = EDGE_CURVE ( 'NONE', #5960, #659, #2565, .T. ) ;
#2919 = CARTESIAN_POINT ( 'NONE',  ( 4.000000000000027534, -7.468749995903221084, -1.656854249492369924 ) ) ;
#2920 = ORIENTED_EDGE ( 'NONE', *, *, #5596, .T. ) ;
#2921 = CARTESIAN_POINT ( 'NONE',  ( 46.29088462533560033, -5.188101187499998268, -5.856446871944625661E-16 ) ) ;
#2922 = CARTESIAN_POINT ( 'NONE',  ( 39.72838462533560033, -4.254327968790133419, 2.254327968790134307 ) ) ;
#2923 = CARTESIAN_POINT ( 'NONE',  ( 32.41588462328720510, 2.000000000000001776, -1.656854249492380138 ) ) ;
#2924 = CARTESIAN_POINT ( 'NONE',  ( 5.799182036218517748E-14, -10.00000000000004086, 0.000000000000000000 ) ) ;
#2925 = CARTESIAN_POINT ( 'NONE',  ( 40.10338462328720510, 2.000000000000001776, 1.656854249492380804 ) ) ;
#2926 = VECTOR ( 'NONE', #5059, 1000.000000000000000 ) ;
#2927 = PERSON_AND_ORGANIZATION ( #6710, #6828 ) ;
#2928 = CARTESIAN_POINT ( 'NONE',  ( 35.32213462533560744, -0.6794452499197284334, 3.188101187500000044 ) ) ;
#2929 = CARTESIAN_POINT ( 'NONE',  ( 36.16588462738398846, -3.656854249492381914, 3.999999999999999112 ) ) ;
#2930 = CARTESIAN_POINT ( 'NONE',  ( 41.41588462533560033, -5.188101187499998268, -5.856446871944625661E-16 ) ) ;
#2931 = CARTESIAN_POINT ( 'NONE',  ( -3.188101187499918332, -7.843749997951638520, 0.000000000000000000 ) ) ;
#2932 = CARTESIAN_POINT ( 'NONE',  ( 49.57213462533560033, 1.188101187500001599, -1.320554750080269679 ) ) ;
#2933 = EDGE_CURVE ( 'NONE', #6042, #337, #7127, .T. ) ;
#2934 = CARTESIAN_POINT ( 'NONE',  ( 2.397278211197051797E-14, 1.156250002048375469, -3.188101187499973399 ) ) ;
#2935 = CARTESIAN_POINT ( 'NONE',  ( 45.54088462328721221, -3.656854249492377917, -4.000000000000000888 ) ) ;
#2936 = ORIENTED_EDGE ( 'NONE', *, *, #5281, .T. ) ;
#2937 = DIRECTION ( 'NONE',  ( 0.000000000000000000, 0.000000000000000000, -1.000000000000000000 ) ) ;
#2938 = CARTESIAN_POINT ( 'NONE',  ( 1.656854249492397235, 0.03124999999998961941, -3.999999999999974243 ) ) ;
#2939 = CARTESIAN_POINT ( 'NONE',  ( 42.63463462328721221, -1.999999999999997780, -4.000000000000000000 ) ) ;
#2940 = CARTESIAN_POINT ( 'NONE',  ( 1.320554750080283224, 1.062500002048379688, -3.188101187499973843 ) ) ;
#2941 =( BOUNDED_CURVE ( )  B_SPLINE_CURVE ( 2, ( #4784, #3540, #765, #3605, #6382, #4153, #5793, #1858, #5303 ),
 .UNSPECIFIED., .F., .T. ) 
 B_SPLINE_CURVE_WITH_KNOTS ( ( 3, 2, 2, 2, 3 ),
 ( 0.7031092517278028087, 0.7148277329962549054, 0.7265462204224230058, 0.7382647078485911063, 0.7499832191587055830 ),
 .UNSPECIFIED. ) 
 CURVE ( )  GEOMETRIC_REPRESENTATION_ITEM ( )  RATIONAL_B_SPLINE_CURVE ( ( 1.000000000000000000, 0.9238795325112867385, 1.000000000000000000, 0.9238795325112867385, 1.000000000000000000, 0.9238795325112867385, 1.000000000000000000, 0.9238795325112867385, 1.000000000000000000 ) ) 
 REPRESENTATION_ITEM ( '' )  );
#2942 = LINE ( 'NONE', #2871, #6798 ) ;
#2943 = CARTESIAN_POINT ( 'NONE',  ( -3.188101187499923661, -6.343749997951636743, 0.000000000000000000 ) ) ;
#2944 = CARTESIAN_POINT ( 'NONE',  ( -2.828427124746140553, -0.6249999959032446206, 2.828427124746172083 ) ) ;
#2945 = CARTESIAN_POINT ( 'NONE',  ( 3.999999999999988010, 4.249999999999999112, -4.898587196589381274E-16 ) ) ;
#2946 = CARTESIAN_POINT ( 'NONE',  ( 30.07213462533560033, -3.320554750080268569, -3.188101187500000488 ) ) ;
#2947 = LINE ( 'NONE', #160, #6501 ) ;
#2948 = ORIENTED_EDGE ( 'NONE', *, *, #7244, .T. ) ;
#2949 = CARTESIAN_POINT ( 'NONE',  ( -2.254327968790097003, 2.843750002048368142, 2.254327968790116543 ) ) ;
#2950 = CARTESIAN_POINT ( 'NONE',  ( 3.188101187500019584, -5.218749997951614539, -3.904297914629718393E-16 ) ) ;
#2951 = CARTESIAN_POINT ( 'NONE',  ( -3.188101187499935207, -2.968749997951636743, 0.000000000000000000 ) ) ;
#2952 = CARTESIAN_POINT ( 'NONE',  ( 4.000000000000032863, -8.968749995903221972, -1.656854249492369924 ) ) ;
#2953 = ORIENTED_EDGE ( 'NONE', *, *, #3706, .T. ) ;
#2954 = CARTESIAN_POINT ( 'NONE',  ( 28.66588462533560033, -1.999999999999997780, -3.188101187500000044 ) ) ;
#2955 = CARTESIAN_POINT ( 'NONE',  ( 45.91588462533560744, -1.999999999999998224, 3.188101187500000044 ) ) ;
#2956 = ADVANCED_FACE ( 'NONE', ( #3531 ), #5784, .F. ) ;
#2957 = CARTESIAN_POINT ( 'NONE',  ( 40.75963462533560744, 1.188101187500002043, 1.320554750080270123 ) ) ;
#2958 = CARTESIAN_POINT ( 'NONE',  ( 1.656854249492385689, 4.156250004096771811, 3.999999999999973355 ) ) ;
#2959 = CARTESIAN_POINT ( 'NONE',  ( 4.000000000000018652, -4.750000000000002665, -4.898587196589381274E-16 ) ) ;
#2960 = CALENDAR_DATE ( 2026, 27, 9 ) ;
#2961 = ADVANCED_FACE ( 'NONE', ( #4143 ), #6404, .T. ) ;
#2962 = CARTESIAN_POINT ( 'NONE',  ( 37.10338462533560744, -4.254327968790133419, 2.254327968790133863 ) ) ;
#2963 = CARTESIAN_POINT ( 'NONE',  ( 31.57213462738398846, -1.999999999999998224, 4.000000000000000000 ) ) ;
#2964 = CARTESIAN_POINT ( 'NONE',  ( 41.04088462533560033, -1.999999999999998224, 3.188101187500000488 ) ) ;
#2965 = CARTESIAN_POINT ( 'NONE',  ( 5.098599297819592981E-14, -6.718749997951625197, -3.188101187499973399 ) ) ;
#2966 = FACE_OUTER_BOUND ( 'NONE', #6455, .T. ) ;
#2967 = CARTESIAN_POINT ( 'NONE',  ( 44.04088462328720510, -3.656854249492377917, -4.000000000000000888 ) ) ;
#2968 = ORIENTED_EDGE ( 'NONE', *, *, #6602, .T. ) ;
#2969 =( BOUNDED_CURVE ( )  B_SPLINE_CURVE ( 2, ( #4991, #2166, #6060, #3961, #3879, #2088, #3243 ),
 .UNSPECIFIED., .F., .T. ) 
 B_SPLINE_CURVE_WITH_KNOTS ( ( 3, 2, 2, 3 ),
 ( 0.8906051013898614865, 0.9023235318149439577, 0.9140420192411115030, 0.9180148112065564803 ),
 .UNSPECIFIED. ) 
 CURVE ( )  GEOMETRIC_REPRESENTATION_ITEM ( )  RATIONAL_B_SPLINE_CURVE ( ( 0.9999992594730049422, 0.9238799027765852712, 1.000000000000000000, 0.9238795325112867385, 1.000000000000000000, 0.9741937017426169909, 0.9658850634896936072 ) ) 
 REPRESENTATION_ITEM ( '' )  );
#2970 = EDGE_CURVE ( 'NONE', #7212, #4960, #1307, .T. ) ;
#2971 = CARTESIAN_POINT ( 'NONE',  ( 49.85338462533560033, 0.2543279687901365826, -2.254327968790134307 ) ) ;
#2972 = CARTESIAN_POINT ( 'NONE',  ( 2.072216912682486778E-14, 2.374999999999985789, 3.999999999999974243 ) ) ;
#2973 = DIRECTION ( 'NONE',  ( -3.430248998885766570E-15, 1.000000000000000000, -0.000000000000000000 ) ) ;
#2974 = CARTESIAN_POINT ( 'NONE',  ( 3.188101187499977396, 6.875000002048388126, -1.320554750080259021 ) ) ;
#2975 = CARTESIAN_POINT ( 'NONE',  ( -1.656854249492358155, 4.718749999999980460, -3.999999999999974243 ) ) ;
#2976 = CARTESIAN_POINT ( 'NONE',  ( -0.3419581646510257422, -9.475979491937478016, 4.816231791929453721 ) ) ;
#2977 = ADVANCED_FACE ( 'NONE', ( #4180 ), #6409, .T. ) ;
#2978 =( BOUNDED_CURVE ( )  B_SPLINE_CURVE ( 2, ( #3599, #6981, #6252, #6377, #5264, #5853, #5891, #2278, #5926 ),
 .UNSPECIFIED., .F., .T. ) 
 B_SPLINE_CURVE_WITH_KNOTS ( ( 3, 2, 2, 2, 3 ),
 ( 0.6250000000000001110, 0.6328125000000001110, 0.6406250000000002220, 0.6484375000000002220, 0.6562500000000002220 ),
 .UNSPECIFIED. ) 
 CURVE ( )  GEOMETRIC_REPRESENTATION_ITEM ( )  RATIONAL_B_SPLINE_CURVE ( ( 0.9999999999999988898, 0.9238795325112878487, 1.000000000000000000, 0.9238795325112867385, 1.000000000000000000, 0.9238795325112867385, 1.000000000000000000, 0.9238795325112846291, 1.000000000000002220 ) ) 
 REPRESENTATION_ITEM ( '' )  );
#2979 = CARTESIAN_POINT ( 'NONE',  ( 28.66588462533560033, -1.999999999999997780, -3.188101187500000044 ) ) ;
#2980 = CARTESIAN_POINT ( 'NONE',  ( 2.828427124746219601, -5.874999995903226413, -2.828427124746171639 ) ) ;
#2981 = ORIENTED_EDGE ( 'NONE', *, *, #3829, .T. ) ;
#2982 = CARTESIAN_POINT ( 'NONE',  ( -1.320554750080246365, 4.437500002048373027, 3.188101187499973399 ) ) ;
#2983 = CARTESIAN_POINT ( 'NONE',  ( -1.320554750080219497, -3.249999997951629638, -3.188101187499973399 ) ) ;
#2984 = CARTESIAN_POINT ( 'NONE',  ( 45.07213462738398846, -1.999999999999998224, 4.000000000000000000 ) ) ;
#2985 = CARTESIAN_POINT ( 'NONE',  ( 3.188101187499989830, 3.406250002048387238, -3.904297914629718393E-16 ) ) ;
#2986 = ORIENTED_EDGE ( 'NONE', *, *, #298, .F. ) ;
#2987 = CARTESIAN_POINT ( 'NONE',  ( 44.41588462533560744, -1.999999999999998224, 3.188101187500000044 ) ) ;
#2988 = CARTESIAN_POINT ( 'NONE',  ( 41.97838462533560033, 0.2543279687901370267, -2.254327968790134751 ) ) ;
#2989 = AXIS2_PLACEMENT_3D ( 'NONE', #6600, #939, #6683 ) ;
#2990 = CARTESIAN_POINT ( 'NONE',  ( 32.79088462328720510, -0.3431457505076178638, 4.000000000000000000 ) ) ;
#2991 = CARTESIAN_POINT ( 'NONE',  ( 12.11494528001005300, -4.557449351419465167, 7.584709184398075621 ) ) ;
#2992 = PERSON_AND_ORGANIZATION ( #6710, #6828 ) ;
#2993 = CARTESIAN_POINT ( 'NONE',  ( 34.19713462533560033, -5.188101187499998268, 1.320554750080270567 ) ) ;
#2994 = CARTESIAN_POINT ( 'NONE',  ( 33.91588462738398135, -0.3431457505076173642, -4.000000000000000000 ) ) ;
#2995 = CARTESIAN_POINT ( 'NONE',  ( 40.75963462533560744, 1.188101187500002043, 1.320554750080270123 ) ) ;
#2996 = CARTESIAN_POINT ( 'NONE',  ( -3.188101187499928546, -4.749999997951636743, 1.320554750080261019 ) ) ;
#2997 = CARTESIAN_POINT ( 'NONE',  ( 49.29088462533560033, -1.999999999999997780, -3.188101187500000044 ) ) ;
#2998 = CARTESIAN_POINT ( 'NONE',  ( 44.69713462328721221, 0.8284271247461921783, 2.828427124746190291 ) ) ;
#2999 = ORIENTED_EDGE ( 'NONE', *, *, #2887, .F. ) ;
#3000 = CARTESIAN_POINT ( 'NONE',  ( 0.000000000000000000, 8.201801801801801517, 0.000000000000000000 ) ) ;
#3001 = CARTESIAN_POINT ( 'NONE',  ( 2.586754262515351961E-14, 0.8749999999999851230, 3.999999999999974243 ) ) ;
#3002 = CARTESIAN_POINT ( 'NONE',  ( 3.999999999999993339, 2.749999999999999112, -4.898587196589381274E-16 ) ) ;
#3003 = CARTESIAN_POINT ( 'NONE',  ( -1.320554750080221940, -2.687499997951629638, 3.188101187499973399 ) ) ;
#3004 = FACE_OUTER_BOUND ( 'NONE', #4060, .T. ) ;
#3005 = CARTESIAN_POINT ( 'NONE',  ( 1.733644443356716051E-15, 7.624999999999985789, -3.999999999999974243 ) ) ;
#3006 = CARTESIAN_POINT ( 'NONE',  ( 4.000000000000019540, -4.656249995903221084, 1.656854249492369036 ) ) ;
#3007 = CARTESIAN_POINT ( 'NONE',  ( 43.00963462738398846, 0.8284271247461921783, -2.828427124746189847 ) ) ;
#3008 = FACE_OUTER_BOUND ( 'NONE', #4276, .T. ) ;
#3009 = VERTEX_POINT ( 'NONE', #6443 ) ;
#3010 = CARTESIAN_POINT ( 'NONE',  ( 3.188101187500000044, 0.4062500020483870156, -3.904297914629718393E-16 ) ) ;
#3011 = CARTESIAN_POINT ( 'NONE',  ( -2.254327968790067249, -6.156249997951632302, -2.254327968790116099 ) ) ;
#3012 = CARTESIAN_POINT ( 'NONE',  ( 28.00963462533560033, -5.188101187499998268, -1.320554750080271900 ) ) ;
#3013 = EDGE_CURVE ( 'NONE', #6440, #2659, #4093, .T. ) ;
#3014 = CARTESIAN_POINT ( 'NONE',  ( -2.254327968790107217, 5.468750002048367698, -2.254327968790116099 ) ) ;
#3015 = EDGE_LOOP ( 'NONE', ( #5847, #1323, #933, #2542 ) ) ;
#3016 = VECTOR ( 'NONE', #269, 1000.000000000000000 ) ;
#3017 = CARTESIAN_POINT ( 'NONE',  ( 38.60338462533560033, -4.254327968790133419, 2.254327968790133863 ) ) ;
#3018 = CARTESIAN_POINT ( 'NONE',  ( 39.44713462533560033, -0.6794452499197284334, 3.188101187500000044 ) ) ;
#3019 = CARTESIAN_POINT ( 'NONE',  ( 2.828427124746185850, 4.250000004096775363, 2.828427124746171195 ) ) ;
#3020 = CARTESIAN_POINT ( 'NONE',  ( 1.656854249492391462, 2.468749999999991118, 3.999999999999973355 ) ) ;
#3021 = CARTESIAN_POINT ( 'NONE',  ( 1.656854249492418107, -5.968750000000010658, -3.999999999999974243 ) ) ;
#3022 = CARTESIAN_POINT ( 'NONE',  ( 11.22890533516654266, -9.727968246597592739, 2.085208805473261595 ) ) ;
#3023 = CARTESIAN_POINT ( 'NONE',  ( 42.82213462533560033, -0.6794452499197284334, 3.188101187499999600 ) ) ;
#3024 = APPROVAL_DATE_TIME ( #4696, #4438 ) ;
#3025 = CARTESIAN_POINT ( 'NONE',  ( 32.88463462533560033, -5.188101187499997380, -1.320554750080271678 ) ) ;
#3026 = CARTESIAN_POINT ( 'NONE',  ( 33.54088462738398846, -5.999999999999997335, -1.656854249492382580 ) ) ;
#3027 = CARTESIAN_POINT ( 'NONE',  ( 45.35338462533560033, 0.2543279687901370267, 2.254327968790135195 ) ) ;
#3028 = CARTESIAN_POINT ( 'NONE',  ( 3.188101187500030687, -8.499999997951617203, -1.320554750080259243 ) ) ;
#3029 = CARTESIAN_POINT ( 'NONE',  ( 48.16588462533560033, 1.188101187500001599, 1.952148957314875220E-16 ) ) ;
#3030 = AXIS2_PLACEMENT_3D ( 'NONE', #4830, #5709, #7103 ) ;
#3031 = CARTESIAN_POINT ( 'NONE',  ( 43.75963462328721221, -5.999999999999998224, -7.347880794884119736E-16 ) ) ;
#3032 = VERTEX_POINT ( 'NONE', #6053 ) ;
#3033 = VECTOR ( 'NONE', #404, 1000.000000000000000 ) ;
#3034 = CARTESIAN_POINT ( 'NONE',  ( 25.94713462738398491, -5.999999999999998224, -7.347880794884119736E-16 ) ) ;
#3035 = CARTESIAN_POINT ( 'NONE',  ( 1.656854249492387021, 3.031249999999990230, -3.999999999999974243 ) ) ;
#3036 = CARTESIAN_POINT ( 'NONE',  ( 2.254327968790157843, -3.906249997951616759, 2.254327968790115655 ) ) ;
#3037 = DIRECTION ( 'NONE',  ( -1.000000000000000000, -0.000000000000000000, -0.000000000000000000 ) ) ;
#3038 = CARTESIAN_POINT ( 'NONE',  ( 1.656854249492371700, 7.531249999999990230, -3.999999999999974243 ) ) ;
#3039 = CARTESIAN_POINT ( 'NONE',  ( -2.828427124746114796, -8.499999995903246841, -2.828427124746171639 ) ) ;
#3040 = CIRCLE ( 'NONE', #4333, 11.18033988749889041 ) ;
#3041 = CARTESIAN_POINT ( 'NONE',  ( 28.57213462738398491, -1.999999999999998224, 4.000000000000000000 ) ) ;
#3042 = CARTESIAN_POINT ( 'NONE',  ( 48.07213462738398846, -1.999999999999998224, 4.000000000000000000 ) ) ;
#3043 = CARTESIAN_POINT ( 'NONE',  ( -2.828427124746125010, -5.499999995903245065, -2.828427124746171639 ) ) ;
#3044 = VERTEX_POINT ( 'NONE', #6614 ) ;
#3045 = CARTESIAN_POINT ( 'NONE',  ( 2.254327968790149406, -1.281249997951616315, 2.254327968790115655 ) ) ;
#3046 = CARTESIAN_POINT ( 'NONE',  ( 5.484502310194241947E-14, -7.843749997951626085, -3.188101187499973399 ) ) ;
#3047 = CARTESIAN_POINT ( 'NONE',  ( 27.72838462533560033, -4.254327968790133419, 2.254327968790134307 ) ) ;
#3048 = CARTESIAN_POINT ( 'NONE',  ( 3.188101187500000044, 0.4062500020483870156, -3.904297914629718393E-16 ) ) ;
#3049 = ORIENTED_EDGE ( 'NONE', *, *, #3882, .F. ) ;
#3050 = FACE_OUTER_BOUND ( 'NONE', #2696, .T. ) ;
#3051 = CARTESIAN_POINT ( 'NONE',  ( 40.19713462533560033, -5.188101187499998268, 1.320554750080270345 ) ) ;
#3052 = EDGE_CURVE ( 'NONE', #4254, #4266, #5095, .T. ) ;
#3053 = CARTESIAN_POINT ( 'NONE',  ( 32.60338462533560033, -4.254327968790133419, -2.254327968790135639 ) ) ;
#3054 = CARTESIAN_POINT ( 'NONE',  ( -3.999999999996195932, -6.812500304914292926, -5.461170844240904663E-06 ) ) ;
#3055 = CARTESIAN_POINT ( 'NONE',  ( -3.188101187499966294, 6.031250002048365033, 0.000000000000000000 ) ) ;
#3056 = CARTESIAN_POINT ( 'NONE',  ( 4.000000000000013323, -3.156250000000001776, -1.656854249492369924 ) ) ;
#3057 = CARTESIAN_POINT ( 'NONE',  ( 48.63463462328721221, -1.999999999999997780, -4.000000000000000000 ) ) ;
#3058 = CARTESIAN_POINT ( 'NONE',  ( 43.29088462533560744, -5.188101187499998268, -5.856446871944625661E-16 ) ) ;
#3059 = DATE_AND_TIME ( #783, #354 ) ;
#3060 = CARTESIAN_POINT ( 'NONE',  ( 35.60338462738398846, 2.000000000000001776, -1.656854249492380138 ) ) ;
#3061 = CARTESIAN_POINT ( 'NONE',  ( 26.32213462738398491, -1.999999999999997780, -4.000000000000000000 ) ) ;
#3062 = CARTESIAN_POINT ( 'NONE',  ( 42.07213462533560033, 1.188101187500002043, -1.320554750080270123 ) ) ;
#3063 = CARTESIAN_POINT ( 'NONE',  ( 50.50963462328721221, 2.000000000000001776, 2.449293598294706414E-16 ) ) ;
#3064 = CARTESIAN_POINT ( 'NONE',  ( 37.38463462328721221, -1.999999999999998224, 4.000000000000000000 ) ) ;
#3065 = CARTESIAN_POINT ( 'NONE',  ( 44.97838462328721931, -3.656854249492381914, 3.999999999999999112 ) ) ;
#3066 = VERTEX_POINT ( 'NONE', #3478 ) ;
#3067 = ORIENTED_EDGE ( 'NONE', *, *, #2874, .F. ) ;
#3068 = CARTESIAN_POINT ( 'NONE',  ( 48.25963462533561454, -0.6794452499197282114, -3.188101187500000044 ) ) ;
#3069 = CARTESIAN_POINT ( 'NONE',  ( 3.999999999999998224, 1.249999999999999334, -4.898587196589381274E-16 ) ) ;
#3070 = DIRECTION ( 'NONE',  ( -3.430248998885766570E-15, 1.000000000000000000, -0.000000000000000000 ) ) ;
#3071 = CARTESIAN_POINT ( 'NONE',  ( -2.254327968790072578, -4.656249997951633190, -2.254327968790116099 ) ) ;
#3072 = CARTESIAN_POINT ( 'NONE',  ( -3.999999999999974243, 8.201801801801787306, 0.000000000000000000 ) ) ;
#3073 = CARTESIAN_POINT ( 'NONE',  ( -3.999999999999963141, 4.906249999999973355, -1.656854249492369702 ) ) ;
#3074 = CARTESIAN_POINT ( 'NONE',  ( 2.828427124746216492, -4.749999995903225525, 2.828427124746171195 ) ) ;
#3075 = CARTESIAN_POINT ( 'NONE',  ( -1.656854249492358155, 4.718749999999979572, -3.999999999999974243 ) ) ;
#3076 = CARTESIAN_POINT ( 'NONE',  ( 44.88463462738398135, 0.8284271247461921783, 2.828427124746190291 ) ) ;
#3077 = FACE_OUTER_BOUND ( 'NONE', #2555, .T. ) ;
#3078 = VECTOR ( 'NONE', #468, 1000.000000000000000 ) ;
#3079 = ORIENTED_EDGE ( 'NONE', *, *, #2745, .F. ) ;
#3080 = CARTESIAN_POINT ( 'NONE',  ( 2.254327968790136527, 2.093750002048383241, -2.254327968790116099 ) ) ;
#3081 = CARTESIAN_POINT ( 'NONE',  ( 25.88463462328721221, -1.999999999999998224, 4.000000000000000000 ) ) ;
#3082 = CARTESIAN_POINT ( 'NONE',  ( 26.79088462533560033, -1.999999999999997780, -3.188101187500000488 ) ) ;
#3083 = CARTESIAN_POINT ( 'NONE',  ( -3.188101187499964961, 5.562500002048364145, -1.320554750080258799 ) ) ;
#3084 = EDGE_CURVE ( 'NONE', #7172, #3085, #5470, .T. ) ;
#3085 = VERTEX_POINT ( 'NONE', #6889 ) ;
#3086 = ORIENTED_EDGE ( 'NONE', *, *, #1340, .F. ) ;
#3087 = CARTESIAN_POINT ( 'NONE',  ( 37.66588462533560033, -1.999999999999997780, -3.188101187500000044 ) ) ;
#3088 = CARTESIAN_POINT ( 'NONE',  ( 33.72838462533560033, -4.254327968790133419, 2.254327968790134307 ) ) ;
#3089 = CARTESIAN_POINT ( 'NONE',  ( 3.999999999999977351, 7.250000000000000000, -4.898587196589381274E-16 ) ) ;
#3090 = CARTESIAN_POINT ( 'NONE',  ( -3.188101187499970290, 7.437500002048365921, -1.320554750080259021 ) ) ;
#3091 = CARTESIAN_POINT ( 'NONE',  ( -2.828427124746119237, -6.812500000000026645, 2.828427124746172083 ) ) ;
#3092 = DIRECTION ( 'NONE',  ( -1.000000000000000000, -3.469446951953614189E-15, 0.000000000000000000 ) ) ;
#3093 = CARTESIAN_POINT ( 'NONE',  ( 36.16588462533560033, -1.999999999999997780, -3.188101187500000044 ) ) ;
#3094 = AXIS2_PLACEMENT_3D ( 'NONE', #1493, #7125, #5447 ) ;
#3095 = DATE_TIME_ROLE ( 'creation_date' ) ;
#3096 = CARTESIAN_POINT ( 'NONE',  ( 28.29088462533560033, -5.188101187499998268, -5.856446871944625661E-16 ) ) ;
#3097 = CARTESIAN_POINT ( 'NONE',  ( 30.63463462738398491, -4.828427124746188959, -2.828427124746190735 ) ) ;
#3098 = CARTESIAN_POINT ( 'NONE',  ( 38.41588462533560033, -5.188101187499998268, -5.856446871944625661E-16 ) ) ;
#3099 = DIRECTION ( 'NONE',  ( 1.000000000000000000, 3.430248998885766570E-15, 0.000000000000000000 ) ) ;
#3100 = CARTESIAN_POINT ( 'NONE',  ( 44.60338462533560744, -4.254327968790132530, -2.254327968790135195 ) ) ;
#3101 = CARTESIAN_POINT ( 'NONE',  ( 37.19713462328720510, 0.8284271247461921783, 2.828427124746190291 ) ) ;
#3102 = EDGE_CURVE ( 'NONE', #5813, #2765, #1543, .T. ) ;
#3103 = VERTEX_POINT ( 'NONE', #2237 ) ;
#3104 = VERTEX_POINT ( 'NONE', #4500 ) ;
#3105 = CARTESIAN_POINT ( 'NONE',  ( 47.97838462533560033, -4.254327968790132530, -2.254327968790135195 ) ) ;
#3106 = CARTESIAN_POINT ( 'NONE',  ( 1.733644443356716051E-15, 7.624999999999985789, -3.999999999999974243 ) ) ;
#3107 = CARTESIAN_POINT ( 'NONE',  ( 48.25963462328721221, -5.999999999999998224, -7.347880794884119736E-16 ) ) ;
#3108 = CARTESIAN_POINT ( 'NONE',  ( -3.188101187499944977, 0.1250000020483642005, 1.320554750080261019 ) ) ;
#3109 = CARTESIAN_POINT ( 'NONE',  ( 33.63463462328721221, -1.999999999999997780, -4.000000000000000000 ) ) ;
#3110 = VECTOR ( 'NONE', #703, 1000.000000000000000 ) ;
#3111 = CARTESIAN_POINT ( 'NONE',  ( -2.828427124746155208, 3.687499999999975575, 2.828427124746172083 ) ) ;
#3112 = CARTESIAN_POINT ( 'NONE',  ( 1.656854249492422548, -7.281249995903230854, -3.999999999999974243 ) ) ;
#3113 = CARTESIAN_POINT ( 'NONE',  ( 0.000000000000000000, 8.201801801801801517, 0.000000000000000000 ) ) ;
#3114 = CARTESIAN_POINT ( 'NONE',  ( 44.32213462738398846, -1.999999999999997780, -4.000000000000000000 ) ) ;
#3115 = CARTESIAN_POINT ( 'NONE',  ( 13.73828750595884785, 5.935132316923549922, -1.050466132916438866 ) ) ;
#3116 = ORIENTED_EDGE ( 'NONE', *, *, #5744, .T. ) ;
#3117 = LINE ( 'NONE', #2591, #54 ) ;
#3118 = CARTESIAN_POINT ( 'NONE',  ( 2.254327968790152070, -2.406249997951617203, -2.254327968790116099 ) ) ;
#3119 = CARTESIAN_POINT ( 'NONE',  ( -15.00199999999999712, -1.999999999999998224, 0.000000000000000000 ) ) ;
#3120 = CARTESIAN_POINT ( 'NONE',  ( 27.07213462533560033, 1.188101187500002043, -1.320554750080270123 ) ) ;
#3121 = CARTESIAN_POINT ( 'NONE',  ( 3.188101187499984945, 4.906250002048387238, -3.904297914629718393E-16 ) ) ;
#3122 = ORIENTED_EDGE ( 'NONE', *, *, #2185, .T. ) ;
#3123 = CARTESIAN_POINT ( 'NONE',  ( 30.82213462328720865, 0.8284271247461921783, -2.828427124746189847 ) ) ;
#3124 = CARTESIAN_POINT ( 'NONE',  ( 31.10338462533560033, -4.254327968790132530, -2.254327968790135195 ) ) ;
#3125 = CARTESIAN_POINT ( 'NONE',  ( 40.57213462533560033, -3.320554750080268569, -3.188101187500000488 ) ) ;
#3126 = ORIENTED_EDGE ( 'NONE', *, *, #1940, .T. ) ;
#3127 = CARTESIAN_POINT ( 'NONE',  ( 36.25963462533560744, 1.188101187500002043, 1.320554750080270123 ) ) ;
#3128 = DIRECTION ( 'NONE',  ( -3.430248998885765387E-15, 1.000000000000000000, -0.000000000000000000 ) ) ;
#3129 = CARTESIAN_POINT ( 'NONE',  ( -1.320554750080253470, 6.312500002048371250, 3.188101187499972955 ) ) ;
#3130 = CARTESIAN_POINT ( 'NONE',  ( 4.000000000000018652, -4.750000000000002665, -4.898587196589381274E-16 ) ) ;
#3131 = APPROVAL_PERSON_ORGANIZATION ( #1482, #4251, #3698 ) ;
#3132 =( BOUNDED_CURVE ( )  B_SPLINE_CURVE ( 2, ( #5061, #2347, #1589, #5023, #6735 ),
 .UNSPECIFIED., .F., .T. ) 
 B_SPLINE_CURVE_WITH_KNOTS ( ( 3, 2, 3 ),
 ( 0.9545454545454544748, 0.9659090909090909394, 0.9697189035821106584 ),
 .UNSPECIFIED. ) 
 CURVE ( )  GEOMETRIC_REPRESENTATION_ITEM ( )  RATIONAL_B_SPLINE_CURVE ( ( 1.000000000000000666, 0.9238795325112859613, 1.000000000000000000, 0.9744795844891076531, 0.9660712974066218983 ) ) 
 REPRESENTATION_ITEM ( '' )  );
#3133 = CARTESIAN_POINT ( 'NONE',  ( 38.50963462533560033, -3.320554750080270345, 3.188101187499999156 ) ) ;
#3134 = COORDINATED_UNIVERSAL_TIME_OFFSET ( 8, 0, .AHEAD. ) ;
#3135 = CARTESIAN_POINT ( 'NONE',  ( 28.29088462738398491, 2.000000000000001776, 1.656854249492381026 ) ) ;
#3136 = CARTESIAN_POINT ( 'NONE',  ( 39.72838462533560033, -4.254327968790133419, 2.254327968790134307 ) ) ;
#3137 = DIRECTION ( 'NONE',  ( -1.000000000000000000, -0.000000000000000000, -0.000000000000000000 ) ) ;
#3138 = CARTESIAN_POINT ( 'NONE',  ( 47.41588462533560033, -5.188101187499998268, -5.856446871944625661E-16 ) ) ;
#3139 = CARTESIAN_POINT ( 'NONE',  ( 41.97838462328721931, -3.656854249492381914, 3.999999999999999112 ) ) ;
#3140 = VERTEX_POINT ( 'NONE', #7340 ) ;
#3141 = ORIENTED_EDGE ( 'NONE', *, *, #4062, .F. ) ;
#3142 = CARTESIAN_POINT ( 'NONE',  ( 44.88463462533560033, -5.188101187499997380, -1.320554750080271678 ) ) ;
#3143 = CARTESIAN_POINT ( 'NONE',  ( -3.999999999999968470, 6.406249999999972466, -1.656854249492369702 ) ) ;
#3144 = CARTESIAN_POINT ( 'NONE',  ( -3.188101187499964961, 5.656250002048365033, 0.000000000000000000 ) ) ;
#3145 = CARTESIAN_POINT ( 'NONE',  ( -1.320554750080227491, -1.187499997951628750, 3.188101187499973399 ) ) ;
#3146 = DIRECTION ( 'NONE',  ( -1.000000000000000000, -0.000000000000000000, -0.000000000000000000 ) ) ;
#3147 = CARTESIAN_POINT ( 'NONE',  ( 1.656854249492396347, 0.9687499999999906741, 3.999999999999972911 ) ) ;
#3148 = CARTESIAN_POINT ( 'NONE',  ( 47.41588462328722642, 2.000000000000001776, -1.656854249492380138 ) ) ;
#3149 = CARTESIAN_POINT ( 'NONE',  ( 1.594002944889497231, -8.468027810501931540, 2.761004127744565828 ) ) ;
#3150 = AXIS2_PLACEMENT_3D ( 'NONE', #6097, #2648, #4912 ) ;
#3151 = CARTESIAN_POINT ( 'NONE',  ( 12.85542027691564115, 0.06386884465164950619, -7.746608345655917383 ) ) ;
#3152 = ORIENTED_EDGE ( 'NONE', *, *, #1950, .F. ) ;
#3153 = CARTESIAN_POINT ( 'NONE',  ( 2.254327968790138748, 1.718750002048383907, 2.254327968790115655 ) ) ;
#3154 = CARTESIAN_POINT ( 'NONE',  ( 9.788250428823511355E-15, 5.562500004096766482, 3.999999999999974243 ) ) ;
#3155 = CARTESIAN_POINT ( 'NONE',  ( 29.22838462328720865, -0.3431457505076173642, -4.000000000000000000 ) ) ;
#3156 = CARTESIAN_POINT ( 'NONE',  ( 1.320554750080308759, -5.874999997951621644, 3.188101187499972955 ) ) ;
#3157 = CARTESIAN_POINT ( 'NONE',  ( 1.656854249492385689, 4.156250004096771811, 3.999999999999972911 ) ) ;
#3158 = CARTESIAN_POINT ( 'NONE',  ( -1.656854249492353270, 3.406250004096759376, -3.999999999999974243 ) ) ;
#3159 = CARTESIAN_POINT ( 'NONE',  ( 34.85338462533560744, 0.2543279687901365826, 2.254327968790134751 ) ) ;
#3160 = CARTESIAN_POINT ( 'NONE',  ( 38.97838462533560033, -4.254327968790132530, -2.254327968790135195 ) ) ;
#3161 = CARTESIAN_POINT ( 'NONE',  ( -2.828427124746119237, -6.812500000000026645, 2.828427124746172083 ) ) ;
#3162 = CARTESIAN_POINT ( 'NONE',  ( 33.44713462533560033, -0.6794452499197284334, 3.188101187500000044 ) ) ;
#3163 = CARTESIAN_POINT ( 'NONE',  ( 2.456057629529270869, -9.279797237640346808, 3.200796619963131917 ) ) ;
#3164 = CARTESIAN_POINT ( 'NONE',  ( 31.66588462738398491, -3.656854249492381914, 3.999999999999999112 ) ) ;
#3165 =( BOUNDED_CURVE ( )  B_SPLINE_CURVE ( 2, ( #4044, #2260, #5568, #2747, #1743, #609, #2224, #3305, #6271 ),
 .UNSPECIFIED., .F., .T. ) 
 B_SPLINE_CURVE_WITH_KNOTS ( ( 3, 2, 2, 2, 3 ),
 ( 0.09375000000000006939, 0.1015625000000000694, 0.1093750000000000833, 0.1171875000000000833, 0.1250000000000000833 ),
 .UNSPECIFIED. ) 
 CURVE ( )  GEOMETRIC_REPRESENTATION_ITEM ( )  RATIONAL_B_SPLINE_CURVE ( ( 0.9999999999999993339, 0.9238795325112874046, 1.000000000000000000, 0.9238795325112867385, 1.000000000000000000, 0.9238795325112867385, 1.000000000000000000, 0.9238795325112859613, 1.000000000000000888 ) ) 
 REPRESENTATION_ITEM ( '' )  );
#3166 = CARTESIAN_POINT ( 'NONE',  ( 4.000000000000020428, -4.843750000000002665, 1.656854249492369036 ) ) ;
#3167 = CARTESIAN_POINT ( 'NONE',  ( 4.000000000000023981, -6.156249995903222860, 1.656854249492369036 ) ) ;
#3168 = CARTESIAN_POINT ( 'NONE',  ( 37.00963462533560033, -3.320554750080270345, 3.188101187499999156 ) ) ;
#3169 = APPROVAL_ROLE ( '' ) ;
#3170 = CARTESIAN_POINT ( 'NONE',  ( 29.88463462738398491, 0.8284271247461921783, 2.828427124746190291 ) ) ;
#3171 = CARTESIAN_POINT ( 'NONE',  ( 40.57213462533560033, 1.188101187500002043, -1.320554750080270123 ) ) ;
#3172 = PLANE ( 'NONE',  #2478 ) ;
#3173 = CARTESIAN_POINT ( 'NONE',  ( 45.35338462533560033, 0.2543279687901365826, 2.254327968790134751 ) ) ;
#3174 = VERTEX_POINT ( 'NONE', #7299 ) ;
#3175 = CARTESIAN_POINT ( 'NONE',  ( 37.57213462328720510, -4.828427124746188959, 2.828427124746189403 ) ) ;
#3176 = ORIENTED_EDGE ( 'NONE', *, *, #5371, .F. ) ;
#3177 = EDGE_CURVE ( 'NONE', #5960, #552, #4537, .T. ) ;
#3178 = CARTESIAN_POINT ( 'NONE',  ( 49.10338462533560033, -4.254327968790133419, 2.254327968790133863 ) ) ;
#3179 = CARTESIAN_POINT ( 'NONE',  ( -1.656854249492358155, 4.718749999999980460, -3.999999999999974243 ) ) ;
#3180 = CARTESIAN_POINT ( 'NONE',  ( 2.254327968790173387, -8.406249997951618980, 2.254327968790115655 ) ) ;
#3181 = CARTESIAN_POINT ( 'NONE',  ( 13.74772708486752038, -1.999999999999998224, -7.999999999999996447 ) ) ;
#3182 = CARTESIAN_POINT ( 'NONE',  ( 3.999999999999997335, 1.343749999999999556, -1.656854249492369924 ) ) ;
#3183 = ADVANCED_FACE ( 'NONE', ( #6777 ), #2274, .T. ) ;
#3184 = CARTESIAN_POINT ( 'NONE',  ( 50.88463462328721221, -1.999999999999997780, -4.000000000000000000 ) ) ;
#3185 = CARTESIAN_POINT ( 'NONE',  ( 37.57213462328720510, -4.828427124746188959, 2.828427124746189403 ) ) ;
#3186 = VERTEX_POINT ( 'NONE', #22 ) ;
#3187 = CARTESIAN_POINT ( 'NONE',  ( 3.188101187500032907, -8.687499997951615427, 1.320554750080258577 ) ) ;
#3188 = CARTESIAN_POINT ( 'NONE',  ( -2.828427124746160981, 5.000000004096756712, -2.828427124746171639 ) ) ;
#3189 = CYLINDRICAL_SURFACE ( 'NONE', #7137, 3.999999999999974243 ) ;
#3190 = CARTESIAN_POINT ( 'NONE',  ( 30.72838462328720865, -0.3431457505076173642, -4.000000000000000000 ) ) ;
#3191 = CARTESIAN_POINT ( 'NONE',  ( 3.188101187500004929, -1.093749997951614317, -3.904297914629718393E-16 ) ) ;
#3192 = EDGE_CURVE ( 'NONE', #1696, #5244, #5620, .T. ) ;
#3193 = CARTESIAN_POINT ( 'NONE',  ( -1.656854249492358377, 4.906250004096761153, -3.999999999999974243 ) ) ;
#3194 = CARTESIAN_POINT ( 'NONE',  ( 30.82213462738398491, -1.999999999999997780, -4.000000000000000000 ) ) ;
#3195 = CARTESIAN_POINT ( 'NONE',  ( 32.69713462533560744, -3.320554750080268569, -3.188101187500000488 ) ) ;
#3196 = CARTESIAN_POINT ( 'NONE',  ( 34.66588462533559323, -1.999999999999997780, -3.188101187500000044 ) ) ;
#3197 = ORIENTED_EDGE ( 'NONE', *, *, #2918, .F. ) ;
#3198 = CARTESIAN_POINT ( 'NONE',  ( 36.16588462533560033, 1.188101187500002043, 1.952148957314875467E-16 ) ) ;
#3199 = CARTESIAN_POINT ( 'NONE',  ( 29.04088462738398491, -5.999999999999997335, -1.656854249492382580 ) ) ;
#3200 = CARTESIAN_POINT ( 'NONE',  ( 45.82213462738398846, -1.999999999999997780, -4.000000000000000000 ) ) ;
#3201 = CARTESIAN_POINT ( 'NONE',  ( 2.522437092380946368E-14, 1.062500004096765593, 3.999999999999974243 ) ) ;
#3202 = DIRECTION ( 'NONE',  ( 0.000000000000000000, 0.000000000000000000, 1.000000000000000000 ) ) ;
#3203 = CARTESIAN_POINT ( 'NONE',  ( 50.88463462328721221, -1.999999999999998224, 0.000000000000000000 ) ) ;
#3204 = CARTESIAN_POINT ( 'NONE',  ( 39.16588462533560033, -1.999999999999997780, -3.188101187500000044 ) ) ;
#3205 = COORDINATED_UNIVERSAL_TIME_OFFSET ( 8, 0, .AHEAD. ) ;
#3206 = CARTESIAN_POINT ( 'NONE',  ( 27.91588462738398491, -0.3431457505076173642, -4.000000000000000000 ) ) ;
#3207 = CARTESIAN_POINT ( 'NONE',  ( 39.35338462533560033, 0.2543279687901370267, 2.254327968790135195 ) ) ;
#3208 =( BOUNDED_CURVE ( )  B_SPLINE_CURVE ( 2, ( #3064, #4176, #6438, #5323, #679, #1211, #4140, #7046, #4216 ),
 .UNSPECIFIED., .F., .T. ) 
 B_SPLINE_CURVE_WITH_KNOTS ( ( 3, 2, 2, 2, 3 ),
 ( 0.5624999999999997780, 0.5703124999999997780, 0.5781249999999997780, 0.5859374999999998890, 0.5937499999999998890 ),
 .UNSPECIFIED. ) 
 CURVE ( )  GEOMETRIC_REPRESENTATION_ITEM ( )  RATIONAL_B_SPLINE_CURVE ( ( 1.000000000000002220, 0.9238795325112846291, 1.000000000000000000, 0.9238795325112867385, 1.000000000000000000, 0.9238795325112867385, 1.000000000000000000, 0.9238795325112878487, 0.9999999999999988898 ) ) 
 REPRESENTATION_ITEM ( '' )  );
#3209 = CARTESIAN_POINT ( 'NONE',  ( 33.35338462328721221, -5.999999999999997335, -1.656854249492382580 ) ) ;
#3210 = CARTESIAN_POINT ( 'NONE',  ( 45.82213462533560033, -5.188101187499998268, 1.320554750080270345 ) ) ;
#3211 = ORIENTED_EDGE ( 'NONE', *, *, #2043, .T. ) ;
#3212 = CARTESIAN_POINT ( 'NONE',  ( 40.29088462328720510, -0.3431457505076178638, 4.000000000000000000 ) ) ;
#3213 = ORIENTED_EDGE ( 'NONE', *, *, #3520, .F. ) ;
#3214 = ORIENTED_EDGE ( 'NONE', *, *, #6460, .T. ) ;
#3215 = VECTOR ( 'NONE', #53, 1000.000000000000000 ) ;
#3216 = CARTESIAN_POINT ( 'NONE',  ( 45.07213462533560033, -3.320554750080268125, -3.188101187500000933 ) ) ;
#3217 = CARTESIAN_POINT ( 'NONE',  ( 1.656854249492381248, 5.468749999999990230, 3.999999999999972911 ) ) ;
#3218 = CARTESIAN_POINT ( 'NONE',  ( 3.188101187499984057, 5.000000002048387238, -1.320554750080259243 ) ) ;
#3219 = CARTESIAN_POINT ( 'NONE',  ( 3.188101187500029354, -8.124999997951615427, -1.320554750080259021 ) ) ;
#3220 = CARTESIAN_POINT ( 'NONE',  ( 48.82213462738398846, -1.999999999999997780, -4.000000000000000000 ) ) ;
#3221 = EDGE_CURVE ( 'NONE', #1132, #4414, #6361, .T. ) ;
#3222 = CARTESIAN_POINT ( 'NONE',  ( 47.88463462533560744, -5.188101187499997380, -1.320554750080271678 ) ) ;
#3223 = LINE ( 'NONE', #3184, #987 ) ;
#3224 = CARTESIAN_POINT ( 'NONE',  ( 13.73254847099879505, 5.895707643009117760, -1.314228957805611442 ) ) ;
#3225 = ORIENTED_EDGE ( 'NONE', *, *, #3177, .T. ) ;
#3226 = CARTESIAN_POINT ( 'NONE',  ( -1.320554750080205286, -7.562499997951631414, 3.188101187499973399 ) ) ;
#3227 = CARTESIAN_POINT ( 'NONE',  ( 43.66588462328720510, -5.999999999999997335, 1.656854249492381248 ) ) ;
#3228 = CARTESIAN_POINT ( 'NONE',  ( 28.57213462328720865, -4.828427124746188959, 2.828427124746189403 ) ) ;
#3229 = CARTESIAN_POINT ( 'NONE',  ( 1.320554750080303874, -4.374999997951619868, 3.188101187499972955 ) ) ;
#3230 = CARTESIAN_POINT ( 'NONE',  ( 1.652659323699860949E-14, 3.312500004096765593, -3.999999999999974243 ) ) ;
#3231 = CARTESIAN_POINT ( 'NONE',  ( -3.999999999999941824, -0.9062500000000285327, 1.656854249492372366 ) ) ;
#3232 = VECTOR ( 'NONE', #4225, 1000.000000000000000 ) ;
#3233 = CARTESIAN_POINT ( 'NONE',  ( 32.41588462533560033, -5.188101187499998268, -5.856446871944625661E-16 ) ) ;
#3234 = CARTESIAN_POINT ( 'NONE',  ( 33.25963462533560033, -0.6794452499197283224, -3.188101187499999600 ) ) ;
#3235 = CARTESIAN_POINT ( 'NONE',  ( 36.07213462738398135, -1.999999999999998224, 4.000000000000000000 ) ) ;
#3236 = ORIENTED_EDGE ( 'NONE', *, *, #1863, .T. ) ;
#3237 = CARTESIAN_POINT ( 'NONE',  ( -1.656854249492316633, -7.281250000000021316, -3.999999999999974243 ) ) ;
#3238 = CARTESIAN_POINT ( 'NONE',  ( 0.000000000000000000, 8.201801801801801517, 0.000000000000000000 ) ) ;
#3239 = CARTESIAN_POINT ( 'NONE',  ( 33.25963462738398846, -4.828427124746188959, 2.828427124746189403 ) ) ;
#3240 = EDGE_CURVE ( 'NONE', #802, #2914, #4614, .T. ) ;
#3241 = CARTESIAN_POINT ( 'NONE',  ( 3.188101187499999156, 0.8750000020483874597, -1.320554750080259243 ) ) ;
#3242 = CARTESIAN_POINT ( 'NONE',  ( 2.828427124746206722, -1.749999995903224859, 2.828427124746171195 ) ) ;
#3243 = CARTESIAN_POINT ( 'NONE',  ( -1.046824263860710369, -8.000000000000015987, 3.860590493770601039 ) ) ;
#3244 = LINE ( 'NONE', #366, #4457 ) ;
#3245 = CARTESIAN_POINT ( 'NONE',  ( 37.57213462533560033, -3.320554750080268569, -3.188101187500000488 ) ) ;
#3246 = CARTESIAN_POINT ( 'NONE',  ( 49.47838462533560033, -4.254327968790132530, -2.254327968790135195 ) ) ;
#3247 = CARTESIAN_POINT ( 'NONE',  ( 48.44713462533560744, -0.6794452499197284334, 3.188101187500000044 ) ) ;
#3248 = CARTESIAN_POINT ( 'NONE',  ( 35.60338462533560744, -4.254327968790133419, -2.254327968790135639 ) ) ;
#3249 = CARTESIAN_POINT ( 'NONE',  ( -3.999999999999933387, -7.093750000000030198, -1.656854249492357489 ) ) ;
#3250 = CARTESIAN_POINT ( 'NONE',  ( 42.63463462533559323, -3.320554750080270345, 3.188101187499999156 ) ) ;
#3251 = ORIENTED_EDGE ( 'NONE', *, *, #4327, .T. ) ;
#3252 = CARTESIAN_POINT ( 'NONE',  ( 39.25963462328720510, -5.999999999999998224, -7.347880794884119736E-16 ) ) ;
#3253 = VERTEX_POINT ( 'NONE', #1633 ) ;
#3254 = ORIENTED_EDGE ( 'NONE', *, *, #3389, .F. ) ;
#3255 = CALENDAR_DATE ( 2026, 27, 9 ) ;
#3256 = CARTESIAN_POINT ( 'NONE',  ( 38.88463462533560033, -5.188101187499997380, -1.320554750080271678 ) ) ;
#3257 = CARTESIAN_POINT ( 'NONE',  ( 44.13463462738398846, -4.828427124746188959, -2.828427124746190735 ) ) ;
#3258 = CARTESIAN_POINT ( 'NONE',  ( 2.254327968790171166, -8.031249997951617203, -2.254327968790116099 ) ) ;
#3259 = CARTESIAN_POINT ( 'NONE',  ( 1.320554750080263684, 6.687500002048380132, -3.188101187499973399 ) ) ;
#3260 = CARTESIAN_POINT ( 'NONE',  ( 3.188101187500019584, -5.218749997951614539, -3.904297914629718393E-16 ) ) ;
#3261 = CARTESIAN_POINT ( 'NONE',  ( 1.656854249492391462, 1.718750004096771367, -3.999999999999974243 ) ) ;
#3262 = CARTESIAN_POINT ( 'NONE',  ( 3.188101187499984945, 5.187500002048388126, 1.320554750080258577 ) ) ;
#3263 = CARTESIAN_POINT ( 'NONE',  ( 48.07213462533560744, -3.320554750080268569, -3.188101187500000488 ) ) ;
#3264 = ADVANCED_FACE ( 'NONE', ( #5100, #3509 ), #584, .F. ) ;
#3265 = DIRECTION ( 'NONE',  ( -3.430248998885765387E-15, 1.000000000000000000, 0.000000000000000000 ) ) ;
#3266 = CARTESIAN_POINT ( 'NONE',  ( 38.04088462328721221, -3.656854249492395681, -3.999999999999982681 ) ) ;
#3267 = ORIENTED_EDGE ( 'NONE', *, *, #1780, .F. ) ;
#3268 = CARTESIAN_POINT ( 'NONE',  ( 2.254327968790172498, -8.406249997951618980, -2.254327968790116099 ) ) ;
#3269 = CARTESIAN_POINT ( 'NONE',  ( 43.85338462328721221, -5.999999999999997335, -1.656854249492382580 ) ) ;
#3270 = CARTESIAN_POINT ( 'NONE',  ( 32.97838462328721221, -3.656854249492381914, 3.999999999999999112 ) ) ;
#3271 = CARTESIAN_POINT ( 'NONE',  ( -3.188101187499928546, -4.749999997951636743, 1.320554750080261019 ) ) ;
#3272 = CARTESIAN_POINT ( 'NONE',  ( -3.999999999999953371, 2.187500004096751827, 0.000000000000000000 ) ) ;
#3273 = AXIS2_PLACEMENT_3D ( 'NONE', #2051, #4482, #457 ) ;
#3274 = CARTESIAN_POINT ( 'NONE',  ( 1.656854249492401676, -0.5312500000000091038, 3.999999999999973355 ) ) ;
#3275 = CARTESIAN_POINT ( 'NONE',  ( 35.60338462533560744, -4.254327968790132530, -2.254327968790135195 ) ) ;
#3276 = CARTESIAN_POINT ( 'NONE',  ( 33.44713462533560744, 1.188101187500001599, -1.320554750080269679 ) ) ;
#3277 = CARTESIAN_POINT ( 'NONE',  ( 28.00963462533560033, -3.320554750080270345, 3.188101187499999156 ) ) ;
#3278 = ORIENTED_EDGE ( 'NONE', *, *, #5134, .T. ) ;
#3279 = CARTESIAN_POINT ( 'NONE',  ( 2.828427124746225818, -7.562500000000007105, -2.828427124746171639 ) ) ;
#3280 = CARTESIAN_POINT ( 'NONE',  ( 26.97838462533560033, 0.2543279687901370267, -2.254327968790134751 ) ) ;
#3281 = CARTESIAN_POINT ( 'NONE',  ( 35.13463462738398846, -4.828427124746188959, -2.828427124746190735 ) ) ;
#3282 = CARTESIAN_POINT ( 'NONE',  ( 2.254327968790142744, 0.5937500020483836849, 2.254327968790115655 ) ) ;
#3283 = CARTESIAN_POINT ( 'NONE',  ( 2.828427124746201393, -0.2499999959032252195, 2.828427124746171195 ) ) ;
#3284 = EDGE_LOOP ( 'NONE', ( #3954, #5995 ) ) ;
#3285 = CARTESIAN_POINT ( 'NONE',  ( -3.999999999996195932, -6.812500304914292926, -5.461170844240904663E-06 ) ) ;
#3286 = CYLINDRICAL_SURFACE ( 'NONE', #1602, 4.000000000000000000 ) ;
#3287 = EDGE_CURVE ( 'NONE', #4648, #255, #1962, .T. ) ;
#3288 = CARTESIAN_POINT ( 'NONE',  ( 32.60338462533560033, -4.254327968790133419, 2.254327968790133863 ) ) ;
#3289 = CARTESIAN_POINT ( 'NONE',  ( 29.79088462533560033, -1.999999999999997780, -3.188101187500000044 ) ) ;
#3290 = CARTESIAN_POINT ( 'NONE',  ( 46.85338462533560033, 0.2543279687901370267, 2.254327968790135195 ) ) ;
#3291 = CARTESIAN_POINT ( 'NONE',  ( 33.35338462533560033, 0.2543279687901370267, 2.254327968790135195 ) ) ;
#3292 = CARTESIAN_POINT ( 'NONE',  ( 39.35338462738398135, -5.999999999999997335, 1.656854249492381248 ) ) ;
#3293 = CARTESIAN_POINT ( 'NONE',  ( 38.79088462533560033, -1.999999999999997780, -3.188101187500000044 ) ) ;
#3294 = CARTESIAN_POINT ( 'NONE',  ( 36.25963462328721221, -5.999999999999998224, -7.347880794884119736E-16 ) ) ;
#3295 = ORIENTED_EDGE ( 'NONE', *, *, #4587, .F. ) ;
#3296 = CARTESIAN_POINT ( 'NONE',  ( 37.38463462328721221, -1.999999999999998224, 4.000000000000000000 ) ) ;
#3297 = ADVANCED_FACE ( 'NONE', ( #4025 ), #5762, .F. ) ;
#3298 = DIRECTION ( 'NONE',  ( 1.000000000000000000, 0.000000000000000000, 0.000000000000000000 ) ) ;
#3299 = CARTESIAN_POINT ( 'NONE',  ( 43.29088462533560744, -5.188101187499998268, -5.856446871944625661E-16 ) ) ;
#3300 = CARTESIAN_POINT ( 'NONE',  ( -3.999999999999986233, 7.999999999999972466, 0.000000000000000000 ) ) ;
#3301 = CARTESIAN_POINT ( 'NONE',  ( 38.50963462738398846, 0.8284271247461921783, -2.828427124746189847 ) ) ;
#3302 = CARTESIAN_POINT ( 'NONE',  ( 48.25963462533561454, 1.188101187500002043, 1.320554750080270123 ) ) ;
#3303 = CARTESIAN_POINT ( 'NONE',  ( -2.254327968790086789, -0.1562499979516325799, 2.254327968790116543 ) ) ;
#3304 = CARTESIAN_POINT ( 'NONE',  ( -2.254327968790061920, -7.656249997951634079, -2.254327968790116099 ) ) ;
#3305 = CARTESIAN_POINT ( 'NONE',  ( 46.66588462738398135, -3.656854249492368147, 4.000000000000012434 ) ) ;
#3306 = CARTESIAN_POINT ( 'NONE',  ( 2.254327968790127201, 5.093750002048384573, 2.254327968790115655 ) ) ;
#3307 = CARTESIAN_POINT ( 'NONE',  ( 49.10338462533560033, -4.254327968790133419, 2.254327968790133863 ) ) ;
#3308 = DIRECTION ( 'NONE',  ( 0.4999999999999960587, 0.000000000000000000, 0.8660254037844409281 ) ) ;
#3309 = CARTESIAN_POINT ( 'NONE',  ( 41.79088462328721221, -0.3431457505076178638, 4.000000000000000000 ) ) ;
#3310 = AXIS2_PLACEMENT_3D ( 'NONE', #5896, #1317, #1966 ) ;
#3311 = CARTESIAN_POINT ( 'NONE',  ( 2.254327968790162284, -5.406249997951618091, -2.254327968790116099 ) ) ;
#3312 = CYLINDRICAL_SURFACE ( 'NONE', #4876, 4.000000000000000000 ) ;
#3313 = CARTESIAN_POINT ( 'NONE',  ( 31.00963462328720865, 2.000000000000001776, 2.449293598294706414E-16 ) ) ;
#3314 = CARTESIAN_POINT ( 'NONE',  ( 2.254327968790149406, -1.281249997951616315, 2.254327968790115655 ) ) ;
#3315 = CARTESIAN_POINT ( 'NONE',  ( 2.828427124746180521, 5.750000004096775363, 2.828427124746171195 ) ) ;
#3316 = CARTESIAN_POINT ( 'NONE',  ( -2.828427124746155652, 3.500000004096755823, -2.828427124746171639 ) ) ;
#3317 = CARTESIAN_POINT ( 'NONE',  ( 46.38463462328720510, -1.999999999999998224, 4.000000000000000000 ) ) ;
#3318 = CARTESIAN_POINT ( 'NONE',  ( 32.88463462533560033, -5.188101187499997380, -1.320554750080271678 ) ) ;
#3319 = CARTESIAN_POINT ( 'NONE',  ( 30.82213462533560033, -0.6794452499197284334, 3.188101187500000044 ) ) ;
#3320 = CARTESIAN_POINT ( 'NONE',  ( 1.493362392715216003E-14, 4.062500004096765593, 3.999999999999974243 ) ) ;
#3321 = ORIENTED_EDGE ( 'NONE', *, *, #4736, .F. ) ;
#3322 = CARTESIAN_POINT ( 'NONE',  ( -3.999999999999936939, -2.500000000000030198, 0.000000000000000000 ) ) ;
#3323 = CARTESIAN_POINT ( 'NONE',  ( 28.47838462533559678, 0.2543279687901370267, -2.254327968790134751 ) ) ;
#3324 = CARTESIAN_POINT ( 'NONE',  ( 33.07213462738398135, -1.999999999999998224, 4.000000000000000000 ) ) ;
#3325 = CARTESIAN_POINT ( 'NONE',  ( -1.320554750080232376, 0.3125000020483713059, 3.188101187499972955 ) ) ;
#3326 = EDGE_CURVE ( 'NONE', #7332, #4615, #3358, .T. ) ;
#3327 = CARTESIAN_POINT ( 'NONE',  ( 4.000000000000014211, -3.156249995903221972, 1.656854249492369036 ) ) ;
#3328 = CARTESIAN_POINT ( 'NONE',  ( 39.91588462738398846, -0.3431457505076174197, -4.000000000000000000 ) ) ;
#3329 = CARTESIAN_POINT ( 'NONE',  ( 30.16588462533560033, -1.999999999999997780, -3.188101187500000044 ) ) ;
#3330 =( BOUNDED_CURVE ( )  B_SPLINE_CURVE ( 2, ( #4043, #5122, #5162, #6843, #1662, #2299, #1742, #49, #3581 ),
 .UNSPECIFIED., .F., .F. ) 
 B_SPLINE_CURVE_WITH_KNOTS ( ( 3, 2, 2, 2, 3 ),
 ( 0.5000000000000001110, 0.5078125000000001110, 0.5156250000000001110, 0.5234375000000001110, 0.5312500000000001110 ),
 .UNSPECIFIED. ) 
 CURVE ( )  GEOMETRIC_REPRESENTATION_ITEM ( )  RATIONAL_B_SPLINE_CURVE ( ( 0.9999999999999988898, 0.9238795325112878487, 1.000000000000000000, 0.9238795325112867385, 1.000000000000000000, 0.9238795325112867385, 1.000000000000000000, 0.9238795325112856283, 1.000000000000001110 ) ) 
 REPRESENTATION_ITEM ( '' )  );
#3331 = CARTESIAN_POINT ( 'NONE',  ( 27.63463462533559678, -3.320554750080270345, 3.188101187499999156 ) ) ;
#3332 = CARTESIAN_POINT ( 'NONE',  ( 48.54088462533560033, -1.999999999999998224, 3.188101187500000488 ) ) ;
#3333 = CARTESIAN_POINT ( 'NONE',  ( 34.47838462533560033, 0.2543279687901370267, -2.254327968790134751 ) ) ;
#3334 = CARTESIAN_POINT ( 'NONE',  ( 4.289663242998592140E-14, -4.375000000000015987, -3.999999999999974243 ) ) ;
#3335 = CARTESIAN_POINT ( 'NONE',  ( 38.13463462533560033, -3.320554750080270345, 3.188101187499999156 ) ) ;
#3336 = CARTESIAN_POINT ( 'NONE',  ( 35.22838462328720510, -0.3431457505076173642, -4.000000000000000000 ) ) ;
#3337 = EDGE_LOOP ( 'NONE', ( #3774, #2981, #2001, #3443, #629 ) ) ;
#3338 = CARTESIAN_POINT ( 'NONE',  ( 1.656854249492397679, 0.03124999999998961941, -3.999999999999974243 ) ) ;
#3339 = CARTESIAN_POINT ( 'NONE',  ( 0.000000000000000000, 0.000000000000000000, 0.000000000000000000 ) ) ;
#3340 = CARTESIAN_POINT ( 'NONE',  ( 43.10338462533560744, -4.254327968790133419, 2.254327968790133863 ) ) ;
#3341 = CARTESIAN_POINT ( 'NONE',  ( 37.66588462738399556, -3.656854249492381914, 3.999999999999999112 ) ) ;
#3342 = CYLINDRICAL_SURFACE ( 'NONE', #4929, 8.000000000000008882 ) ;
#3343 = CARTESIAN_POINT ( 'NONE',  ( -3.188101187499933431, -3.437499997951637187, -1.320554750080259021 ) ) ;
#3344 = FACE_OUTER_BOUND ( 'NONE', #5542, .T. ) ;
#3345 = DIRECTION ( 'NONE',  ( 0.000000000000000000, 0.000000000000000000, 1.000000000000000000 ) ) ;
#3346 = CARTESIAN_POINT ( 'NONE',  ( 2.254327968790135195, 2.468750002048383685, -2.254327968790116099 ) ) ;
#3347 = CYLINDRICAL_SURFACE ( 'NONE', #1131, 3.999999999999974243 ) ;
#3348 = LOCAL_TIME ( 2, 47, 55.00000000000000000, #6471 ) ;
#3349 = AXIS2_PLACEMENT_3D ( 'NONE', #4682, #25, #2843 ) ;
#3350 = DIRECTION ( 'NONE',  ( -1.000000000000000000, -0.000000000000000000, -0.000000000000000000 ) ) ;
#3351 = CARTESIAN_POINT ( 'NONE',  ( 3.188101187500015588, -3.999999997951613651, -1.320554750080259021 ) ) ;
#3352 = CARTESIAN_POINT ( 'NONE',  ( 41.97838462738399556, -0.3431457505076269676, 4.000000000000009770 ) ) ;
#3353 = DIRECTION ( 'NONE',  ( -1.000000000000000000, -3.469446951953636671E-15, 0.000000000000000000 ) ) ;
#3354 = CARTESIAN_POINT ( 'NONE',  ( 2.522437092380946368E-14, 1.062500004096765593, 3.999999999999974243 ) ) ;
#3355 = CARTESIAN_POINT ( 'NONE',  ( 44.88463462738398135, 0.8284271247461921783, 2.828427124746190291 ) ) ;
#3356 = APPROVAL ( #6298, 'UNSPECIFIED' ) ;
#3357 = CARTESIAN_POINT ( 'NONE',  ( 35.88463462533560744, -5.188101187499997380, -1.320554750080271678 ) ) ;
#3358 = LINE ( 'NONE', #5625, #4161 ) ;
#3359 = CARTESIAN_POINT ( 'NONE',  ( 27.72838462328720865, -0.3431457505076173642, -4.000000000000000000 ) ) ;
#3360 = ORIENTED_EDGE ( 'NONE', *, *, #6795, .T. ) ;
#3361 = CARTESIAN_POINT ( 'NONE',  ( 2.828427124746212051, -3.437500000000004885, 2.828427124746171195 ) ) ;
#3362 = CARTESIAN_POINT ( 'NONE',  ( 27.63463462533559678, -3.320554750080270345, 3.188101187499999156 ) ) ;
#3363 = CARTESIAN_POINT ( 'NONE',  ( 25.57213462738398491, -1.999999999999998224, 4.000000000000000000 ) ) ;
#3364 = CARTESIAN_POINT ( 'NONE',  ( 2.254327968790148073, -0.9062499979516158710, 2.254327968790115655 ) ) ;
#3365 = CARTESIAN_POINT ( 'NONE',  ( -1.320554750080216833, -4.187499997951629638, 3.188101187499973399 ) ) ;
#3366 = CARTESIAN_POINT ( 'NONE',  ( -2.828427124746140553, -0.6249999959032446206, 2.828427124746172083 ) ) ;
#3367 = CARTESIAN_POINT ( 'NONE',  ( 31.19713462533560389, -5.188101187499998268, 1.320554750080270345 ) ) ;
#3368 = CARTESIAN_POINT ( 'NONE',  ( 28.10338462533560033, -4.254327968790132530, -2.254327968790135195 ) ) ;
#3369 = EDGE_CURVE ( 'NONE', #1797, #622, #2941, .T. ) ;
#3370 = CARTESIAN_POINT ( 'NONE',  ( 43.85338462533560744, 0.2543279687901370267, 2.254327968790135195 ) ) ;
#3371 = CARTESIAN_POINT ( 'NONE',  ( 32.79088462533560033, -1.999999999999997780, -3.188101187500000488 ) ) ;
#3372 = DIRECTION ( 'NONE',  ( -1.000000000000000000, -0.000000000000000000, -0.000000000000000000 ) ) ;
#3373 = APPLICATION_CONTEXT ( 'configuration controlled 3d designs of mechanical parts and assemblies' ) ;
#3374 = CARTESIAN_POINT ( 'NONE',  ( 37.19713462533560033, -3.320554750080268569, -3.188101187500000488 ) ) ;
#3375 = EDGE_LOOP ( 'NONE', ( #13, #699, #41, #5861 ) ) ;
#3376 = CARTESIAN_POINT ( 'NONE',  ( 3.999999999999855227, -4.562514301694934993, 7.923783292245884356E-07 ) ) ;
#3377 = APPROVAL_ROLE ( '' ) ;
#3378 = ADVANCED_FACE ( 'NONE', ( #1892 ), #3569, .T. ) ;
#3379 = CARTESIAN_POINT ( 'NONE',  ( 41.79088462533560033, -5.188101187499998268, -5.856446871944625661E-16 ) ) ;
#3380 = CARTESIAN_POINT ( 'NONE',  ( 41.60338462738398135, 2.000000000000001776, -1.656854249492380360 ) ) ;
#3381 = CARTESIAN_POINT ( 'NONE',  ( 48.16588462533560033, 1.188101187500002043, 1.952148957314875467E-16 ) ) ;
#3382 = CARTESIAN_POINT ( 'NONE',  ( 3.188101187499995604, 1.812500002048386794, 1.320554750080258577 ) ) ;
#3383 = AXIS2_PLACEMENT_3D ( 'NONE', #1015, #4962, #3298 ) ;
#3384 = CARTESIAN_POINT ( 'NONE',  ( 44.88463462328721221, -1.999999999999998224, 4.000000000000000000 ) ) ;
#3385 = CARTESIAN_POINT ( 'NONE',  ( 1.043142213016756886E-14, 5.374999999999985789, 3.999999999999974243 ) ) ;
#3386 = CARTESIAN_POINT ( 'NONE',  ( -2.254327968790108994, 6.218750002048368586, 2.254327968790116543 ) ) ;
#3387 = CARTESIAN_POINT ( 'NONE',  ( 49.85338462328721221, -5.999999999999997335, -1.656854249492382580 ) ) ;
#3388 = CARTESIAN_POINT ( 'NONE',  ( 49.75963462533561454, -0.6794452499197283224, -3.188101187499999600 ) ) ;
#3389 = EDGE_CURVE ( 'NONE', #622, #4960, #3691, .T. ) ;
#3390 = CARTESIAN_POINT ( 'NONE',  ( 12.61363287453542625, -1.475816543148845250, 8.000000000000051514 ) ) ;
#3391 = CARTESIAN_POINT ( 'NONE',  ( 36.72838462738398846, -3.656854249492395681, -3.999999999999982681 ) ) ;
#3392 = ORIENTED_EDGE ( 'NONE', *, *, #3326, .T. ) ;
#3393 = CARTESIAN_POINT ( 'NONE',  ( 1.320554750080267459, 5.562500002048380132, -3.188101187499973843 ) ) ;
#3394 = CARTESIAN_POINT ( 'NONE',  ( 43.38463462328721221, -1.999999999999998224, 4.000000000000000000 ) ) ;
#3395 = CARTESIAN_POINT ( 'NONE',  ( 5.433953931028620620E-14, -7.468749997951626085, 3.188101187499973399 ) ) ;
#3396 = CARTESIAN_POINT ( 'NONE',  ( -1.656854249492340836, -0.5312499959032410679, 3.999999999999972911 ) ) ;
#3397 = CARTESIAN_POINT ( 'NONE',  ( 50.88463462328721221, -1.999999999999997780, -4.000000000000000000 ) ) ;
#3398 = CARTESIAN_POINT ( 'NONE',  ( 47.88463462328721221, -1.999999999999998224, 4.000000000000000000 ) ) ;
#3399 = CARTESIAN_POINT ( 'NONE',  ( 30.16588462533560033, -1.999999999999997780, -3.188101187500000044 ) ) ;
#3400 = CARTESIAN_POINT ( 'NONE',  ( -2.828427124746145882, 0.8750000040967558235, 2.828427124746172083 ) ) ;
#3401 = CARTESIAN_POINT ( 'NONE',  ( 3.999999999999987121, 4.437500004096779804, -4.898587196589381274E-16 ) ) ;
#3402 = ORIENTED_EDGE ( 'NONE', *, *, #3192, .F. ) ;
#3403 = CARTESIAN_POINT ( 'NONE',  ( 3.615828962181082327E-14, -2.125000000000015987, 3.999999999999974243 ) ) ;
#3404 = CARTESIAN_POINT ( 'NONE',  ( 26.79088462533560033, -1.999999999999997780, -3.188101187500000488 ) ) ;
#3405 = CARTESIAN_POINT ( 'NONE',  ( 27.82213462738398846, -1.999999999999997780, -4.000000000000000000 ) ) ;
#3406 = CARTESIAN_POINT ( 'NONE',  ( -3.188101187499944977, 0.1250000020483642005, 1.320554750080261019 ) ) ;
#3407 = CARTESIAN_POINT ( 'NONE',  ( -1.320554750080219497, -3.249999997951630082, -3.188101187499973843 ) ) ;
#3408 = CIRCLE ( 'NONE', #406, 11.18033988749889041 ) ;
#3409 = CARTESIAN_POINT ( 'NONE',  ( 2.828427124746221821, -6.249999995903227301, 2.828427124746171195 ) ) ;
#3410 = AXIS2_PLACEMENT_3D ( 'NONE', #5949, #7075, #1981 ) ;
#3411 = CARTESIAN_POINT ( 'NONE',  ( 50.88463462328721221, -1.999999999999998224, 4.000000000000000000 ) ) ;
#3412 = CARTESIAN_POINT ( 'NONE',  ( 31.38463462533559678, -5.188101187499997380, -1.320554750080271678 ) ) ;
#3413 = CARTESIAN_POINT ( 'NONE',  ( 26.22838462533560033, -4.254327968790133419, 2.254327968790133863 ) ) ;
#3414 = CARTESIAN_POINT ( 'NONE',  ( 45.82213462533560033, -5.188101187499998268, 1.320554750080270567 ) ) ;
#3415 = CARTESIAN_POINT ( 'NONE',  ( 39.07213462738398846, -1.999999999999998224, 4.000000000000000000 ) ) ;
#3416 = CARTESIAN_POINT ( 'NONE',  ( -1.656854249492348163, 1.906250004096759154, -3.999999999999974243 ) ) ;
#3417 = CARTESIAN_POINT ( 'NONE',  ( 40.19713462533560033, -3.320554750080268569, -3.188101187500000488 ) ) ;
#3418 = ORIENTED_EDGE ( 'NONE', *, *, #288, .F. ) ;
#3419 = CARTESIAN_POINT ( 'NONE',  ( -3.999999999999913403, -3.812500017855602330, -3.879670016734493466E-07 ) ) ;
#3420 = PERSON_AND_ORGANIZATION_ROLE ( 'design_owner' ) ;
#3421 = CARTESIAN_POINT ( 'NONE',  ( 38.22838462533560033, 0.2543279687901365826, 2.254327968790134751 ) ) ;
#3422 = CARTESIAN_POINT ( 'NONE',  ( 40.75963462738398846, -4.828427124746188959, 2.828427124746189403 ) ) ;
#3423 = CARTESIAN_POINT ( 'NONE',  ( 48.91588462533560033, -5.188101187499998268, -5.856446871944625661E-16 ) ) ;
#3424 = CARTESIAN_POINT ( 'NONE',  ( -2.254327968790081460, -1.656249997951632080, 2.254327968790116543 ) ) ;
#3425 = DIRECTION ( 'NONE',  ( -1.000000000000000000, -0.000000000000000000, -0.000000000000000000 ) ) ;
#3426 = CARTESIAN_POINT ( 'NONE',  ( 50.88463462328721221, -1.999999999999998224, 0.000000000000000000 ) ) ;
#3427 = CARTESIAN_POINT ( 'NONE',  ( 1.882740861364186614E-14, 2.656250002048376135, -3.188101187499973399 ) ) ;
#3428 = CARTESIAN_POINT ( 'NONE',  ( 27.44713462533560033, 1.188101187500001599, -1.320554750080269679 ) ) ;
#3429 = EDGE_CURVE ( 'NONE', #936, #2524, #4190, .T. ) ;
#3430 = CARTESIAN_POINT ( 'NONE',  ( 46.66588462533560033, -1.999999999999997780, -3.188101187500000044 ) ) ;
#3431 = CARTESIAN_POINT ( 'NONE',  ( 13.74030315444185568, 5.948925005697436319, 1.047473166426239777 ) ) ;
#3432 = CYLINDRICAL_SURFACE ( 'NONE', #681, 3.999999999999974243 ) ;
#3433 = VERTEX_POINT ( 'NONE', #6347 ) ;
#3434 = CARTESIAN_POINT ( 'NONE',  ( -2.254327968790098335, 3.218750002048368586, 2.254327968790116543 ) ) ;
#3435 =( LENGTH_UNIT ( ) NAMED_UNIT ( * ) SI_UNIT ( .MILLI., .METRE. ) );
#3436 = ADVANCED_FACE ( 'NONE', ( #3077 ), #5239, .T. ) ;
#3437 = CARTESIAN_POINT ( 'NONE',  ( 3.188101187500031131, -8.593749997951615427, -3.904297914629718393E-16 ) ) ;
#3438 = CARTESIAN_POINT ( 'NONE',  ( -3.999999999999942712, -0.9062499959032491725, -1.656854249492369702 ) ) ;
#3439 = FACE_OUTER_BOUND ( 'NONE', #1864, .T. ) ;
#3440 = CARTESIAN_POINT ( 'NONE',  ( 27.16588462533560033, -1.999999999999997780, -3.188101187500000044 ) ) ;
#3441 = CARTESIAN_POINT ( 'NONE',  ( 38.60338462328721221, 2.000000000000001776, 1.656854249492380804 ) ) ;
#3442 = CARTESIAN_POINT ( 'NONE',  ( 1.656854249492385689, 4.156250004096771811, 3.999999999999972911 ) ) ;
#3443 = ORIENTED_EDGE ( 'NONE', *, *, #3287, .F. ) ;
#3444 = CARTESIAN_POINT ( 'NONE',  ( 3.260588543332861775E-14, -1.375000000000015099, -3.999999999999974243 ) ) ;
#3445 = CARTESIAN_POINT ( 'NONE',  ( -3.188101187499959188, 4.250000002048365033, 1.320554750080261019 ) ) ;
#3446 = CARTESIAN_POINT ( 'NONE',  ( 28.29088462328720865, -0.3431457505076178638, 4.000000000000000000 ) ) ;
#3447 = CARTESIAN_POINT ( 'NONE',  ( 3.188101187500008482, -2.124999997951613651, -1.320554750080259243 ) ) ;
#3448 = CARTESIAN_POINT ( 'NONE',  ( 3.188101187500019584, -5.218749997951614539, -3.904297914629718393E-16 ) ) ;
#3449 = EDGE_CURVE ( 'NONE', #6870, #2641, #2360, .T. ) ;
#3450 = CARTESIAN_POINT ( 'NONE',  ( -3.999999999999916955, -8.218749995903250394, 1.656854249492372588 ) ) ;
#3451 = CARTESIAN_POINT ( 'NONE',  ( 33.91588462533559323, -1.999999999999998224, 3.188101187500000044 ) ) ;
#3452 = CARTESIAN_POINT ( 'NONE',  ( 46.00963462533560033, -3.320554750080270345, 3.188101187499999156 ) ) ;
#3453 = CARTESIAN_POINT ( 'NONE',  ( 37.47838462533560033, 0.2543279687901370267, -2.254327968790134751 ) ) ;
#3454 = CARTESIAN_POINT ( 'NONE',  ( 4.000000000000023093, -6.250000000000001776, -4.898587196589381274E-16 ) ) ;
#3455 = FACE_OUTER_BOUND ( 'NONE', #1341, .T. ) ;
#3456 = CARTESIAN_POINT ( 'NONE',  ( 31.85338462328721221, -5.999999999999997335, -1.656854249492382580 ) ) ;
#3457 = PERSON_AND_ORGANIZATION ( #6710, #6828 ) ;
#3458 = AXIS2_PLACEMENT_3D ( 'NONE', #5725, #2905, #5168 ) ;
#3459 = CARTESIAN_POINT ( 'NONE',  ( 36.16588462533560033, -1.999999999999997780, -3.188101187500000044 ) ) ;
#3460 = CARTESIAN_POINT ( 'NONE',  ( 40.85338462738398135, -5.999999999999997335, 1.656854249492381248 ) ) ;
#3461 = CARTESIAN_POINT ( 'NONE',  ( 49.38463462533560744, -0.6794452499197279893, -3.188101187500000488 ) ) ;
#3462 = CARTESIAN_POINT ( 'NONE',  ( 3.890341881530024757E-14, -2.968749997951625641, 3.188101187499973399 ) ) ;
#3463 = CARTESIAN_POINT ( 'NONE',  ( 48.91588462738398135, -0.3431457505076208059, -4.000000000000003553 ) ) ;
#3464 = CARTESIAN_POINT ( 'NONE',  ( 30.54088462328720865, -3.656854249492378806, -4.000000000000000888 ) ) ;
#3465 = CARTESIAN_POINT ( 'NONE',  ( 1.320554750080287221, 0.5000000020483801322, 3.188101187499972955 ) ) ;
#3466 = CARTESIAN_POINT ( 'NONE',  ( 26.41588462533560033, -1.999999999999998224, 3.188101187500000044 ) ) ;
#3467 = CARTESIAN_POINT ( 'NONE',  ( 42.72838462533560744, 0.2543279687901365826, 2.254327968790134751 ) ) ;
#3468 = CARTESIAN_POINT ( 'NONE',  ( 2.828427124746179189, 5.937499999999996447, -2.828427124746171639 ) ) ;
#3469 = CYLINDRICAL_SURFACE ( 'NONE', #3458, 3.999999999999974243 ) ;
#3470 = CARTESIAN_POINT ( 'NONE',  ( 2.254327968790121872, 6.593750002048384573, 2.254327968790115655 ) ) ;
#3471 =( BOUNDED_CURVE ( )  B_SPLINE_CURVE ( 2, ( #613, #3391, #6238, #1144, #1782, #577, #5130, #2306, #4568 ),
 .UNSPECIFIED., .F., .T. ) 
 B_SPLINE_CURVE_WITH_KNOTS ( ( 3, 2, 2, 2, 3 ),
 ( 0.5312500000000001110, 0.5390625000000001110, 0.5468750000000001110, 0.5546875000000001110, 0.5625000000000001110 ),
 .UNSPECIFIED. ) 
 CURVE ( )  GEOMETRIC_REPRESENTATION_ITEM ( )  RATIONAL_B_SPLINE_CURVE ( ( 0.9999999999999988898, 0.9238795325112878487, 1.000000000000000000, 0.9238795325112867385, 1.000000000000000000, 0.9238795325112867385, 1.000000000000000000, 0.9238795325112856283, 1.000000000000001110 ) ) 
 REPRESENTATION_ITEM ( '' )  );
#3472 = CARTESIAN_POINT ( 'NONE',  ( 27.63463462328720865, -1.999999999999997780, -4.000000000000000000 ) ) ;
#3473 = CARTESIAN_POINT ( 'NONE',  ( 3.551511792046676418E-14, -1.937499995903234629, 3.999999999999974243 ) ) ;
#3474 = CARTESIAN_POINT ( 'NONE',  ( 44.41588462738398846, -0.3431457505075949377, -3.999999999999978240 ) ) ;
#3475 = APPLICATION_CONTEXT ( 'configuration controlled 3d designs of mechanical parts and assemblies' ) ;
#3476 = VECTOR ( 'NONE', #1116, 1000.000000000000000 ) ;
#3477 = CARTESIAN_POINT ( 'NONE',  ( 49.38463462738398846, 0.8284271247461921783, 2.828427124746190291 ) ) ;
#3478 = CARTESIAN_POINT ( 'NONE',  ( -3.999999999999947153, 0.4999999999999709677, 0.000000000000000000 ) ) ;
#3479 = VERTEX_POINT ( 'NONE', #4748 ) ;
#3480 = CARTESIAN_POINT ( 'NONE',  ( 3.188101187499989386, 3.500000002048387238, -1.320554750080259021 ) ) ;
#3481 = CARTESIAN_POINT ( 'NONE',  ( -1.320554750080214612, -4.749999997951628750, -3.188101187499973399 ) ) ;
#3482 = CARTESIAN_POINT ( 'NONE',  ( 4.790782243737539221E-14, -5.593749997951626085, 3.188101187499973399 ) ) ;
#3483 = CARTESIAN_POINT ( 'NONE',  ( 2.828427124746229815, -8.874999995903227301, -2.828427124746171639 ) ) ;
#3484 = VERTEX_POINT ( 'NONE', #128 ) ;
#3485 = CARTESIAN_POINT ( 'NONE',  ( 46.66588462533560033, -1.999999999999997780, -3.188101187500000044 ) ) ;
#3486 = CARTESIAN_POINT ( 'NONE',  ( 40.00963462533560744, -5.188101187499998268, -1.320554750080271900 ) ) ;
#3487 = CARTESIAN_POINT ( 'NONE',  ( 48.35338462738398846, -5.999999999999997335, 1.656854249492381248 ) ) ;
#3488 = CIRCLE ( 'NONE', #6427, 4.000000000000000888 ) ;
#3489 = DIRECTION ( 'NONE',  ( 1.000000000000000000, 3.430248998885765781E-15, 0.000000000000000000 ) ) ;
#3490 = CARTESIAN_POINT ( 'NONE',  ( 0.000000000000000000, 8.201801801801801517, 0.000000000000000000 ) ) ;
#3491 = PERSON_AND_ORGANIZATION ( #6710, #6828 ) ;
#3492 = CARTESIAN_POINT ( 'NONE',  ( 32.13463462533560033, 1.188101187500001599, 1.320554750080270123 ) ) ;
#3493 = CARTESIAN_POINT ( 'NONE',  ( 31.94713462738398846, -5.999999999999998224, -7.347880794884119736E-16 ) ) ;
#3494 = CARTESIAN_POINT ( 'NONE',  ( 44.88463462533560033, -0.6794452499197279893, -3.188101187500000488 ) ) ;
#3495 = CARTESIAN_POINT ( 'NONE',  ( 1.320554750080300099, -3.812499997951619868, -3.188101187499973399 ) ) ;
#3496 = CARTESIAN_POINT ( 'NONE',  ( 50.88463462328721221, -1.999999999999997780, -4.000000000000000000 ) ) ;
#3497 = CARTESIAN_POINT ( 'NONE',  ( -3.188101187499940092, -1.562499997951635633, -1.320554750080258799 ) ) ;
#3498 = CARTESIAN_POINT ( 'NONE',  ( 47.88463462328721221, -1.999999999999998224, 4.000000000000000000 ) ) ;
#3499 =( BOUNDED_CURVE ( )  B_SPLINE_CURVE ( 2, ( #6128, #1031, #3316, #3158, #5423, #5136, #19, #6207, #1114, #2272, #4497 ),
 .UNSPECIFIED., .F., .T. ) 
 B_SPLINE_CURVE_WITH_KNOTS ( ( 3, 2, 2, 2, 2, 3 ),
 ( 0.1874958153693992713, 0.1992142862448578466, 0.2109327736710258916, 0.2226512610971939365, 0.2343697485233619537, 0.2343698298262595348 ),
 .UNSPECIFIED. ) 
 CURVE ( )  GEOMETRIC_REPRESENTATION_ITEM ( )  RATIONAL_B_SPLINE_CURVE ( ( 1.000000000000000000, 0.9238795325112867385, 1.000000000000000000, 0.9238795325112867385, 1.000000000000000000, 0.9238795325112867385, 1.000000000000000000, 0.9238795325112867385, 1.000000000000000000, 0.9999994718759899204, 0.9999989437593080899 ) ) 
 REPRESENTATION_ITEM ( '' )  );
#3500 = CARTESIAN_POINT ( 'NONE',  ( 1.594018127753540126, -8.718027809272461681, 2.760995361443648211 ) ) ;
#3501 = CARTESIAN_POINT ( 'NONE',  ( 0.000000000000000000, 8.201801801801801517, 0.000000000000000000 ) ) ;
#3502 = CARTESIAN_POINT ( 'NONE',  ( -3.188101187499954747, 3.125000002048365477, 1.320554750080261019 ) ) ;
#3503 = APPROVAL_PERSON_ORGANIZATION ( #2178, #2263, #2739 ) ;
#3504 = DIRECTION ( 'NONE',  ( -1.000000000000000000, -0.000000000000000000, -0.000000000000000000 ) ) ;
#3505 = EDGE_CURVE ( 'NONE', #6890, #864, #7010, .T. ) ;
#3506 = CARTESIAN_POINT ( 'NONE',  ( 2.828427124746204502, -1.374999995903226191, -2.828427124746171639 ) ) ;
#3507 = CARTESIAN_POINT ( 'NONE',  ( 36.07213462328720510, -4.828427124746188959, 2.828427124746189403 ) ) ;
#3508 = CARTESIAN_POINT ( 'NONE',  ( 27.25963462533560033, -0.6794452499197283224, -3.188101187499999600 ) ) ;
#3509 = FACE_OUTER_BOUND ( 'NONE', #1500, .T. ) ;
#3510 = EDGE_LOOP ( 'NONE', ( #2986, #3360, #4847, #129 ) ) ;
#3511 = CARTESIAN_POINT ( 'NONE',  ( 2.254327968790126313, 5.093750002048383685, -2.254327968790116099 ) ) ;
#3512 = CARTESIAN_POINT ( 'NONE',  ( 3.188101187500008926, -2.218749997951613651, -3.904297914629718393E-16 ) ) ;
#3513 = CARTESIAN_POINT ( 'NONE',  ( -1.320554750080209283, -6.249999997951630526, -3.188101187499973843 ) ) ;
#3514 = CARTESIAN_POINT ( 'NONE',  ( -2.828427124746120125, -6.624999995903245065, 2.828427124746172083 ) ) ;
#3515 = ADVANCED_FACE ( 'NONE', ( #3008 ), #3641, .T. ) ;
#3516 = ORIENTED_EDGE ( 'NONE', *, *, #2732, .F. ) ;
#3517 = CARTESIAN_POINT ( 'NONE',  ( 45.35338462533560033, 0.2543279687901365826, -2.254327968790134307 ) ) ;
#3518 = CARTESIAN_POINT ( 'NONE',  ( 41.69713462533560033, -3.320554750080268569, -3.188101187500000933 ) ) ;
#3519 = CARTESIAN_POINT ( 'NONE',  ( 3.999999999999809042, -6.062483551048885921, -9.129590110656493444E-07 ) ) ;
#3520 = EDGE_CURVE ( 'NONE', #2659, #5426, #2947, .T. ) ;
#3521 = CARTESIAN_POINT ( 'NONE',  ( 40.19713462328721221, 0.8284271247461921783, 2.828427124746190291 ) ) ;
#3522 = COORDINATED_UNIVERSAL_TIME_OFFSET ( 8, 0, .AHEAD. ) ;
#3523 = CARTESIAN_POINT ( 'NONE',  ( 34.47838462533560033, -4.254327968790132530, -2.254327968790135195 ) ) ;
#3524 = CARTESIAN_POINT ( 'NONE',  ( 35.97838462738398135, -0.3431457505076178638, 4.000000000000000000 ) ) ;
#3525 = CARTESIAN_POINT ( 'NONE',  ( 42.82213462533560033, -5.188101187499998268, 1.320554750080270789 ) ) ;
#3526 = CARTESIAN_POINT ( 'NONE',  ( 1.320554750080309203, -5.874999997951621644, 3.188101187499972955 ) ) ;
#3527 = CARTESIAN_POINT ( 'NONE',  ( -2.828427124746135224, -2.124999995903244177, 2.828427124746172083 ) ) ;
#3528 = CARTESIAN_POINT ( 'NONE',  ( 2.254327968790142744, 0.5937500020483836849, 2.254327968790115655 ) ) ;
#3529 = CARTESIAN_POINT ( 'NONE',  ( 44.79088462328720510, -0.3431457505076178638, 4.000000000000000000 ) ) ;
#3530 = ORIENTED_EDGE ( 'NONE', *, *, #5281, .F. ) ;
#3531 = FACE_OUTER_BOUND ( 'NONE', #807, .T. ) ;
#3532 = PRODUCT_DEFINITION_SHAPE ( 'NONE', 'NONE',  #1848 ) ;
#3533 = CARTESIAN_POINT ( 'NONE',  ( -3.999999999999957367, 3.593749999999972022, 1.656854249492372588 ) ) ;
#3534 = CARTESIAN_POINT ( 'NONE',  ( 41.22838462328720510, -0.3431457505076174197, -4.000000000000000000 ) ) ;
#3535 = CARTESIAN_POINT ( 'NONE',  ( 3.188101187499979616, 6.687500002048388126, 1.320554750080258577 ) ) ;
#3536 = CARTESIAN_POINT ( 'NONE',  ( 2.828427124746189403, 2.937499999999995559, -2.828427124746171639 ) ) ;
#3537 = CARTESIAN_POINT ( 'NONE',  ( 1.656854249492421660, -6.343749995903231742, 3.999999999999972911 ) ) ;
#3538 = CARTESIAN_POINT ( 'NONE',  ( 3.999999999999974243, 8.201801801801815728, 4.898587196589381274E-16 ) ) ;
#3539 = CARTESIAN_POINT ( 'NONE',  ( 48.91588462738398846, -0.3431457505076173642, -4.000000000000000000 ) ) ;
#3540 = CARTESIAN_POINT ( 'NONE',  ( 4.000000000000019540, -4.656249995903221084, 1.656854249492369036 ) ) ;
#3541 = ORIENTED_EDGE ( 'NONE', *, *, #3636, .F. ) ;
#3542 = CARTESIAN_POINT ( 'NONE',  ( -3.999999999999986233, 7.999999999999972466, 0.000000000000000000 ) ) ;
#3543 = CARTESIAN_POINT ( 'NONE',  ( 2.254327968790152958, -2.406249997951617203, 2.254327968790115655 ) ) ;
#3544 = CARTESIAN_POINT ( 'NONE',  ( 45.44713462738398846, -5.999999999999998224, -7.347880794884119736E-16 ) ) ;
#3545 = CARTESIAN_POINT ( 'NONE',  ( 1.656854249492417219, -5.781249995903230854, -3.999999999999974243 ) ) ;
#3546 = VERTEX_POINT ( 'NONE', #2444 ) ;
#3547 = CARTESIAN_POINT ( 'NONE',  ( 44.69713462533560744, -5.188101187499998268, 1.320554750080270345 ) ) ;
#3548 = CARTESIAN_POINT ( 'NONE',  ( 38.41588462533560033, -5.188101187499998268, -5.856446871944625661E-16 ) ) ;
#3549 = DIRECTION ( 'NONE',  ( -3.430248998885766570E-15, 1.000000000000000000, -0.000000000000000000 ) ) ;
#3550 = CARTESIAN_POINT ( 'NONE',  ( 4.000000000000003553, -0.2500000000000019429, -4.898587196589381274E-16 ) ) ;
#3551 = DATE_AND_TIME ( #1736, #5501 ) ;
#3552 = CARTESIAN_POINT ( 'NONE',  ( 35.04088462533560033, 1.188101187500001599, 1.952148957314875220E-16 ) ) ;
#3553 = CARTESIAN_POINT ( 'NONE',  ( 34.75963462738398846, -4.828427124746188959, 2.828427124746189403 ) ) ;
#3554 = CARTESIAN_POINT ( 'NONE',  ( 40.94713462533560033, -0.6794452499197284334, 3.188101187500000488 ) ) ;
#3555 = CARTESIAN_POINT ( 'NONE',  ( -2.254327968790071246, -5.031249997951633190, -2.254327968790116099 ) ) ;
#3556 = CARTESIAN_POINT ( 'NONE',  ( 40.38463462328721221, -1.999999999999998224, 4.000000000000000000 ) ) ;
#3557 = CARTESIAN_POINT ( 'NONE',  ( 47.97838462328721931, -3.656854249492381914, 3.999999999999999112 ) ) ;
#3558 = ORIENTED_EDGE ( 'NONE', *, *, #759, .F. ) ;
#3559 = CARTESIAN_POINT ( 'NONE',  ( 4.000000000000008882, -1.750000000000001554, -4.898587196589381274E-16 ) ) ;
#3560 = CARTESIAN_POINT ( 'NONE',  ( -3.999999999999947153, 0.5937499999999711342, 1.656854249492372588 ) ) ;
#3561 = CARTESIAN_POINT ( 'NONE',  ( -3.999999999985103916, 0.6874993874828596585, -1.089746060588017437E-05 ) ) ;
#3562 = EDGE_CURVE ( 'NONE', #2450, #1229, #6454, .T. ) ;
#3563 = CARTESIAN_POINT ( 'NONE',  ( -3.188101187499945421, -0.06249999795163597299, -1.320554750080258799 ) ) ;
#3564 = CARTESIAN_POINT ( 'NONE',  ( 38.41588462738398846, -0.3431457505076264680, -4.000000000000009770 ) ) ;
#3565 = CARTESIAN_POINT ( 'NONE',  ( -1.656854249492368147, 7.718749999999980460, -3.999999999999974243 ) ) ;
#3566 = CARTESIAN_POINT ( 'NONE',  ( -3.999999999999916955, -8.218749995903250394, 1.656854249492372588 ) ) ;
#3567 = CARTESIAN_POINT ( 'NONE',  ( 1.656854249492386577, 3.968749999999990674, 3.999999999999973355 ) ) ;
#3568 = CARTESIAN_POINT ( 'NONE',  ( 44.69713462738398846, 2.000000000000001776, 2.449293598294706414E-16 ) ) ;
#3569 = CYLINDRICAL_SURFACE ( 'NONE', #4611, 4.000000000000000000 ) ;
#3570 = ORIENTED_EDGE ( 'NONE', *, *, #3052, .F. ) ;
#3571 = CARTESIAN_POINT ( 'NONE',  ( 1.320554750080267459, 6.125000002048381020, 3.188101187499972955 ) ) ;
#3572 = CARTESIAN_POINT ( 'NONE',  ( 1.320554750080298989, -3.437499997951619868, -3.188101187499973399 ) ) ;
#3573 = CARTESIAN_POINT ( 'NONE',  ( 29.50963462533560033, -5.188101187499998268, -1.320554750080271900 ) ) ;
#3574 = CARTESIAN_POINT ( 'NONE',  ( -2.254327968790096559, 2.468750002048368142, -2.254327968790116099 ) ) ;
#3575 = ORIENTED_EDGE ( 'NONE', *, *, #1529, .F. ) ;
#3576 = CARTESIAN_POINT ( 'NONE',  ( 39.25963462533560744, -0.6794452499197283224, -3.188101187499999600 ) ) ;
#3577 = CC_DESIGN_APPROVAL ( #2516, ( #2392 ) ) ;
#3578 = CARTESIAN_POINT ( 'NONE',  ( 42.91588462533560744, -5.188101187499998268, -5.856446871944625661E-16 ) ) ;
#3579 = AXIS2_PLACEMENT_3D ( 'NONE', #5935, #6457, #5381 ) ;
#3580 = CARTESIAN_POINT ( 'NONE',  ( 46.38463462328720510, -1.999999999999998224, 4.000000000000000000 ) ) ;
#3581 = CARTESIAN_POINT ( 'NONE',  ( 36.82213462738398135, -1.999999999999997780, -4.000000000000000000 ) ) ;
#3582 = CARTESIAN_POINT ( 'NONE',  ( -2.828427124746124566, -5.312500000000025757, 2.828427124746172083 ) ) ;
#3583 = PRODUCT ( 'ball_box', 'ball_box', '', ( #6936 ) ) ;
#3584 = ADVANCED_FACE ( 'NONE', ( #95 ), #6923, .F. ) ;
#3585 = CARTESIAN_POINT ( 'NONE',  ( 43.19713462533560744, -5.188101187499998268, 1.320554750080270345 ) ) ;
#3586 = CALENDAR_DATE ( 2026, 27, 9 ) ;
#3587 = CARTESIAN_POINT ( 'NONE',  ( 36.35338462533560744, 0.2543279687901365826, -2.254327968790134307 ) ) ;
#3588 = CARTESIAN_POINT ( 'NONE',  ( 31.85338462738398846, -5.999999999999997335, 1.656854249492381248 ) ) ;
#3589 = CARTESIAN_POINT ( 'NONE',  ( 45.16588462533560744, 1.188101187500002043, 1.952148957314875467E-16 ) ) ;
#3590 = CARTESIAN_POINT ( 'NONE',  ( 2.254327968790169390, -7.281249997951618091, 2.254327968790115655 ) ) ;
#3591 = LINE ( 'NONE', #6974, #1539 ) ;
#3592 = CARTESIAN_POINT ( 'NONE',  ( 45.44713462328721221, -4.828427124746188959, -2.828427124746190735 ) ) ;
#3593 = ORIENTED_EDGE ( 'NONE', *, *, #4635, .T. ) ;
#3594 = DIRECTION ( 'NONE',  ( -3.430248998885766570E-15, 1.000000000000000000, -0.000000000000000000 ) ) ;
#3595 = CARTESIAN_POINT ( 'NONE',  ( -1.656854249492339948, -0.7187500000000197620, 3.999999999999972911 ) ) ;
#3596 = B_SPLINE_CURVE_WITH_KNOTS ( 'NONE', 1,
 ( #4123, #3542 ),
 .UNSPECIFIED., .F., .F.,
 ( 2, 2 ),
 ( 0.000000000000000000, 1.000000000000000000 ),
 .UNSPECIFIED. ) ;
#3597 = CYLINDRICAL_SURFACE ( 'NONE', #5704, 4.000000000000000000 ) ;
#3598 = CARTESIAN_POINT ( 'NONE',  ( 3.188101187500014255, -3.718749997951613206, -3.904297914629718393E-16 ) ) ;
#3599 = CARTESIAN_POINT ( 'NONE',  ( 34.57213462738398135, -1.999999999999998224, 4.000000000000000000 ) ) ;
#3600 = CARTESIAN_POINT ( 'NONE',  ( -2.828427124746154764, 3.312499999999975131, -2.828427124746171639 ) ) ;
#3601 = EDGE_CURVE ( 'NONE', #1161, #453, #1404, .T. ) ;
#3602 = CARTESIAN_POINT ( 'NONE',  ( 2.828427124746232035, -9.249999995903227301, 2.828427124746171195 ) ) ;
#3603 = DIRECTION ( 'NONE',  ( -3.430248998885766570E-15, 1.000000000000000000, -0.000000000000000000 ) ) ;
#3604 = CARTESIAN_POINT ( 'NONE',  ( 45.63463462738398846, -4.828427124746188959, -2.828427124746190735 ) ) ;
#3605 = CARTESIAN_POINT ( 'NONE',  ( 1.656854249492416553, -4.843749995903229966, 3.999999999999973355 ) ) ;
#3606 = ORIENTED_EDGE ( 'NONE', *, *, #6672, .F. ) ;
#3607 = CARTESIAN_POINT ( 'NONE',  ( -2.254327968790091674, 0.9687500020483675867, -2.254327968790116099 ) ) ;
#3608 = DIRECTION ( 'NONE',  ( 0.000000000000000000, 0.000000000000000000, -1.000000000000000000 ) ) ;
#3609 = CARTESIAN_POINT ( 'NONE',  ( -3.188101187499971179, 7.531250002048365921, 0.000000000000000000 ) ) ;
#3610 = CARTESIAN_POINT ( 'NONE',  ( 3.188101187499999600, 0.5000000020483871266, -1.320554750080259021 ) ) ;
#3611 = ORIENTED_EDGE ( 'NONE', *, *, #5349, .F. ) ;
#3612 = CARTESIAN_POINT ( 'NONE',  ( 2.828427124746212051, -3.437500000000004885, 2.828427124746171195 ) ) ;
#3613 = VECTOR ( 'NONE', #7059, 1000.000000000000000 ) ;
#3614 = CARTESIAN_POINT ( 'NONE',  ( 41.69713462533560033, -5.188101187499998268, 1.320554750080270345 ) ) ;
#3615 = CARTESIAN_POINT ( 'NONE',  ( 31.57213462533560744, 1.188101187500002043, -1.320554750080270123 ) ) ;
#3616 = CARTESIAN_POINT ( 'NONE',  ( -3.999999999999916955, -8.406249995903250394, -1.656854249492369702 ) ) ;
#3617 = CARTESIAN_POINT ( 'NONE',  ( -2.828427124746150323, 2.187499999999975131, 2.828427124746172083 ) ) ;
#3618 = CC_DESIGN_PERSON_AND_ORGANIZATION_ASSIGNMENT ( #706, #1233, ( #2656 ) ) ;
#3619 = CARTESIAN_POINT ( 'NONE',  ( -2.828427124746129895, -3.812500000000025757, 2.828427124746172083 ) ) ;
#3620 = CARTESIAN_POINT ( 'NONE',  ( 31.38463462328720865, -1.999999999999998224, 4.000000000000000000 ) ) ;
#3621 = CARTESIAN_POINT ( 'NONE',  ( 42.91588462533560744, -1.999999999999998224, 3.188101187500000044 ) ) ;
#3622 = CALENDAR_DATE ( 2026, 27, 9 ) ;
#3623 = CARTESIAN_POINT ( 'NONE',  ( 35.88463462738398846, 0.8284271247461921783, 2.828427124746190291 ) ) ;
#3624 = CARTESIAN_POINT ( 'NONE',  ( 31.10338462738398491, 2.000000000000001776, -1.656854249492380360 ) ) ;
#3625 = CARTESIAN_POINT ( 'NONE',  ( 43.00963462533560033, -5.188101187499998268, -1.320554750080271900 ) ) ;
#3626 = DIRECTION ( 'NONE',  ( 0.000000000000000000, 0.000000000000000000, 1.000000000000000000 ) ) ;
#3627 = CARTESIAN_POINT ( 'NONE',  ( 4.000000000000001776, 8.000000000000000000, 4.898587196589409870E-16 ) ) ;
#3628 = VECTOR ( 'NONE', #4864, 1000.000000000000000 ) ;
#3629 = CARTESIAN_POINT ( 'NONE',  ( 42.91588462328721931, 2.000000000000001776, -1.656854249492380360 ) ) ;
#3630 = ORIENTED_EDGE ( 'NONE', *, *, #1386, .T. ) ;
#3631 = CARTESIAN_POINT ( 'NONE',  ( 3.999999999999974243, 8.201801801801815728, 4.898587196589381274E-16 ) ) ;
#3632 = CARTESIAN_POINT ( 'NONE',  ( 2.828427124746191623, 2.562499999999996003, 2.828427124746171195 ) ) ;
#3633 = CARTESIAN_POINT ( 'NONE',  ( 41.13463462328721221, -1.999999999999997780, -4.000000000000000000 ) ) ;
#3634 = CARTESIAN_POINT ( 'NONE',  ( 2.254327968790142744, 0.5937500020483836849, 2.254327968790115655 ) ) ;
#3635 = DIRECTION ( 'NONE',  ( 0.000000000000000000, 0.000000000000000000, 1.000000000000000000 ) ) ;
#3636 = EDGE_CURVE ( 'NONE', #6890, #3748, #2554, .T. ) ;
#3637 = CARTESIAN_POINT ( 'NONE',  ( 6.879017941685367287E-15, 6.124999999999986677, -3.999999999999974243 ) ) ;
#3638 = CARTESIAN_POINT ( 'NONE',  ( -2.828427124746119681, -6.999999995903245065, -2.828427124746171639 ) ) ;
#3639 = CARTESIAN_POINT ( 'NONE',  ( 28.47838462738398846, -0.3431457505076178638, 4.000000000000000000 ) ) ;
#3640 = CARTESIAN_POINT ( 'NONE',  ( 43.75963462738398846, -4.828427124746188959, 2.828427124746189403 ) ) ;
#3641 = CYLINDRICAL_SURFACE ( 'NONE', #82, 4.000000000000000000 ) ;
#3642 = ORIENTED_EDGE ( 'NONE', *, *, #3768, .F. ) ;
#3643 = CARTESIAN_POINT ( 'NONE',  ( -3.188101187499948530, 1.250000002048364367, 1.320554750080261019 ) ) ;
#3644 = CARTESIAN_POINT ( 'NONE',  ( -3.999999999999941824, -1.000000000000028644, 0.000000000000000000 ) ) ;
#3645 = CARTESIAN_POINT ( 'NONE',  ( 29.60338462533560033, -4.254327968790133419, -2.254327968790135639 ) ) ;
#3646 = CARTESIAN_POINT ( 'NONE',  ( -2.254327968790097003, 2.843750002048368142, 2.254327968790116543 ) ) ;
#3647 =( BOUNDED_CURVE ( )  B_SPLINE_CURVE ( 2, ( #6161, #573, #2336, #5609, #3385, #6303, #1060, #6844, #7 ),
 .UNSPECIFIED., .F., .T. ) 
 B_SPLINE_CURVE_WITH_KNOTS ( ( 3, 2, 2, 2, 3 ),
 ( 0.1363636363636362980, 0.1477272727272727071, 0.1590909090909090606, 0.1704545454545454142, 0.1818181818181818232 ),
 .UNSPECIFIED. ) 
 CURVE ( )  GEOMETRIC_REPRESENTATION_ITEM ( )  RATIONAL_B_SPLINE_CURVE ( ( 1.000000000000000444, 0.9238795325112864054, 1.000000000000000000, 0.9238795325112867385, 1.000000000000000000, 0.9238795325112867385, 1.000000000000000000, 0.9238795325112867385, 1.000000000000000000 ) ) 
 REPRESENTATION_ITEM ( '' )  );
#3648 = ORIENTED_EDGE ( 'NONE', *, *, #5458, .F. ) ;
#3649 = CARTESIAN_POINT ( 'NONE',  ( -1.656854249492329734, -3.718750000000020428, 3.999999999999973355 ) ) ;
#3650 = CARTESIAN_POINT ( 'NONE',  ( 40.00963462533560744, -3.320554750080270345, 3.188101187499999156 ) ) ;
#3651 = CARTESIAN_POINT ( 'NONE',  ( 35.41588462533560033, -5.188101187499998268, -5.856446871944625661E-16 ) ) ;
#3652 = CARTESIAN_POINT ( 'NONE',  ( 44.13463462328721221, -1.999999999999997780, -4.000000000000000000 ) ) ;
#3653 = CARTESIAN_POINT ( 'NONE',  ( 3.188101187499983169, 5.375000002048388126, -1.320554750080259243 ) ) ;
#3654 = CARTESIAN_POINT ( 'NONE',  ( 1.656854249492422326, -6.531250000000010658, 3.999999999999972911 ) ) ;
#3655 = DATE_AND_TIME ( #4102, #5938 ) ;
#3656 = CARTESIAN_POINT ( 'NONE',  ( 47.79088462738398846, 2.000000000000001776, 1.656854249492380804 ) ) ;
#3657 = CARTESIAN_POINT ( 'NONE',  ( 46.47838462533560033, -4.254327968790132530, -2.254327968790135195 ) ) ;
#3658 = SHAPE_DEFINITION_REPRESENTATION ( #3532, #4877 ) ;
#3659 = CARTESIAN_POINT ( 'NONE',  ( 29.60338462533560033, -4.254327968790133419, 2.254327968790133863 ) ) ;
#3660 = CARTESIAN_POINT ( 'NONE',  ( 29.13463462738398491, -4.828427124746188959, -2.828427124746190735 ) ) ;
#3661 = CARTESIAN_POINT ( 'NONE',  ( 35.04088462533560033, -1.999999999999998224, 3.188101187500000488 ) ) ;
#3662 = CARTESIAN_POINT ( 'NONE',  ( 50.88463462328721221, -1.999999999999998224, 0.000000000000000000 ) ) ;
#3663 = CARTESIAN_POINT ( 'NONE',  ( 42.16588462533560033, 1.188101187500001599, 1.952148957314875220E-16 ) ) ;
#3664 = CARTESIAN_POINT ( 'NONE',  ( 38.22838462328721221, -0.3431457505076173642, -4.000000000000000000 ) ) ;
#3665 = VERTEX_POINT ( 'NONE', #1540 ) ;
#3666 = ORIENTED_EDGE ( 'NONE', *, *, #4725, .T. ) ;
#3667 = CARTESIAN_POINT ( 'NONE',  ( 48.72838462533560033, 0.2543279687901365826, 2.254327968790134751 ) ) ;
#3668 = CARTESIAN_POINT ( 'NONE',  ( -2.828427124746144994, 0.6874999999999745759, 2.828427124746172083 ) ) ;
#3669 = CARTESIAN_POINT ( 'NONE',  ( 25.88463462328721221, -1.999999999999998224, 0.000000000000000000 ) ) ;
#3670 = CARTESIAN_POINT ( 'NONE',  ( 4.455427610528511581E-14, -4.843749997951625197, -3.188101187499973399 ) ) ;
#3671 = DIRECTION ( 'NONE',  ( -3.430248998885766570E-15, 1.000000000000000000, -0.000000000000000000 ) ) ;
#3672 = CARTESIAN_POINT ( 'NONE',  ( -3.999999999999957367, 3.406249999999972022, -1.656854249492369702 ) ) ;
#3673 = CARTESIAN_POINT ( 'NONE',  ( 4.000000000000016875, -4.468749995903220196, -1.656854249492369924 ) ) ;
#3674 = ADVANCED_FACE ( 'NONE', ( #2628 ), #5969, .T. ) ;
#3675 = CARTESIAN_POINT ( 'NONE',  ( 45.72838462738398135, -3.656854249492377917, -4.000000000000000888 ) ) ;
#3676 = CARTESIAN_POINT ( 'NONE',  ( 50.88463462328721221, -1.999999999999998224, 0.000000000000000000 ) ) ;
#3677 = CIRCLE ( 'NONE', #6996, 3.999999999999944489 ) ;
#3678 = ORIENTED_EDGE ( 'NONE', *, *, #202, .T. ) ;
#3679 = CARTESIAN_POINT ( 'NONE',  ( 3.188101187500006262, -1.187499997951614317, 1.320554750080258577 ) ) ;
#3680 = CARTESIAN_POINT ( 'NONE',  ( 44.88463462328721221, -1.999999999999998224, 4.000000000000000000 ) ) ;
#3681 = CARTESIAN_POINT ( 'NONE',  ( 29.32213462533560033, -5.188101187499998268, 1.320554750080270789 ) ) ;
#3682 = CARTESIAN_POINT ( 'NONE',  ( 1.320554750080273232, 4.625000002048380132, 3.188101187499972955 ) ) ;
#3683 = VERTEX_POINT ( 'NONE', #271 ) ;
#3684 = CARTESIAN_POINT ( 'NONE',  ( 31.38463462328720865, -1.999999999999998224, 4.000000000000000000 ) ) ;
#3685 = CARTESIAN_POINT ( 'NONE',  ( 36.63463462533560033, -3.320554750080270345, 3.188101187499999156 ) ) ;
#3686 = CARTESIAN_POINT ( 'NONE',  ( 37.85338462533560033, 0.2543279687901365826, -2.254327968790134307 ) ) ;
#3687 = ORIENTED_EDGE ( 'NONE', *, *, #3505, .T. ) ;
#3688 = CARTESIAN_POINT ( 'NONE',  ( 33.54088462533559323, -1.999999999999998224, 3.188101187500000488 ) ) ;
#3689 = CARTESIAN_POINT ( 'NONE',  ( 3.999999999999946265, 6.906008975156715302, 4.898587196589346762E-16 ) ) ;
#3690 = CARTESIAN_POINT ( 'NONE',  ( -1.320554750080247919, 4.812500002048373915, 3.188101187499972955 ) ) ;
#3691 =( BOUNDED_CURVE ( )  B_SPLINE_CURVE ( 2, ( #7061, #693, #3043, #5860, #1282, #6415, #2980, #4121, #2477 ),
 .UNSPECIFIED., .F., .T. ) 
 B_SPLINE_CURVE_WITH_KNOTS ( ( 3, 2, 2, 2, 3 ),
 ( 0.7499832191587055830, 0.7617016827009273072, 0.7734201701270954077, 0.7851386575532635081, 0.7968571379010404021 ),
 .UNSPECIFIED. ) 
 CURVE ( )  GEOMETRIC_REPRESENTATION_ITEM ( )  RATIONAL_B_SPLINE_CURVE ( ( 1.000000000000000000, 0.9238795325112867385, 1.000000000000000000, 0.9238795325112867385, 1.000000000000000000, 0.9238795325112867385, 1.000000000000000000, 0.9238795325112867385, 1.000000000000000000 ) ) 
 REPRESENTATION_ITEM ( '' )  );
#3692 = CARTESIAN_POINT ( 'NONE',  ( 3.615828962181082327E-14, -2.125000000000015987, 3.999999999999974243 ) ) ;
#3693 = CARTESIAN_POINT ( 'NONE',  ( 31.47838462328721221, -3.656854249492381914, 3.999999999999999112 ) ) ;
#3694 = EDGE_CURVE ( 'NONE', #895, #4714, #3785, .T. ) ;
#3695 = APPROVAL_PERSON_ORGANIZATION ( #214, #2516, #3169 ) ;
#3696 = CARTESIAN_POINT ( 'NONE',  ( 39.72838462533560033, 0.2543279687901365826, 2.254327968790134751 ) ) ;
#3697 = CIRCLE ( 'NONE', #4399, 6.000000000000000000 ) ;
#3698 = APPROVAL_ROLE ( '' ) ;
#3699 = CARTESIAN_POINT ( 'NONE',  ( 29.04088462738398491, -5.999999999999997335, -1.656854249492382580 ) ) ;
#3700 = CARTESIAN_POINT ( 'NONE',  ( 38.04088462533560033, -1.999999999999998224, 3.188101187500000488 ) ) ;
#3701 = CARTESIAN_POINT ( 'NONE',  ( 33.16588462328720510, -5.999999999999997335, 1.656854249492381248 ) ) ;
#3702 = CARTESIAN_POINT ( 'NONE',  ( 47.88463462533560744, -0.6794452499197283224, -3.188101187499999600 ) ) ;
#3703 = CARTESIAN_POINT ( 'NONE',  ( 38.88463462328720510, -1.999999999999998224, 4.000000000000000000 ) ) ;
#3704 = ORIENTED_EDGE ( 'NONE', *, *, #3102, .F. ) ;
#3705 = ORIENTED_EDGE ( 'NONE', *, *, #6704, .T. ) ;
#3706 = EDGE_CURVE ( 'NONE', #1229, #6440, #3863, .T. ) ;
#3707 = CARTESIAN_POINT ( 'NONE',  ( 47.69713462533560744, -5.188101187499998268, 1.320554750080270567 ) ) ;
#3708 = CARTESIAN_POINT ( 'NONE',  ( -2.828427124746165866, 6.687499999999976019, 2.828427124746172083 ) ) ;
#3709 = DIRECTION ( 'NONE',  ( 0.000000000000000000, 0.000000000000000000, -1.000000000000000000 ) ) ;
#3710 = CARTESIAN_POINT ( 'NONE',  ( 3.426352910862781847E-14, -1.843749997951624531, -3.188101187499973399 ) ) ;
#3711 = CARTESIAN_POINT ( 'NONE',  ( 26.69713462738398491, 2.000000000000001776, 2.449293598294706414E-16 ) ) ;
#3712 = CC_DESIGN_PERSON_AND_ORGANIZATION_ASSIGNMENT ( #214, #4803, ( #2392 ) ) ;
#3713 = CARTESIAN_POINT ( 'NONE',  ( 1.656854249492397235, 0.03124999999998961941, -3.999999999999974243 ) ) ;
#3714 = DIRECTION ( 'NONE',  ( -3.430248998885766570E-15, 1.000000000000000000, -0.000000000000000000 ) ) ;
#3715 = CARTESIAN_POINT ( 'NONE',  ( 13.21883083780336676, 2.433568145086171253, -6.674276501059694944 ) ) ;
#3716 = ORIENTED_EDGE ( 'NONE', *, *, #2423, .T. ) ;
#3717 = CARTESIAN_POINT ( 'NONE',  ( -2.254327968790086345, -0.5312499979516329685, -2.254327968790116099 ) ) ;
#3718 = CARTESIAN_POINT ( 'NONE',  ( -3.999999999995337063, 5.187499659853971323, -6.083825333786885543E-06 ) ) ;
#3719 = EDGE_CURVE ( 'NONE', #5244, #1357, #108, .T. ) ;
#3720 = CARTESIAN_POINT ( 'NONE',  ( 2.254327968790159176, -4.281249997951617203, 2.254327968790115655 ) ) ;
#3721 =( BOUNDED_CURVE ( )  B_SPLINE_CURVE ( 2, ( #5508, #486, #2772, #7309, #6620, #1516, #5670, #559, #2849 ),
 .UNSPECIFIED., .F., .F. ) 
 B_SPLINE_CURVE_WITH_KNOTS ( ( 3, 2, 2, 2, 3 ),
 ( 0.09374792269661524902, 0.1054663868355129874, 0.1171848742616810879, 0.1289033616878491884, 0.1406218746756754678 ),
 .UNSPECIFIED. ) 
 CURVE ( )  GEOMETRIC_REPRESENTATION_ITEM ( )  RATIONAL_B_SPLINE_CURVE ( ( 1.000000000000000000, 0.9238795325112867385, 1.000000000000000000, 0.9238795325112867385, 1.000000000000000000, 0.9238795325112867385, 1.000000000000000000, 0.9238795325112867385, 1.000000000000000000 ) ) 
 REPRESENTATION_ITEM ( '' )  );
#3722 = CARTESIAN_POINT ( 'NONE',  ( 35.22838462533560744, -4.254327968790133419, 2.254327968790133863 ) ) ;
#3723 = CARTESIAN_POINT ( 'NONE',  ( 39.07213462533560744, -3.320554750080268569, -3.188101187500000488 ) ) ;
#3724 = CARTESIAN_POINT ( 'NONE',  ( 32.32213462533560033, -5.188101187499998268, 1.320554750080270567 ) ) ;
#3725 = CARTESIAN_POINT ( 'NONE',  ( 50.88463462328721221, -1.999999999999998224, 0.000000000000000000 ) ) ;
#3726 = CARTESIAN_POINT ( 'NONE',  ( 46.47838462738399556, -0.3431457505076044301, 3.999999999999987121 ) ) ;
#3727 = EDGE_CURVE ( 'NONE', #7021, #6799, #5486, .T. ) ;
#3728 = CARTESIAN_POINT ( 'NONE',  ( 4.000000000000013323, -3.250000000000001332, -4.898587196589381274E-16 ) ) ;
#3729 = CARTESIAN_POINT ( 'NONE',  ( 50.88463462328721221, -1.999999999999997780, -4.000000000000000000 ) ) ;
#3730 = CARTESIAN_POINT ( 'NONE',  ( 36.72838462533560744, 0.2543279687901365826, 2.254327968790134751 ) ) ;
#3731 = CALENDAR_DATE ( 2026, 27, 9 ) ;
#3732 = CARTESIAN_POINT ( 'NONE',  ( 49.85338462533560033, 0.2543279687901370267, 2.254327968790135195 ) ) ;
#3733 = CARTESIAN_POINT ( 'NONE',  ( 37.85338462533560033, 0.2543279687901370267, 2.254327968790135195 ) ) ;
#3734 =( BOUNDED_CURVE ( )  B_SPLINE_CURVE ( 2, ( #5291, #2501, #219, #7006, #788, #711, #3527, #4770, #1911 ),
 .UNSPECIFIED., .F., .T. ) 
 B_SPLINE_CURVE_WITH_KNOTS ( ( 3, 2, 2, 2, 3 ),
 ( 0.5156134211109100196, 0.5273319341775649649, 0.5390504216037330654, 0.5507689090299012769, 0.5624873995130524884 ),
 .UNSPECIFIED. ) 
 CURVE ( )  GEOMETRIC_REPRESENTATION_ITEM ( )  RATIONAL_B_SPLINE_CURVE ( ( 1.000000000000000000, 0.9238795325112867385, 1.000000000000000000, 0.9238795325112867385, 1.000000000000000000, 0.9238795325112867385, 1.000000000000000000, 0.9238795325112867385, 1.000000000000000000 ) ) 
 REPRESENTATION_ITEM ( '' )  );
#3735 = CARTESIAN_POINT ( 'NONE',  ( 36.82213462738398135, -1.999999999999997780, -4.000000000000000000 ) ) ;
#3736 = CARTESIAN_POINT ( 'NONE',  ( 42.82213462533560033, -5.188101187499998268, 1.320554750080270345 ) ) ;
#3737 = CARTESIAN_POINT ( 'NONE',  ( 40.57213462328721221, -4.828427124746188959, 2.828427124746189403 ) ) ;
#3738 = ORIENTED_EDGE ( 'NONE', *, *, #1795, .T. ) ;
#3739 = CARTESIAN_POINT ( 'NONE',  ( 48.35338462533560033, 0.2543279687901365826, -2.254327968790134307 ) ) ;
#3740 = CARTESIAN_POINT ( 'NONE',  ( -3.999999999999962697, 4.999999999999971578, 0.000000000000000000 ) ) ;
#3741 = CARTESIAN_POINT ( 'NONE',  ( -1.320554750080254358, 6.875000002048372139, -3.188101187499973399 ) ) ;
#3742 = CARTESIAN_POINT ( 'NONE',  ( -2.254327968790062364, -7.281249997951634079, 2.254327968790116543 ) ) ;
#3743 = CARTESIAN_POINT ( 'NONE',  ( 26.88463462738398491, 0.8284271247461921783, 2.828427124746190291 ) ) ;
#3744 = ADVANCED_FACE ( 'NONE', ( #5054 ), #3432, .F. ) ;
#3745 = CARTESIAN_POINT ( 'NONE',  ( -1.656854249492339948, -0.7187500000000197620, 3.999999999999972911 ) ) ;
#3746 = FACE_BOUND ( 'NONE', #1553, .T. ) ;
#3747 = CARTESIAN_POINT ( 'NONE',  ( 13.74772708486751505, 6.000000000000010658, -0.2621121261660819823 ) ) ;
#3748 = VERTEX_POINT ( 'NONE', #5653 ) ;
#3749 = CARTESIAN_POINT ( 'NONE',  ( 39.82213462738398846, -1.999999999999997780, -4.000000000000000000 ) ) ;
#3750 = CARTESIAN_POINT ( 'NONE',  ( -3.188101187499949418, 1.156250002048364145, 0.000000000000000000 ) ) ;
#3751 = CARTESIAN_POINT ( 'NONE',  ( 2.828427124746178301, 6.125000004096775363, -2.828427124746171639 ) ) ;
#3752 = FACE_OUTER_BOUND ( 'NONE', #2402, .T. ) ;
#3753 = CARTESIAN_POINT ( 'NONE',  ( 32.50963462328721221, 2.000000000000001776, 2.449293598294706414E-16 ) ) ;
#3754 = CARTESIAN_POINT ( 'NONE',  ( -3.188101187499944533, -0.3437499979516362436, 0.000000000000000000 ) ) ;
#3755 = CARTESIAN_POINT ( 'NONE',  ( 1.493362392715216003E-14, 4.062500004096765593, 3.999999999999974243 ) ) ;
#3756 = CARTESIAN_POINT ( 'NONE',  ( 3.999999999999974243, 8.201801801801815728, 4.898587196589381274E-16 ) ) ;
#3757 = CARTESIAN_POINT ( 'NONE',  ( 35.50963462533560033, -5.188101187499997380, -1.320554750080271678 ) ) ;
#3758 = CARTESIAN_POINT ( 'NONE',  ( 35.41588462533560033, -1.999999999999998224, 3.188101187500000044 ) ) ;
#3759 = ORIENTED_EDGE ( 'NONE', *, *, #4736, .T. ) ;
#3760 = CARTESIAN_POINT ( 'NONE',  ( 32.04088462533560033, -1.999999999999998224, 3.188101187500000488 ) ) ;
#3761 = CARTESIAN_POINT ( 'NONE',  ( 29.13463462738398491, -4.828427124746188959, -2.828427124746190735 ) ) ;
#3762 = CARTESIAN_POINT ( 'NONE',  ( -1.320554750080256134, 7.250000002048372139, -3.188101187499973399 ) ) ;
#3763 = CARTESIAN_POINT ( 'NONE',  ( -3.999999999999948042, 0.6875000040967513826, 0.000000000000000000 ) ) ;
#3764 = CARTESIAN_POINT ( 'NONE',  ( 47.60338462738398846, 2.000000000000001776, -1.656854249492380138 ) ) ;
#3765 = CARTESIAN_POINT ( 'NONE',  ( 1.999940216627099865, -7.999277812550321443, 3.464136130396374469 ) ) ;
#3766 = CARTESIAN_POINT ( 'NONE',  ( 35.60338462533560744, -4.254327968790133419, 2.254327968790133863 ) ) ;
#3767 = DATE_AND_TIME ( #5878, #7300 ) ;
#3768 = EDGE_CURVE ( 'NONE', #5616, #6081, #4841, .T. ) ;
#3769 = CARTESIAN_POINT ( 'NONE',  ( 28.66588462738398491, -3.656854249492381914, 3.999999999999999112 ) ) ;
#3770 = CARTESIAN_POINT ( 'NONE',  ( 37.10338462533560033, -4.254327968790133419, -2.254327968790135639 ) ) ;
#3771 = CARTESIAN_POINT ( 'NONE',  ( 38.22838462738398846, -3.656854249492387243, -3.999999999999991562 ) ) ;
#3772 = CARTESIAN_POINT ( 'NONE',  ( 44.22838462533560744, -4.254327968790133419, 2.254327968790133863 ) ) ;
#3773 = CARTESIAN_POINT ( 'NONE',  ( 40.85338462328719800, -5.999999999999997335, -1.656854249492382580 ) ) ;
#3774 = ORIENTED_EDGE ( 'NONE', *, *, #2342, .F. ) ;
#3775 = EDGE_LOOP ( 'NONE', ( #296, #1257, #7276, #4373 ) ) ;
#3776 = CARTESIAN_POINT ( 'NONE',  ( 44.04088462533560744, 1.188101187500001599, 1.952148957314875220E-16 ) ) ;
#3777 = DIRECTION ( 'NONE',  ( 0.000000000000000000, 0.000000000000000000, 1.000000000000000000 ) ) ;
#3778 = CARTESIAN_POINT ( 'NONE',  ( 2.828427124746176080, 7.062499999999996447, 2.828427124746171195 ) ) ;
#3779 = CARTESIAN_POINT ( 'NONE',  ( 3.188101187499984945, 4.906250002048387238, -3.904297914629718393E-16 ) ) ;
#3780 = CYLINDRICAL_SURFACE ( 'NONE', #2989, 4.000000000000000000 ) ;
#3781 = CARTESIAN_POINT ( 'NONE',  ( 26.50963462738398491, 0.8284271247461921783, -2.828427124746189847 ) ) ;
#3782 = CARTESIAN_POINT ( 'NONE',  ( -3.999999999999952482, 2.093749999999971578, 1.656854249492372588 ) ) ;
#3783 = EDGE_CURVE ( 'NONE', #6836, #4577, #1924, .T. ) ;
#3784 = DIRECTION ( 'NONE',  ( -1.000000000000000000, -0.000000000000000000, -0.000000000000000000 ) ) ;
#3785 = LINE ( 'NONE', #6605, #6880 ) ;
#3786 = ORIENTED_EDGE ( 'NONE', *, *, #5052, .F. ) ;
#3787 = CARTESIAN_POINT ( 'NONE',  ( 1.320554750080308759, -5.874999997951621644, 3.188101187499972955 ) ) ;
#3788 = CARTESIAN_POINT ( 'NONE',  ( -3.999999999999927169, -5.500000000000029310, 0.000000000000000000 ) ) ;
#3789 = CARTESIAN_POINT ( 'NONE',  ( 31.75963462328720865, -5.999999999999998224, -7.347880794884119736E-16 ) ) ;
#3790 = CARTESIAN_POINT ( 'NONE',  ( -1.320554750080218165, -3.624999997951630970, -3.188101187499973843 ) ) ;
#3791 = CARTESIAN_POINT ( 'NONE',  ( 1.656854249492423437, -7.468750000000011546, -3.999999999999974243 ) ) ;
#3792 = DIRECTION ( 'NONE',  ( -3.430248998885766570E-15, 1.000000000000000000, -0.000000000000000000 ) ) ;
#3793 = CIRCLE ( 'NONE', #4738, 4.000000000000000888 ) ;
#3794 = CARTESIAN_POINT ( 'NONE',  ( 34.38463462533560033, -0.6794452499197283224, -3.188101187499999600 ) ) ;
#3795 = CARTESIAN_POINT ( 'NONE',  ( 32.79088462533560033, -5.188101187499998268, -5.856446871944625661E-16 ) ) ;
#3796 = CARTESIAN_POINT ( 'NONE',  ( 26.88463462533560033, -5.188101187499997380, -1.320554750080271678 ) ) ;
#3797 = VERTEX_POINT ( 'NONE', #1668 ) ;
#3798 = CARTESIAN_POINT ( 'NONE',  ( 30.44713462533560389, -0.6794452499197284334, 3.188101187500000044 ) ) ;
#3799 = DIRECTION ( 'NONE',  ( -1.000000000000000000, -0.000000000000000000, -0.000000000000000000 ) ) ;
#3800 = CARTESIAN_POINT ( 'NONE',  ( 46.00963462738398846, 0.8284271247461921783, -2.828427124746189847 ) ) ;
#3801 = CARTESIAN_POINT ( 'NONE',  ( -3.999999999999937383, -2.406249995903249062, -1.656854249492369702 ) ) ;
#3802 = CARTESIAN_POINT ( 'NONE',  ( 38.79088462533560033, -5.188101187499998268, -5.856446871944625661E-16 ) ) ;
#3803 = CARTESIAN_POINT ( 'NONE',  ( 26.41588462533560033, -5.188101187499998268, -5.856446871944625661E-16 ) ) ;
#3804 = CARTESIAN_POINT ( 'NONE',  ( 47.97838462533560033, 0.2543279687901370267, -2.254327968790134751 ) ) ;
#3805 = CARTESIAN_POINT ( 'NONE',  ( 36.07213462533560033, 1.188101187500002043, -1.320554750080270123 ) ) ;
#3806 = CARTESIAN_POINT ( 'NONE',  ( 50.60338462328721221, 2.000000000000001776, 1.656854249492380804 ) ) ;
#3807 = CARTESIAN_POINT ( 'NONE',  ( 45.54088462533560744, -1.999999999999998224, 3.188101187500000044 ) ) ;
#3808 = ORIENTED_EDGE ( 'NONE', *, *, #1880, .F. ) ;
#3809 = CARTESIAN_POINT ( 'NONE',  ( 42.25963462328721221, -5.999999999999998224, -7.347880794884119736E-16 ) ) ;
#3810 = ADVANCED_FACE ( 'NONE', ( #3903 ), #6166, .T. ) ;
#3811 = ORIENTED_EDGE ( 'NONE', *, *, #7151, .F. ) ;
#3812 = AXIS2_PLACEMENT_3D ( 'NONE', #912, #5534, #3906 ) ;
#3813 = EDGE_LOOP ( 'NONE', ( #6821, #436, #3267, #1067 ) ) ;
#3814 = AXIS2_PLACEMENT_3D ( 'NONE', #2614, #4844, #4881 ) ;
#3815 = DATE_AND_TIME ( #5117, #139 ) ;
#3816 = CARTESIAN_POINT ( 'NONE',  ( 38.60338462533560033, -4.254327968790133419, 2.254327968790133863 ) ) ;
#3817 = CARTESIAN_POINT ( 'NONE',  ( 47.41588462738398846, -0.3431457505076173642, -4.000000000000000000 ) ) ;
#3818 = CARTESIAN_POINT ( 'NONE',  ( 3.188101187500030687, -8.312499997951615427, 1.320554750080258577 ) ) ;
#3819 = CARTESIAN_POINT ( 'NONE',  ( -1.320554750080244366, 3.875000002048370806, -3.188101187499973399 ) ) ;
#3820 = CARTESIAN_POINT ( 'NONE',  ( -3.188101187499924993, -5.968749997951635855, 0.000000000000000000 ) ) ;
#3821 = CARTESIAN_POINT ( 'NONE',  ( 43.94713462738398846, -5.999999999999998224, -7.347880794884119736E-16 ) ) ;
#3822 = CARTESIAN_POINT ( 'NONE',  ( 2.218095494573213307E-14, 1.906250002048376135, 3.188101187499973399 ) ) ;
#3823 = CARTESIAN_POINT ( 'NONE',  ( 43.19713462738398846, 2.000000000000001776, 2.449293598294706414E-16 ) ) ;
#3824 = CARTESIAN_POINT ( 'NONE',  ( 45.63463462328720510, -1.999999999999997780, -4.000000000000000000 ) ) ;
#3825 = CARTESIAN_POINT ( 'NONE',  ( 12.61277692202559564, -1.481179070251363195, -8.000000000000008882 ) ) ;
#3826 = VERTEX_POINT ( 'NONE', #2833 ) ;
#3827 = CARTESIAN_POINT ( 'NONE',  ( 3.188101187500025802, -6.999999997951614539, -1.320554750080259021 ) ) ;
#3828 = CARTESIAN_POINT ( 'NONE',  ( 31.57213462328720865, -4.828427124746188959, 2.828427124746189403 ) ) ;
#3829 = EDGE_CURVE ( 'NONE', #5080, #5970, #683, .T. ) ;
#3830 = CARTESIAN_POINT ( 'NONE',  ( 3.188101187500015588, -4.093749997951613651, -3.904297914629718393E-16 ) ) ;
#3831 = CARTESIAN_POINT ( 'NONE',  ( -2.828427124746166310, 6.500000004096756712, -2.828427124746171639 ) ) ;
#3832 = CARTESIAN_POINT ( 'NONE',  ( 31.38463462738398491, 0.8284271247461921783, 2.828427124746190291 ) ) ;
#3833 = CARTESIAN_POINT ( 'NONE',  ( 35.79088462533560033, -1.999999999999997780, -3.188101187500000044 ) ) ;
#3834 = CARTESIAN_POINT ( 'NONE',  ( 34.85338462533560744, 0.2543279687901365826, -2.254327968790134307 ) ) ;
#3835 = CARTESIAN_POINT ( 'NONE',  ( 28.19713462533560744, -5.188101187499998268, 1.320554750080270567 ) ) ;
#3836 = CARTESIAN_POINT ( 'NONE',  ( 29.32213462533559678, -5.188101187499998268, 1.320554750080270567 ) ) ;
#3837 = CARTESIAN_POINT ( 'NONE',  ( 43.57213462738398846, -1.999999999999998224, 4.000000000000000000 ) ) ;
#3838 = CARTESIAN_POINT ( 'NONE',  ( 2.254327968790137415, 2.093750002048384129, 2.254327968790115655 ) ) ;
#3839 = CARTESIAN_POINT ( 'NONE',  ( -3.999999999999932498, -3.906249995903250394, -1.656854249492369702 ) ) ;
#3840 = APPLICATION_CONTEXT ( 'configuration controlled 3d designs of mechanical parts and assemblies' ) ;
#3841 = CARTESIAN_POINT ( 'NONE',  ( 1.656854249492390796, 2.656250004096771367, 3.999999999999973355 ) ) ;
#3842 = CARTESIAN_POINT ( 'NONE',  ( 36.82213462533561454, -0.6794452499197284334, 3.188101187499999600 ) ) ;
#3843 = CARTESIAN_POINT ( 'NONE',  ( 26.50963462533560033, -5.188101187499997380, -1.320554750080271678 ) ) ;
#3844 = CARTESIAN_POINT ( 'NONE',  ( 45.25963462533561454, 1.188101187500002043, 1.320554750080270123 ) ) ;
#3845 = CARTESIAN_POINT ( 'NONE',  ( 32.69713462533560744, -3.320554750080268125, -3.188101187500001377 ) ) ;
#3846 = PRODUCT_RELATED_PRODUCT_CATEGORY ( 'detail', '', ( #4590 ) ) ;
#3847 = DIRECTION ( 'NONE',  ( 0.000000000000000000, 0.000000000000000000, 1.000000000000000000 ) ) ;
#3848 = CARTESIAN_POINT ( 'NONE',  ( 40.38463462533560744, -0.6794452499197283224, -3.188101187499999600 ) ) ;
#3849 = SECURITY_CLASSIFICATION ( '', '', #673 ) ;
#3850 = CARTESIAN_POINT ( 'NONE',  ( 34.19713462328720510, 0.8284271247461921783, 2.828427124746190291 ) ) ;
#3851 = ORIENTED_EDGE ( 'NONE', *, *, #2629, .T. ) ;
#3852 = ORIENTED_EDGE ( 'NONE', *, *, #3882, .T. ) ;
#3853 = CARTESIAN_POINT ( 'NONE',  ( 27.63463462738398846, -4.828427124746188959, -2.828427124746190735 ) ) ;
#3854 = CARTESIAN_POINT ( 'NONE',  ( 40.85338462533560033, 0.2543279687901365826, -2.254327968790134307 ) ) ;
#3855 = ORIENTED_EDGE ( 'NONE', *, *, #1752, .F. ) ;
#3856 = CARTESIAN_POINT ( 'NONE',  ( 38.97838462738398846, -0.3431457505076178638, 4.000000000000000000 ) ) ;
#3857 = CARTESIAN_POINT ( 'NONE',  ( -3.188101187499933431, -3.249999997951637187, 1.320554750080261019 ) ) ;
#3858 = CARTESIAN_POINT ( 'NONE',  ( 1.320554750080307427, -5.499999997951621644, 3.188101187499972955 ) ) ;
#3859 = FACE_OUTER_BOUND ( 'NONE', #4687, .T. ) ;
#3860 = CARTESIAN_POINT ( 'NONE',  ( 3.188101187499977396, 6.875000002048388126, -1.320554750080259021 ) ) ;
#3861 = CARTESIAN_POINT ( 'NONE',  ( 46.75963462533560744, -0.6794452499197283224, -3.188101187499999600 ) ) ;
#3862 = CARTESIAN_POINT ( 'NONE',  ( 12.93167010174583886, 0.5566477393412001540, 7.584956912366310533 ) ) ;
#3863 = LINE ( 'NONE', #4823, #7101 ) ;
#3864 = ADVANCED_FACE ( 'NONE', ( #543 ), #1711, .F. ) ;
#3865 = CARTESIAN_POINT ( 'NONE',  ( 1.320554750080262574, 7.062500002048381020, -3.188101187499973843 ) ) ;
#3866 = CARTESIAN_POINT ( 'NONE',  ( 4.000000000000023093, -6.250000000000001776, -4.898587196589381274E-16 ) ) ;
#3867 = CARTESIAN_POINT ( 'NONE',  ( 29.97838462328720865, -3.656854249492381914, 3.999999999999999112 ) ) ;
#3868 = CARTESIAN_POINT ( 'NONE',  ( 3.188101187500010703, -2.499999997951613651, -1.320554750080259021 ) ) ;
#3869 = CARTESIAN_POINT ( 'NONE',  ( 4.000000000000028422, -7.656250000000002665, -1.656854249492369924 ) ) ;
#3870 = DIRECTION ( 'NONE',  ( -3.430248998885765781E-15, 1.000000000000000000, -0.000000000000000000 ) ) ;
#3871 = CARTESIAN_POINT ( 'NONE',  ( 33.72838462533560033, 0.2543279687901365826, 2.254327968790134751 ) ) ;
#3872 = CARTESIAN_POINT ( 'NONE',  ( 35.79088462738398846, 2.000000000000001776, 1.656854249492380804 ) ) ;
#3873 = ORIENTED_EDGE ( 'NONE', *, *, #5889, .F. ) ;
#3874 = CARTESIAN_POINT ( 'NONE',  ( 4.000000000000018652, -4.656250000000001776, -1.656854249492369924 ) ) ;
#3875 = CARTESIAN_POINT ( 'NONE',  ( 29.41588462533560033, -5.188101187499998268, -5.856446871944625661E-16 ) ) ;
#3876 = CARTESIAN_POINT ( 'NONE',  ( 33.35338462738398135, -5.999999999999997335, 1.656854249492381248 ) ) ;
#3877 = CARTESIAN_POINT ( 'NONE',  ( -2.254327968790097891, 2.843750002048368142, -2.254327968790116099 ) ) ;
#3878 = CARTESIAN_POINT ( 'NONE',  ( -1.656854249492338171, -1.093749995903241734, -3.999999999999974243 ) ) ;
#3879 = CARTESIAN_POINT ( 'NONE',  ( 5.609661191378137149E-14, -7.937499995903235295, 3.999999999999974243 ) ) ;
#3880 = CARTESIAN_POINT ( 'NONE',  ( 30.63463462533560033, 1.188101187500001599, 1.320554750080270123 ) ) ;
#3881 = CARTESIAN_POINT ( 'NONE',  ( 28.75963462533560033, 1.188101187500001599, 1.320554750080270123 ) ) ;
#3882 = EDGE_CURVE ( 'NONE', #4517, #4254, #3471, .T. ) ;
#3883 = CARTESIAN_POINT ( 'NONE',  ( 45.54088462533560744, -1.999999999999998224, 3.188101187500000488 ) ) ;
#3884 = CARTESIAN_POINT ( 'NONE',  ( 31.66588462533560033, 1.188101187500002043, 1.952148957314875467E-16 ) ) ;
#3885 = CYLINDRICAL_SURFACE ( 'NONE', #4659, 4.000000000000000000 ) ;
#3886 = CARTESIAN_POINT ( 'NONE',  ( 40.10338462533560033, -4.254327968790132530, -2.254327968790135195 ) ) ;
#3887 = CARTESIAN_POINT ( 'NONE',  ( 35.97838462328721931, -3.656854249492381914, 3.999999999999999112 ) ) ;
#3888 = ORIENTED_EDGE ( 'NONE', *, *, #3829, .F. ) ;
#3889 = CARTESIAN_POINT ( 'NONE',  ( 41.13463462328721221, -1.999999999999997780, -4.000000000000000000 ) ) ;
#3890 = CARTESIAN_POINT ( 'NONE',  ( 38.41588462533560033, -1.999999999999998224, 3.188101187500000044 ) ) ;
#3891 = DIRECTION ( 'NONE',  ( -3.430248998885766570E-15, 1.000000000000000000, -0.000000000000000000 ) ) ;
#3892 = CARTESIAN_POINT ( 'NONE',  ( 39.82213462738398846, -1.999999999999997780, -4.000000000000000000 ) ) ;
#3893 = CARTESIAN_POINT ( 'NONE',  ( -3.999999999995076827, -5.312500528159440627, -6.229568302599286012E-06 ) ) ;
#3894 = CARTESIAN_POINT ( 'NONE',  ( 2.861267181864295022E-14, 0.03125000204837538598, 3.188101187499973399 ) ) ;
#3895 = CARTESIAN_POINT ( 'NONE',  ( 42.07213462738398846, -1.999999999999998224, 4.000000000000000000 ) ) ;
#3896 = CARTESIAN_POINT ( 'NONE',  ( 40.94713462328721221, -4.828427124746188959, -2.828427124746190735 ) ) ;
#3897 = CARTESIAN_POINT ( 'NONE',  ( 3.188101187499979616, 6.687500002048388126, 1.320554750080258577 ) ) ;
#3898 = CARTESIAN_POINT ( 'NONE',  ( 49.57213462328721221, -4.828427124746188959, 2.828427124746189403 ) ) ;
#3899 = CC_DESIGN_PERSON_AND_ORGANIZATION_ASSIGNMENT ( #2927, #744, ( #7168 ) ) ;
#3900 = DIRECTION ( 'NONE',  ( -1.000000000000000000, -3.469446951953660732E-15, 0.000000000000000000 ) ) ;
#3901 =( BOUNDED_CURVE ( )  B_SPLINE_CURVE ( 2, ( #1923, #2515, #6452, #1856, #4645, #6951, #3507, #4119, #6920 ),
 .UNSPECIFIED., .F., .T. ) 
 B_SPLINE_CURVE_WITH_KNOTS ( ( 3, 2, 2, 2, 3 ),
 ( 0.5937499999999998890, 0.6015624999999998890, 0.6093749999999998890, 0.6171874999999998890, 0.6249999999999998890 ),
 .UNSPECIFIED. ) 
 CURVE ( )  GEOMETRIC_REPRESENTATION_ITEM ( )  RATIONAL_B_SPLINE_CURVE ( ( 1.000000000000001110, 0.9238795325112856283, 1.000000000000000000, 0.9238795325112867385, 1.000000000000000000, 0.9238795325112867385, 1.000000000000000000, 0.9238795325112878487, 0.9999999999999988898 ) ) 
 REPRESENTATION_ITEM ( '' )  );
#3902 = CARTESIAN_POINT ( 'NONE',  ( 12.52996408614166057, -1.999999999999997335, 8.000000000000008882 ) ) ;
#3903 = FACE_OUTER_BOUND ( 'NONE', #1678, .T. ) ;
#3904 = AXIS2_PLACEMENT_3D ( 'NONE', #1251, #1826, #4230 ) ;
#3905 = CARTESIAN_POINT ( 'NONE',  ( -2.254327968790071690, -4.656249997951633190, 2.254327968790116543 ) ) ;
#3906 = DIRECTION ( 'NONE',  ( -1.000000000000000000, -3.469446951953636671E-15, 0.000000000000000000 ) ) ;
#3907 = CARTESIAN_POINT ( 'NONE',  ( 3.188101187500030687, -8.499999997951617203, -1.320554750080259021 ) ) ;
#3908 = CARTESIAN_POINT ( 'NONE',  ( 2.828427124746185850, 4.250000004096775363, 2.828427124746171195 ) ) ;
#3909 = CARTESIAN_POINT ( 'NONE',  ( 0.000000000000000000, 8.201801801801801517, 0.000000000000000000 ) ) ;
#3910 = CARTESIAN_POINT ( 'NONE',  ( 33.91588462533559323, -1.999999999999998224, 3.188101187500000044 ) ) ;
#3911 = CARTESIAN_POINT ( 'NONE',  ( 2.522437092380946368E-14, 1.062500004096765593, 3.999999999999974243 ) ) ;
#3912 = CARTESIAN_POINT ( 'NONE',  ( 27.91588462328721221, 2.000000000000001776, -1.656854249492380360 ) ) ;
#3913 = EDGE_LOOP ( 'NONE', ( #6249, #5326, #6028, #2878 ) ) ;
#3914 = CARTESIAN_POINT ( 'NONE',  ( 1.656854249492406783, -2.031250000000010214, 3.999999999999972911 ) ) ;
#3915 = CARTESIAN_POINT ( 'NONE',  ( 28.85338462533560033, 0.2543279687901370267, 2.254327968790135195 ) ) ;
#3916 = CARTESIAN_POINT ( 'NONE',  ( 30.44713462738398491, -5.999999999999998224, -7.347880794884119736E-16 ) ) ;
#3917 = CARTESIAN_POINT ( 'NONE',  ( -2.254327968790082792, -1.281249997951631858, 2.254327968790116543 ) ) ;
#3918 = CARTESIAN_POINT ( 'NONE',  ( -1.656854249492329956, -3.531249995903241956, 3.999999999999972911 ) ) ;
#3919 = CARTESIAN_POINT ( 'NONE',  ( 40.00963462738398846, 0.8284271247461921783, -2.828427124746189847 ) ) ;
#3920 = CARTESIAN_POINT ( 'NONE',  ( 31.57213462533560744, -3.320554750080268569, -3.188101187500000488 ) ) ;
#3921 = CARTESIAN_POINT ( 'NONE',  ( 26.32213462533560033, -5.188101187499998268, 1.320554750080270345 ) ) ;
#3922 = CARTESIAN_POINT ( 'NONE',  ( 45.72838462533560033, -4.254327968790133419, 2.254327968790134307 ) ) ;
#3923 = CARTESIAN_POINT ( 'NONE',  ( 31.19713462533560389, -3.320554750080268125, -3.188101187500001377 ) ) ;
#3924 = CARTESIAN_POINT ( 'NONE',  ( 39.82213462738398846, -1.999999999999997780, -4.000000000000000000 ) ) ;
#3925 = CARTESIAN_POINT ( 'NONE',  ( 38.60338462533560033, -4.254327968790132530, -2.254327968790135195 ) ) ;
#3926 = ADVANCED_FACE ( 'NONE', ( #4020 ), #3469, .F. ) ;
#3927 = EDGE_LOOP ( 'NONE', ( #3687, #3759, #118, #3541 ) ) ;
#3928 = CARTESIAN_POINT ( 'NONE',  ( 5.512808175320844316E-14, -9.165151389911690316, 0.000000000000000000 ) ) ;
#3929 = MANIFOLD_SOLID_BREP ( 'Thread1', #6255 ) ;
#3930 = CARTESIAN_POINT ( 'NONE',  ( 40.38463462533560744, -5.188101187499997380, -1.320554750080271678 ) ) ;
#3931 = CARTESIAN_POINT ( 'NONE',  ( 1.656854249492407227, -2.781249995903228633, -3.999999999999974243 ) ) ;
#3932 = CARTESIAN_POINT ( 'NONE',  ( 37.19713462738398135, 2.000000000000001776, 2.449293598294706414E-16 ) ) ;
#3933 = FACE_OUTER_BOUND ( 'NONE', #7301, .T. ) ;
#3934 = CARTESIAN_POINT ( 'NONE',  ( -3.188101187499933875, -3.343749997951637187, 0.000000000000000000 ) ) ;
#3935 = DIRECTION ( 'NONE',  ( -1.000000000000000000, -0.000000000000000000, -0.000000000000000000 ) ) ;
#3936 = CARTESIAN_POINT ( 'NONE',  ( -3.999999999999968026, 6.499999999999971578, 0.000000000000000000 ) ) ;
#3937 = CARTESIAN_POINT ( 'NONE',  ( 3.188101187499983613, 5.281250002048388126, -3.904297914629718393E-16 ) ) ;
#3938 =( BOUNDED_CURVE ( )  B_SPLINE_CURVE ( 2, ( #7117, #3771, #253, #7081, #1449, #4215, #2538, #4807, #5402 ),
 .UNSPECIFIED., .F., .F. ) 
 B_SPLINE_CURVE_WITH_KNOTS ( ( 3, 2, 2, 2, 3 ),
 ( 0.4687500000000000555, 0.4765625000000000555, 0.4843750000000001110, 0.4921875000000001110, 0.5000000000000001110 ),
 .UNSPECIFIED. ) 
 CURVE ( )  GEOMETRIC_REPRESENTATION_ITEM ( )  RATIONAL_B_SPLINE_CURVE ( ( 0.9999999999999994449, 0.9238795325112872936, 1.000000000000000000, 0.9238795325112867385, 1.000000000000000000, 0.9238795325112867385, 1.000000000000000000, 0.9238795325112856283, 1.000000000000001110 ) ) 
 REPRESENTATION_ITEM ( '' )  );
#3939 = CARTESIAN_POINT ( 'NONE',  ( 49.75963462328721221, -5.999999999999998224, -7.347880794884119736E-16 ) ) ;
#3940 = EDGE_CURVE ( 'NONE', #944, #1455, #2341, .T. ) ;
#3941 = CARTESIAN_POINT ( 'NONE',  ( 47.79088462533560033, -5.188101187499998268, -5.856446871944625661E-16 ) ) ;
#3942 = CARTESIAN_POINT ( 'NONE',  ( 29.79088462328720510, -0.3431457505076178638, 4.000000000000000000 ) ) ;
#3943 = CC_DESIGN_SECURITY_CLASSIFICATION ( #6538, ( #7396 ) ) ;
#3944 = AXIS2_PLACEMENT_3D ( 'NONE', #6083, #1545, #1625 ) ;
#3945 = DIRECTION ( 'NONE',  ( 0.8660137862745402870, 7.012758598358952026E-05, -0.5000201166598766678 ) ) ;
#3946 = CARTESIAN_POINT ( 'NONE',  ( 3.188101187499984945, 5.187500002048388126, 1.320554750080258577 ) ) ;
#3947 = CC_DESIGN_DATE_AND_TIME_ASSIGNMENT ( #3059, #5435, ( #2392 ) ) ;
#3948 = FACE_OUTER_BOUND ( 'NONE', #5272, .T. ) ;
#3949 = CARTESIAN_POINT ( 'NONE',  ( -3.188101187499923217, -6.437499997951636743, -1.320554750080258799 ) ) ;
#3950 = CARTESIAN_POINT ( 'NONE',  ( 2.828427124746193844, 1.625000004096774697, -2.828427124746171639 ) ) ;
#3951 = DIRECTION ( 'NONE',  ( -1.000000000000000000, -0.000000000000000000, -0.000000000000000000 ) ) ;
#3952 = CARTESIAN_POINT ( 'NONE',  ( 27.07213462533560033, -3.320554750080268569, -3.188101187500000488 ) ) ;
#3953 = CARTESIAN_POINT ( 'NONE',  ( 3.999999999986052934, 1.437367211713862281, 7.301657322834747466E-06 ) ) ;
#3954 = ORIENTED_EDGE ( 'NONE', *, *, #4828, .T. ) ;
#3955 = CARTESIAN_POINT ( 'NONE',  ( 4.000000000000014211, -3.343750000000001776, 1.656854249492369036 ) ) ;
#3956 = CARTESIAN_POINT ( 'NONE',  ( 28.10338462533560033, -4.254327968790133419, -2.254327968790135639 ) ) ;
#3957 = CARTESIAN_POINT ( 'NONE',  ( 34.85338462738398846, -5.999999999999997335, 1.656854249492381248 ) ) ;
#3958 = CARTESIAN_POINT ( 'NONE',  ( 1.882740861364186614E-14, 2.656250002048376135, -3.188101187499973399 ) ) ;
#3959 = CARTESIAN_POINT ( 'NONE',  ( 2.254327968790163172, -5.406249997951618091, 2.254327968790115655 ) ) ;
#3960 = CARTESIAN_POINT ( 'NONE',  ( 2.456041823454337081, -9.279798502452429432, 3.200812426038066150 ) ) ;
#3961 = CARTESIAN_POINT ( 'NONE',  ( 1.656854249492426545, -7.843749995903229966, 3.999999999999973355 ) ) ;
#3962 = CARTESIAN_POINT ( 'NONE',  ( 31.94713462533560744, 1.188101187500001599, -1.320554750080269679 ) ) ;
#3963 = CARTESIAN_POINT ( 'NONE',  ( 50.13463462533560033, 1.188101187500001599, 1.320554750080270123 ) ) ;
#3964 = CARTESIAN_POINT ( 'NONE',  ( 47.04088462533560033, -1.999999999999998224, 3.188101187500000488 ) ) ;
#3965 = CARTESIAN_POINT ( 'NONE',  ( 46.29088462328721221, -0.3431457505075953818, 3.999999999999978240 ) ) ;
#3966 = EDGE_CURVE ( 'NONE', #3797, #1455, #4205, .T. ) ;
#3967 = CARTESIAN_POINT ( 'NONE',  ( 39.44713462533560033, -0.6794452499197284334, 3.188101187499999600 ) ) ;
#3968 = ORIENTED_EDGE ( 'NONE', *, *, #3783, .F. ) ;
#3969 = CARTESIAN_POINT ( 'NONE',  ( 47.32213462328720510, 0.8284271247461921783, -2.828427124746189847 ) ) ;
#3970 = CARTESIAN_POINT ( 'NONE',  ( -22.20757868329810236, 12.06959410764420149, 29.90067487609485397 ) ) ;
#3971 =( BOUNDED_CURVE ( )  B_SPLINE_CURVE ( 2, ( #2254, #4401, #3853, #5642, #532, #5966, #6107, #871, #4518 ),
 .UNSPECIFIED., .F., .T. ) 
 B_SPLINE_CURVE_WITH_KNOTS ( ( 3, 2, 2, 2, 3 ),
 ( 0.9062499999999998890, 0.9140624999999998890, 0.9218750000000000000, 0.9296875000000000000, 0.9375000000000000000 ),
 .UNSPECIFIED. ) 
 CURVE ( )  GEOMETRIC_REPRESENTATION_ITEM ( )  RATIONAL_B_SPLINE_CURVE ( ( 1.000000000000001110, 0.9238795325112856283, 1.000000000000000000, 0.9238795325112867385, 1.000000000000000000, 0.9238795325112867385, 1.000000000000000000, 0.9238795325112867385, 1.000000000000000000 ) ) 
 REPRESENTATION_ITEM ( '' )  );
#3972 = CARTESIAN_POINT ( 'NONE',  ( 39.16588462533560033, -1.999999999999997780, -3.188101187500000044 ) ) ;
#3973 = CARTESIAN_POINT ( 'NONE',  ( 1.656854249492371478, 7.531249999999991118, -3.999999999999974243 ) ) ;
#3974 = CARTESIAN_POINT ( 'NONE',  ( 41.69713462738398846, 2.000000000000001776, 2.449293598294706414E-16 ) ) ;
#3975 = DIRECTION ( 'NONE',  ( 0.000000000000000000, 0.000000000000000000, 1.000000000000000000 ) ) ;
#3976 = CARTESIAN_POINT ( 'NONE',  ( 2.346729832031429840E-14, 1.531250002048375913, 3.188101187499973399 ) ) ;
#3977 = CC_DESIGN_APPROVAL ( #2263, ( #7316 ) ) ;
#3978 = CARTESIAN_POINT ( 'NONE',  ( 49.10338462738398846, 2.000000000000001776, -1.656854249492380138 ) ) ;
#3979 = CARTESIAN_POINT ( 'NONE',  ( 45.82213462738398846, -1.999999999999997780, -4.000000000000000000 ) ) ;
#3980 = CARTESIAN_POINT ( 'NONE',  ( -3.188101187499966294, 6.031250002048365033, 0.000000000000000000 ) ) ;
#3981 = CARTESIAN_POINT ( 'NONE',  ( 49.10338462328721931, 2.000000000000001776, 1.656854249492381026 ) ) ;
#3982 = VECTOR ( 'NONE', #3308, 1000.000000000000227 ) ;
#3983 = CARTESIAN_POINT ( 'NONE',  ( 40.75963462533560744, -0.6794452499197283224, -3.188101187499999600 ) ) ;
#3984 = CARTESIAN_POINT ( 'NONE',  ( 34.47838462328721221, -3.656854249492399234, 3.999999999999980904 ) ) ;
#3985 = CARTESIAN_POINT ( 'NONE',  ( 1.898455898692693822, -8.116465312038222635, 3.288353129733425639 ) ) ;
#3986 = VERTEX_POINT ( 'NONE', #2470 ) ;
#3987 = CARTESIAN_POINT ( 'NONE',  ( -3.188101187499955635, 2.937500002048365033, -1.320554750080258799 ) ) ;
#3988 = CARTESIAN_POINT ( 'NONE',  ( 39.63463462328720510, -1.999999999999997780, -4.000000000000000000 ) ) ;
#3989 = CYLINDRICAL_SURFACE ( 'NONE', #5182, 4.000000000000000000 ) ;
#3990 = CARTESIAN_POINT ( 'NONE',  ( -1.656854249492348163, 1.906250004096759154, -3.999999999999974243 ) ) ;
#3991 = DIRECTION ( 'NONE',  ( -1.000000000000000000, -3.469446951953636671E-15, 0.000000000000000000 ) ) ;
#3992 = CARTESIAN_POINT ( 'NONE',  ( 28.57213462533560033, -3.320554750080268569, -3.188101187500000488 ) ) ;
#3993 = DIRECTION ( 'NONE',  ( -1.000000000000000000, -3.469446951953636671E-15, 0.000000000000000000 ) ) ;
#3994 = CARTESIAN_POINT ( 'NONE',  ( 2.828427124746185850, 4.250000004096775363, 2.828427124746171195 ) ) ;
#3995 = ORIENTED_EDGE ( 'NONE', *, *, #6032, .T. ) ;
#3996 = CARTESIAN_POINT ( 'NONE',  ( 4.644903661846813323E-14, -5.125000000000016875, 3.999999999999974243 ) ) ;
#3997 = CARTESIAN_POINT ( 'NONE',  ( 3.188101187499979172, 6.500000002048387238, -1.320554750080259021 ) ) ;
#3998 = FACE_OUTER_BOUND ( 'NONE', #6738, .T. ) ;
#3999 = CARTESIAN_POINT ( 'NONE',  ( -3.188101187499955635, 2.937500002048365033, -1.320554750080259021 ) ) ;
#4000 = CARTESIAN_POINT ( 'NONE',  ( 1.320554750080302320, -3.999999997951620312, 3.188101187499972955 ) ) ;
#4001 = CARTESIAN_POINT ( 'NONE',  ( -1.656854249492314857, -8.031249995903243288, 3.999999999999972911 ) ) ;
#4002 = ORIENTED_EDGE ( 'NONE', *, *, #6624, .T. ) ;
#4003 = CARTESIAN_POINT ( 'NONE',  ( 29.22838462533560033, 0.2543279687901365826, 2.254327968790134751 ) ) ;
#4004 = CARTESIAN_POINT ( 'NONE',  ( 48.63463462533560033, 1.188101187500001599, 1.320554750080270123 ) ) ;
#4005 = CARTESIAN_POINT ( 'NONE',  ( 41.79088462533560033, -1.999999999999997780, -3.188101187500000488 ) ) ;
#4006 = LINE ( 'NONE', #4551, #126 ) ;
#4007 = DIRECTION ( 'NONE',  ( -1.000000000000000000, -3.413484460715017990E-15, 0.000000000000000000 ) ) ;
#4008 = CARTESIAN_POINT ( 'NONE',  ( -2.828427124746124566, -5.312500000000025757, 2.828427124746172083 ) ) ;
#4009 = DATE_AND_TIME ( #1205, #2059 ) ;
#4010 = CARTESIAN_POINT ( 'NONE',  ( 35.50963462533560033, -3.320554750080270345, 3.188101187499999156 ) ) ;
#4011 = CARTESIAN_POINT ( 'NONE',  ( 41.79088462738398846, 2.000000000000001776, 1.656854249492381026 ) ) ;
#4012 = CARTESIAN_POINT ( 'NONE',  ( 46.94713462533561454, -0.6794452499197284334, 3.188101187500000488 ) ) ;
#4013 = CARTESIAN_POINT ( 'NONE',  ( 1.320554750080298989, -2.874999997951621200, 3.188101187499972955 ) ) ;
#4014 = CARTESIAN_POINT ( 'NONE',  ( -1.656854249492344833, 0.7812499999999797939, 3.999999999999973355 ) ) ;
#4015 = CARTESIAN_POINT ( 'NONE',  ( 26.32213462738398491, -1.999999999999997780, -4.000000000000000000 ) ) ;
#4016 = CARTESIAN_POINT ( 'NONE',  ( -1.320554750080227491, -1.187499997951628750, 3.188101187499973399 ) ) ;
#4017 = CARTESIAN_POINT ( 'NONE',  ( 26.60338462533560033, -4.254327968790133419, 2.254327968790133863 ) ) ;
#4018 = CARTESIAN_POINT ( 'NONE',  ( 43.66588462533560744, -1.999999999999997780, -3.188101187500000044 ) ) ;
#4019 = CARTESIAN_POINT ( 'NONE',  ( 50.65025962431140982, -1.999999999999998224, 3.594050593750000022 ) ) ;
#4020 = FACE_OUTER_BOUND ( 'NONE', #6519, .T. ) ;
#4021 = CARTESIAN_POINT ( 'NONE',  ( -3.188101187499965405, 5.937500002048364145, -1.320554750080258799 ) ) ;
#4022 = CARTESIAN_POINT ( 'NONE',  ( 36.63463462328721221, -1.999999999999997780, -4.000000000000000000 ) ) ;
#4023 = CARTESIAN_POINT ( 'NONE',  ( -2.828427124746150767, 2.000000004096755823, -2.828427124746171639 ) ) ;
#4024 = CARTESIAN_POINT ( 'NONE',  ( 49.57213462738398846, -1.999999999999998224, 4.000000000000000000 ) ) ;
#4025 = FACE_OUTER_BOUND ( 'NONE', #2540, .T. ) ;
#4026 = ORIENTED_EDGE ( 'NONE', *, *, #2052, .F. ) ;
#4027 = CARTESIAN_POINT ( 'NONE',  ( 1.320554750080263906, 6.687500002048380132, -3.188101187499973843 ) ) ;
#4028 = DIRECTION ( 'NONE',  ( -1.000000000000000000, -0.000000000000000000, -0.000000000000000000 ) ) ;
#4029 = CARTESIAN_POINT ( 'NONE',  ( -2.254327968790072578, -4.656249997951633190, -2.254327968790116099 ) ) ;
#4030 = CARTESIAN_POINT ( 'NONE',  ( -3.188101187499930322, -4.468749997951636743, 0.000000000000000000 ) ) ;
#4031 = CARTESIAN_POINT ( 'NONE',  ( -2.828427124746115240, -8.124999995903246841, 2.828427124746172083 ) ) ;
#4032 = ORIENTED_EDGE ( 'NONE', *, *, #7058, .F. ) ;
#4033 = CARTESIAN_POINT ( 'NONE',  ( 47.32213462533560744, -0.6794452499197284334, 3.188101187499999600 ) ) ;
#4034 = CARTESIAN_POINT ( 'NONE',  ( 38.04088462533560033, -1.999999999999998224, 3.188101187500000488 ) ) ;
#4035 = CARTESIAN_POINT ( 'NONE',  ( 7.999999999999994671, 6.000000000000001776, 0.000000000000000000 ) ) ;
#4036 = CARTESIAN_POINT ( 'NONE',  ( 50.88463462328721221, -1.999999999999997780, -4.000000000000000000 ) ) ;
#4037 = CARTESIAN_POINT ( 'NONE',  ( 3.999999999999991562, -0.06250376837664603502, 2.106920153670010521E-07 ) ) ;
#4038 = PERSON_AND_ORGANIZATION ( #6710, #6828 ) ;
#4039 = CARTESIAN_POINT ( 'NONE',  ( 33.63463462533560033, 1.188101187500001599, 1.320554750080270123 ) ) ;
#4040 = CARTESIAN_POINT ( 'NONE',  ( 33.07213462738398135, -1.999999999999998224, 4.000000000000000000 ) ) ;
#4041 = CARTESIAN_POINT ( 'NONE',  ( 48.35338462533560033, 0.2543279687901370267, 2.254327968790135195 ) ) ;
#4042 = CARTESIAN_POINT ( 'NONE',  ( 3.188101187500027134, -7.187499997951614539, 1.320554750080258577 ) ) ;
#4043 = CARTESIAN_POINT ( 'NONE',  ( 37.57213462738398846, -1.999999999999998224, 4.000000000000000000 ) ) ;
#4044 = CARTESIAN_POINT ( 'NONE',  ( 47.32213462738398846, -1.999999999999997780, -4.000000000000000000 ) ) ;
#4045 = EDGE_CURVE ( 'NONE', #2765, #1161, #6640, .T. ) ;
#4046 = CARTESIAN_POINT ( 'NONE',  ( 3.188101187500004485, -0.6249999979516140947, -1.320554750080259021 ) ) ;
#4047 = CARTESIAN_POINT ( 'NONE',  ( 49.47838462328722642, -3.656854249492381914, 3.999999999999999112 ) ) ;
#4048 = CARTESIAN_POINT ( 'NONE',  ( -3.999999999999924505, -2.406250000000028422, 1.656854249492384579 ) ) ;
#4049 = CARTESIAN_POINT ( 'NONE',  ( 48.63463462328721221, -1.999999999999997780, -4.000000000000000000 ) ) ;
#4050 = CARTESIAN_POINT ( 'NONE',  ( 8.536661616984564066E-15, 5.656250002048376579, -3.188101187499973399 ) ) ;
#4051 = EDGE_CURVE ( 'NONE', #4328, #3044, #5786, .T. ) ;
#4052 =( NAMED_UNIT ( * ) SI_UNIT ( $, .STERADIAN. ) SOLID_ANGLE_UNIT ( ) );
#4053 = CARTESIAN_POINT ( 'NONE',  ( 3.188101187500027578, -7.187499997951614539, 1.320554750080258577 ) ) ;
#4054 = CARTESIAN_POINT ( 'NONE',  ( 1.656854249492401232, -0.3437499959032287999, 3.999999999999972911 ) ) ;
#4055 = DIRECTION ( 'NONE',  ( -1.000000000000000000, -0.000000000000000000, -0.000000000000000000 ) ) ;
#4056 = AXIS2_PLACEMENT_3D ( 'NONE', #3238, #4425, #6701 ) ;
#4057 = CARTESIAN_POINT ( 'NONE',  ( 1.656854249492407671, -2.968750000000009770, -3.999999999999974243 ) ) ;
#4058 = CARTESIAN_POINT ( 'NONE',  ( 27.91588462533560033, -1.999999999999998224, 3.188101187500000044 ) ) ;
#4059 = CARTESIAN_POINT ( 'NONE',  ( 38.69713462328720510, 0.8284271247461921783, 2.828427124746190291 ) ) ;
#4060 = EDGE_LOOP ( 'NONE', ( #2590, #4091, #3295 ) ) ;
#4061 = CARTESIAN_POINT ( 'NONE',  ( 1.320554750080278117, 3.125000002048379688, 3.188101187499972955 ) ) ;
#4062 = EDGE_CURVE ( 'NONE', #7159, #7184, #189, .T. ) ;
#4063 = CARTESIAN_POINT ( 'NONE',  ( -3.188101187499930322, -4.562499997951636743, -1.320554750080259021 ) ) ;
#4064 = CARTESIAN_POINT ( 'NONE',  ( -1.320554750080214612, -4.749999997951629638, -3.188101187499973843 ) ) ;
#4065 = CARTESIAN_POINT ( 'NONE',  ( -1.656854249492317299, -7.093749995903242400, -3.999999999999974243 ) ) ;
#4066 = EDGE_LOOP ( 'NONE', ( #1525, #1951 ) ) ;
#4067 = CARTESIAN_POINT ( 'NONE',  ( 47.50963462533560744, -3.320554750080270345, 3.188101187499999156 ) ) ;
#4068 = CARTESIAN_POINT ( 'NONE',  ( 39.82213462533560033, -5.188101187499998268, 1.320554750080270567 ) ) ;
#4069 = DIRECTION ( 'NONE',  ( -1.000000000000000000, -0.000000000000000000, -0.000000000000000000 ) ) ;
#4070 = ADVANCED_FACE ( 'NONE', ( #795 ), #3597, .T. ) ;
#4071 = AXIS2_PLACEMENT_3D ( 'NONE', #6488, #3671, #4334 ) ;
#4072 = CC_DESIGN_PERSON_AND_ORGANIZATION_ASSIGNMENT ( #818, #856, ( #1848 ) ) ;
#4073 = APPROVAL_DATE_TIME ( #2395, #6337 ) ;
#4074 = CARTESIAN_POINT ( 'NONE',  ( 33.72838462533560033, 0.2543279687901365826, 2.254327968790134751 ) ) ;
#4075 = CARTESIAN_POINT ( 'NONE',  ( 32.79088462738398135, 2.000000000000001776, 1.656854249492381026 ) ) ;
#4076 = CARTESIAN_POINT ( 'NONE',  ( 44.32213462533560033, -5.188101187499998268, 1.320554750080270789 ) ) ;
#4077 = CARTESIAN_POINT ( 'NONE',  ( 2.254327968790162284, -5.406249997951618091, -2.254327968790116099 ) ) ;
#4078 = CARTESIAN_POINT ( 'NONE',  ( 3.188101187499999600, 0.6875000020483872376, 1.320554750080258577 ) ) ;
#4079 = CARTESIAN_POINT ( 'NONE',  ( 46.29088462328721221, -0.3431457505076178638, 4.000000000000000000 ) ) ;
#4080 = ORIENTED_EDGE ( 'NONE', *, *, #5588, .F. ) ;
#4081 = CARTESIAN_POINT ( 'NONE',  ( 50.88463462328721221, -1.999999999999998224, 4.000000000000000000 ) ) ;
#4082 = CARTESIAN_POINT ( 'NONE',  ( 1.656854249492381914, 4.531249999999991118, -3.999999999999974243 ) ) ;
#4083 = CARTESIAN_POINT ( 'NONE',  ( 48.44713462328721221, -4.828427124746188959, -2.828427124746190735 ) ) ;
#4084 = CARTESIAN_POINT ( 'NONE',  ( 1.320554750080271678, 5.000000002048381020, 3.188101187499972955 ) ) ;
#4085 = CARTESIAN_POINT ( 'NONE',  ( 3.999999999999983569, 5.656249999999999112, 1.656854249492369036 ) ) ;
#4086 = CARTESIAN_POINT ( 'NONE',  ( 2.167196673532726447E-14, 1.812500004096765371, -3.999999999999974243 ) ) ;
#4087 = ADVANCED_FACE ( 'NONE', ( #6375 ), #5755, .F. ) ;
#4088 = CARTESIAN_POINT ( 'NONE',  ( 28.10338462738398491, 2.000000000000001776, -1.656854249492380138 ) ) ;
#4089 = CARTESIAN_POINT ( 'NONE',  ( 26.60338462533560033, -4.254327968790133419, 2.254327968790133863 ) ) ;
#4090 = CARTESIAN_POINT ( 'NONE',  ( 29.69713462738398491, 2.000000000000001776, 2.449293598294706414E-16 ) ) ;
#4091 = ORIENTED_EDGE ( 'NONE', *, *, #2483, .T. ) ;
#4092 = CARTESIAN_POINT ( 'NONE',  ( -2.254327968790096559, 2.468750002048368142, -2.254327968790116099 ) ) ;
#4093 =( BOUNDED_CURVE ( )  B_SPLINE_CURVE ( 2, ( #4637, #612, #86, #4604, #1781, #119, #2971, #6306, #6913, #5230, #4670, #4774, #4330, #7161, #3178, #793, #300, #6521, #3667, #1417, #2544, #5922, #3739, #3068, #1952, #7052, #3105, #4815, #5408, #3707, #1531, #7086, #1379, #5445, #4221, #6597, #2064, #339, #5328, #2582, #5961, #2661, #1490, #6557, #829, #5997, #224, #6484, #5366, #260, #1991, #4256, #2619, #2507, #7205, #899, #937, #3216, #865, #3142, #4849, #7122, #2025, #5481, #4925, #4293, #1456, #4886, #3776, #6033, #376, #2100, #4364, #6634, #5886, #2219, #3299, #4963, #3340, #456, #7282, #4404, #6156, #5043, #1134, #5521, #6757, #6678, #5082, #568, #7241, #5603, #3379, #2700, #2740, #534, #1573, #1096, #1657, #6718, #974, #6110, #3854, #6801, #7321, #5679, #1016, #3930, #4481, #2179, #6192, #5562, #5006, #5643, #2295, #2823, #7359, #2141, #4557, #6229, #3972, #5118, #417, #3256, #4443, #1611, #3816, #6072, #3890, #2255, #3421, #1055, #2, #4520, #1701, #2860, #6839, #499, #2783, #6873, #2461, #1263, #2962, #6970, #6365, #2426, #674, #5746, #4136, #6299, #3587, #2896, #3459, #4662, #4594, #640, #5223, #5157, #1874, #4010, #2365, #2928, #5807, #1772, #3552, #6937, #4628, #6266, #707, #6904, #3523, #2331, #6397, #2993, #1298, #45, #1807, #5840, #4074, #4039, #6328, #178, #1840, #110, #604, #4730, #745, #3025, #2396, #5287, #4106, #5776, #5193, #5253, #75, #3492, #1206, #1234, #143, #4697, #1738, #1170, #5713, #1034, #6132, #5541, #4766, #476, #398, #3319, #435, #2763, #4943, #215, #7078, #5879, #2496, #7221, #6434, #7042, #819, #7002, #3659, #1942, #4382, #784, #2719, #995, #6654, #1907, #1509, #250, #4211, #2535, #5913, #4984, #3096, #3835, #1552, #3277, #7261, #5355, #6474, #6090, #1334, #5582, #2119, #2161, #4423, #4804, #1983, #3796, #2681, #1369, #4349, #6698, #4172 ),
 .UNSPECIFIED., .F., .T. ) 
 B_SPLINE_CURVE_WITH_KNOTS ( ( 3, 2, 2, 2, 2, 2, 2, 2, 2, 2, 2, 2, 2, 2, 2, 2, 2, 2, 2, 2, 2, 2, 2, 2, 2, 2, 2, 2, 2, 2, 2, 2, 2, 2, 2, 2, 2, 2, 2, 2, 2, 2, 2, 2, 2, 2, 2, 2, 2, 2, 2, 2, 2, 2, 2, 2, 2, 2, 2, 2, 2, 2, 2, 2, 2, 2, 2, 2, 2, 2, 2, 2, 2, 2, 2, 2, 2, 2, 2, 2, 2, 2, 2, 2, 2, 2, 2, 2, 2, 2, 2, 2, 2, 2, 2, 2, 2, 2, 2, 2, 2, 2, 2, 2, 2, 2, 2, 2, 2, 2, 2, 2, 2, 2, 2, 2, 2, 2, 2, 2, 2, 2, 2, 2, 2, 2, 2, 2, 3 ),
 ( 0.000000000000000000, 0.007812500000000000000, 0.01562500000000000000, 0.02343750000000000000, 0.03125000000000000000, 0.03906250000000000000, 0.04687500000000000000, 0.05468750000000000000, 0.06250000000000000000, 0.07031250000000000000, 0.07812500000000000000, 0.08593750000000000000, 0.09375000000000000000, 0.1015625000000000000, 0.1093750000000000000, 0.1171875000000000000, 0.1250000000000000000, 0.1328125000000000000, 0.1406250000000000000, 0.1484375000000000000, 0.1562500000000000000, 0.1640625000000000000, 0.1718750000000000000, 0.1796875000000000000, 0.1875000000000000000, 0.1953125000000000000, 0.2031250000000000000, 0.2109375000000000000, 0.2187500000000000000, 0.2265625000000000000, 0.2343750000000000000, 0.2421875000000000000, 0.2500000000000000000, 0.2578125000000000000, 0.2656250000000000000, 0.2734375000000000000, 0.2812500000000000000, 0.2890625000000000000, 0.2968750000000000000, 0.3046875000000000000, 0.3125000000000000000, 0.3203125000000000000, 0.3281250000000000000, 0.3359375000000000000, 0.3437500000000000000, 0.3515625000000000000, 0.3593750000000000000, 0.3671875000000000000, 0.3750000000000000000, 0.3828125000000000000, 0.3906250000000000000, 0.3984375000000000000, 0.4062500000000000000, 0.4140625000000000000, 0.4218750000000000000, 0.4296875000000000000, 0.4375000000000000000, 0.4453125000000000000, 0.4531250000000000000, 0.4609375000000000000, 0.4687500000000000000, 0.4765625000000000000, 0.4843750000000000000, 0.4921875000000000000, 0.5000000000000000000, 0.5078125000000000000, 0.5156250000000000000, 0.5234375000000000000, 0.5312500000000000000, 0.5390625000000000000, 0.5468750000000000000, 0.5546875000000000000, 0.5625000000000000000, 0.5703125000000000000, 0.5781250000000000000, 0.5859375000000000000, 0.5937500000000000000, 0.6015625000000000000, 0.6093750000000000000, 0.6171875000000000000, 0.6250000000000000000, 0.6328125000000000000, 0.6406250000000000000, 0.6484375000000000000, 0.6562500000000000000, 0.6640625000000000000, 0.6718750000000000000, 0.6796875000000000000, 0.6875000000000000000, 0.6953125000000000000, 0.7031250000000000000, 0.7109375000000000000, 0.7187500000000000000, 0.7265625000000000000, 0.7343750000000000000, 0.7421875000000000000, 0.7500000000000000000, 0.7578125000000000000, 0.7656250000000000000, 0.7734375000000000000, 0.7812500000000000000, 0.7890625000000000000, 0.7968750000000000000, 0.8046875000000000000, 0.8125000000000000000, 0.8203125000000000000, 0.8281250000000000000, 0.8359375000000000000, 0.8437500000000000000, 0.8515625000000000000, 0.8593750000000000000, 0.8671875000000000000, 0.8750000000000000000, 0.8828125000000000000, 0.8906250000000000000, 0.8984375000000000000, 0.9062500000000000000, 0.9140625000000000000, 0.9218750000000000000, 0.9296875000000000000, 0.9375000000000000000, 0.9453125000000000000, 0.9531250000000000000, 0.9609375000000000000, 0.9687500000000000000, 0.9765625000000000000, 0.9843750000000000000, 0.9921875000000000000, 1.000000000000000000 ),
 .UNSPECIFIED. ) 
 CURVE ( )  GEOMETRIC_REPRESENTATION_ITEM ( )  RATIONAL_B_SPLINE_CURVE ( ( 1.000000000000000000, 0.9238795325112867385, 1.000000000000000000, 0.9238795325112867385, 1.000000000000000000, 0.9238795325112867385, 1.000000000000000000, 0.9238795325112867385, 1.000000000000000000, 0.9238795325112867385, 1.000000000000000000, 0.9238795325112867385, 1.000000000000000000, 0.9238795325112867385, 1.000000000000000000, 0.9238795325112867385, 1.000000000000000000, 0.9238795325112867385, 1.000000000000000000, 0.9238795325112867385, 1.000000000000000000, 0.9238795325112867385, 1.000000000000000000, 0.9238795325112867385, 1.000000000000000000, 0.9238795325112867385, 1.000000000000000000, 0.9238795325112867385, 1.000000000000000000, 0.9238795325112867385, 1.000000000000000000, 0.9238795325112867385, 1.000000000000000000, 0.9238795325112867385, 1.000000000000000000, 0.9238795325112867385, 1.000000000000000000, 0.9238795325112867385, 1.000000000000000000, 0.9238795325112867385, 1.000000000000000000, 0.9238795325112867385, 1.000000000000000000, 0.9238795325112867385, 1.000000000000000000, 0.9238795325112867385, 1.000000000000000000, 0.9238795325112867385, 1.000000000000000000, 0.9238795325112867385, 1.000000000000000000, 0.9238795325112867385, 1.000000000000000000, 0.9238795325112867385, 1.000000000000000000, 0.9238795325112867385, 1.000000000000000000, 0.9238795325112867385, 1.000000000000000000, 0.9238795325112867385, 1.000000000000000000, 0.9238795325112867385, 1.000000000000000000, 0.9238795325112867385, 1.000000000000000000, 0.9238795325112867385, 1.000000000000000000, 0.9238795325112867385, 1.000000000000000000, 0.9238795325112867385, 1.000000000000000000, 0.9238795325112867385, 1.000000000000000000, 0.9238795325112867385, 1.000000000000000000, 0.9238795325112867385, 1.000000000000000000, 0.9238795325112867385, 1.000000000000000000, 0.9238795325112867385, 1.000000000000000000, 0.9238795325112867385, 1.000000000000000000, 0.9238795325112867385, 1.000000000000000000, 0.9238795325112867385, 1.000000000000000000, 0.9238795325112867385, 1.000000000000000000, 0.9238795325112867385, 1.000000000000000000, 0.9238795325112867385, 1.000000000000000000, 0.9238795325112867385, 1.000000000000000000, 0.9238795325112867385, 1.000000000000000000, 0.9238795325112867385, 1.000000000000000000, 0.9238795325112867385, 1.000000000000000000, 0.9238795325112867385, 1.000000000000000000, 0.9238795325112867385, 1.000000000000000000, 0.9238795325112867385, 1.000000000000000000, 0.9238795325112867385, 1.000000000000000000, 0.9238795325112867385, 1.000000000000000000, 0.9238795325112867385, 1.000000000000000000, 0.9238795325112867385, 1.000000000000000000, 0.9238795325112867385, 1.000000000000000000, 0.9238795325112867385, 1.000000000000000000, 0.9238795325112867385, 1.000000000000000000, 0.9238795325112867385, 1.000000000000000000, 0.9238795325112867385, 1.000000000000000000, 0.9238795325112867385, 1.000000000000000000, 0.9238795325112867385, 1.000000000000000000, 0.9238795325112867385, 1.000000000000000000, 0.9238795325112867385, 1.000000000000000000, 0.9238795325112867385, 1.000000000000000000, 0.9238795325112867385, 1.000000000000000000, 0.9238795325112867385, 1.000000000000000000, 0.9238795325112867385, 1.000000000000000000, 0.9238795325112867385, 1.000000000000000000, 0.9238795325112867385, 1.000000000000000000, 0.9238795325112867385, 1.000000000000000000, 0.9238795325112867385, 1.000000000000000000, 0.9238795325112867385, 1.000000000000000000, 0.9238795325112867385, 1.000000000000000000, 0.9238795325112867385, 1.000000000000000000, 0.9238795325112867385, 1.000000000000000000, 0.9238795325112867385, 1.000000000000000000, 0.9238795325112867385, 1.000000000000000000, 0.9238795325112867385, 1.000000000000000000, 0.9238795325112867385, 1.000000000000000000, 0.9238795325112867385, 1.000000000000000000, 0.9238795325112867385, 1.000000000000000000, 0.9238795325112867385, 1.000000000000000000, 0.9238795325112867385, 1.000000000000000000, 0.9238795325112867385, 1.000000000000000000, 0.9238795325112867385, 1.000000000000000000, 0.9238795325112867385, 1.000000000000000000, 0.9238795325112867385, 1.000000000000000000, 0.9238795325112867385, 1.000000000000000000, 0.9238795325112867385, 1.000000000000000000, 0.9238795325112867385, 1.000000000000000000, 0.9238795325112867385, 1.000000000000000000, 0.9238795325112867385, 1.000000000000000000, 0.9238795325112867385, 1.000000000000000000, 0.9238795325112867385, 1.000000000000000000, 0.9238795325112867385, 1.000000000000000000, 0.9238795325112867385, 1.000000000000000000, 0.9238795325112867385, 1.000000000000000000, 0.9238795325112867385, 1.000000000000000000, 0.9238795325112867385, 1.000000000000000000, 0.9238795325112867385, 1.000000000000000000, 0.9238795325112867385, 1.000000000000000000, 0.9238795325112867385, 1.000000000000000000, 0.9238795325112867385, 1.000000000000000000, 0.9238795325112867385, 1.000000000000000000, 0.9238795325112867385, 1.000000000000000000, 0.9238795325112867385, 1.000000000000000000, 0.9238795325112867385, 1.000000000000000000, 0.9238795325112867385, 1.000000000000000000, 0.9238795325112867385, 1.000000000000000000, 0.9238795325112867385, 1.000000000000000000, 0.9238795325112867385, 1.000000000000000000, 0.9238795325112867385, 1.000000000000000000, 0.9238795325112867385, 1.000000000000000000, 0.9238795325112867385, 1.000000000000000000, 0.9238795325112867385, 1.000000000000000000, 0.9238795325112867385, 1.000000000000000000, 0.9238795325112867385, 1.000000000000000000, 0.9238795325112867385, 1.000000000000000000, 0.9238795325112867385, 1.000000000000000000, 0.9238795325112867385, 1.000000000000000000, 0.9238795325112867385, 1.000000000000000000, 0.9238795325112867385, 1.000000000000000000, 0.9238795325112867385, 1.000000000000000000, 0.9238795325112867385, 1.000000000000000000, 0.9238795325112867385, 1.000000000000000000 ) ) 
 REPRESENTATION_ITEM ( '' )  );
#4094 = CARTESIAN_POINT ( 'NONE',  ( 2.254327968790157843, -3.906249997951616759, 2.254327968790115655 ) ) ;
#4095 = CARTESIAN_POINT ( 'NONE',  ( 5.305319593570404088E-14, -7.093749997951626085, 3.188101187499973399 ) ) ;
#4096 = CARTESIAN_POINT ( 'NONE',  ( 3.188101187499979616, 6.406250002048388126, -3.904297914629718393E-16 ) ) ;
#4097 = VERTEX_POINT ( 'NONE', #3002 ) ;
#4098 = CARTESIAN_POINT ( 'NONE',  ( 45.72838462533560033, 0.2543279687901365826, 2.254327968790134751 ) ) ;
#4099 = CARTESIAN_POINT ( 'NONE',  ( 38.79088462533560033, -1.999999999999997780, -3.188101187500000488 ) ) ;
#4100 = FACE_OUTER_BOUND ( 'NONE', #1932, .T. ) ;
#4101 = AXIS2_PLACEMENT_3D ( 'NONE', #6787, #1559, #4468 ) ;
#4102 = CALENDAR_DATE ( 2026, 27, 9 ) ;
#4103 = CARTESIAN_POINT ( 'NONE',  ( 12.07383642466322193, -4.806020236570399007, 7.496285729562130129 ) ) ;
#4104 = EDGE_CURVE ( 'NONE', #7184, #3797, #6432, .T. ) ;
#4105 = COORDINATED_UNIVERSAL_TIME_OFFSET ( 8, 0, .AHEAD. ) ;
#4106 = CARTESIAN_POINT ( 'NONE',  ( 32.60338462533560033, -4.254327968790133419, 2.254327968790133863 ) ) ;
#4107 = CARTESIAN_POINT ( 'NONE',  ( 35.88463462738398846, 0.8284271247461921783, 2.828427124746190291 ) ) ;
#4108 = CARTESIAN_POINT ( 'NONE',  ( 44.97838462533560033, 0.2543279687901370267, -2.254327968790134751 ) ) ;
#4109 = CARTESIAN_POINT ( 'NONE',  ( 3.188101187500015588, -3.999999997951613651, -1.320554750080259243 ) ) ;
#4110 = CARTESIAN_POINT ( 'NONE',  ( 48.25963462533561454, 1.188101187500001599, 1.320554750080270123 ) ) ;
#4111 = CARTESIAN_POINT ( 'NONE',  ( 47.60338462328721221, 2.000000000000001776, 1.656854249492381026 ) ) ;
#4112 = ORIENTED_EDGE ( 'NONE', *, *, #5204, .T. ) ;
#4113 = CARTESIAN_POINT ( 'NONE',  ( 1.656854249492392572, 1.531249999999990008, -3.999999999999974243 ) ) ;
#4114 = CARTESIAN_POINT ( 'NONE',  ( 42.16588462328721221, -5.999999999999997335, 1.656854249492381248 ) ) ;
#4115 = CARTESIAN_POINT ( 'NONE',  ( -3.188101187499934763, -3.062499997951636743, -1.320554750080258799 ) ) ;
#4116 = PRODUCT_RELATED_PRODUCT_CATEGORY ( 'detail', '', ( #2215 ) ) ;
#4117 = CARTESIAN_POINT ( 'NONE',  ( -3.999999999999968026, 6.499999999999971578, 0.000000000000000000 ) ) ;
#4118 = CARTESIAN_POINT ( 'NONE',  ( 4.000000000000022204, -6.062499995903222860, -4.898587196589381274E-16 ) ) ;
#4119 = CARTESIAN_POINT ( 'NONE',  ( 35.97838462328721221, -3.656854249492399234, 3.999999999999980904 ) ) ;
#4120 = CARTESIAN_POINT ( 'NONE',  ( 45.82213462738398846, -1.999999999999997780, -4.000000000000000000 ) ) ;
#4121 = CARTESIAN_POINT ( 'NONE',  ( 4.000000000000022204, -5.968749995903223748, -1.656854249492370146 ) ) ;
#4122 = ORIENTED_EDGE ( 'NONE', *, *, #3719, .F. ) ;
#4123 = CARTESIAN_POINT ( 'NONE',  ( -3.188101187499971179, 7.531250002048365921, 0.000000000000000000 ) ) ;
#4124 = CARTESIAN_POINT ( 'NONE',  ( 3.188101187500019140, -5.124999997951614539, -1.320554750080259243 ) ) ;
#4125 = CARTESIAN_POINT ( 'NONE',  ( -3.188101187499970735, 7.437500002048365921, -1.320554750080258799 ) ) ;
#4126 = CARTESIAN_POINT ( 'NONE',  ( -3.188101187499948974, 1.062500002048364145, -1.320554750080258799 ) ) ;
#4127 = ORIENTED_EDGE ( 'NONE', *, *, #4814, .T. ) ;
#4128 = CARTESIAN_POINT ( 'NONE',  ( 43.94713462533560033, 1.188101187500001599, -1.320554750080269679 ) ) ;
#4129 = CARTESIAN_POINT ( 'NONE',  ( 43.10338462533560744, -4.254327968790133419, -2.254327968790135639 ) ) ;
#4130 = LINE ( 'NONE', #6391, #2638 ) ;
#4131 = EDGE_CURVE ( 'NONE', #5480, #5830, #4970, .T. ) ;
#4132 = CARTESIAN_POINT ( 'NONE',  ( -3.999999999999931610, -4.093750000000029310, -1.656854249492369702 ) ) ;
#4133 = CARTESIAN_POINT ( 'NONE',  ( 40.38463462328721221, -1.999999999999998224, 4.000000000000000000 ) ) ;
#4134 = CARTESIAN_POINT ( 'NONE',  ( 44.13463462533560033, 1.188101187500001599, 1.320554750080270123 ) ) ;
#4135 = DATE_TIME_ROLE ( 'classification_date' ) ;
#4136 = CARTESIAN_POINT ( 'NONE',  ( 36.54088462533560033, 1.188101187500001599, 1.952148957314875220E-16 ) ) ;
#4137 = CARTESIAN_POINT ( 'NONE',  ( 32.04088462738398135, -5.999999999999997335, -1.656854249492382580 ) ) ;
#4138 = CARTESIAN_POINT ( 'NONE',  ( 45.07213462533560033, 1.188101187500002043, -1.320554750080270123 ) ) ;
#4139 = CARTESIAN_POINT ( 'NONE',  ( 1.320554750080303652, -4.374999997951620756, 3.188101187499972955 ) ) ;
#4140 = CARTESIAN_POINT ( 'NONE',  ( 36.82213462328720510, 0.8284271247461921783, -2.828427124746189847 ) ) ;
#4141 = CARTESIAN_POINT ( 'NONE',  ( 45.35338462328721221, -5.999999999999997335, -1.656854249492382580 ) ) ;
#4142 = ORIENTED_EDGE ( 'NONE', *, *, #4465, .T. ) ;
#4143 = FACE_OUTER_BOUND ( 'NONE', #3284, .T. ) ;
#4144 = CARTESIAN_POINT ( 'NONE',  ( 3.999999999999997335, 1.343749999999999556, -1.656854249492369924 ) ) ;
#4145 = CARTESIAN_POINT ( 'NONE',  ( 3.999999999999991562, -0.06250376837664603502, 2.106920153670010521E-07 ) ) ;
#4146 = CARTESIAN_POINT ( 'NONE',  ( -2.254327968790088121, 0.2187500020483677532, 2.254327968790116543 ) ) ;
#4147 = CYLINDRICAL_SURFACE ( 'NONE', #15, 4.000000000000000000 ) ;
#4148 = CARTESIAN_POINT ( 'NONE',  ( -3.999999999999957367, 3.593749999999972022, 1.656854249492372588 ) ) ;
#4149 = CARTESIAN_POINT ( 'NONE',  ( -3.999999999999916955, -8.406249995903250394, -1.656854249492369702 ) ) ;
#4150 = CARTESIAN_POINT ( 'NONE',  ( 3.999999999999992450, 4.156250000000000000, 1.656854249492365927 ) ) ;
#4151 = CC_DESIGN_DATE_AND_TIME_ASSIGNMENT ( #5987, #3095, ( #1848 ) ) ;
#4152 = CARTESIAN_POINT ( 'NONE',  ( 47.69713462738398846, 2.000000000000001776, 2.449293598294706414E-16 ) ) ;
#4153 = CARTESIAN_POINT ( 'NONE',  ( -1.656854249492325071, -5.031249995903241512, 3.999999999999973355 ) ) ;
#4154 = EDGE_LOOP ( 'NONE', ( #6674, #7069, #1252, #4400 ) ) ;
#4155 = CARTESIAN_POINT ( 'NONE',  ( 3.188101187500004929, -0.9999999979516143167, -1.320554750080259021 ) ) ;
#4156 = CARTESIAN_POINT ( 'NONE',  ( 45.16588462738398846, -3.656854249492408115, 3.999999999999971578 ) ) ;
#4157 = CARTESIAN_POINT ( 'NONE',  ( -1.320554750080249251, 5.375000002048373027, -3.188101187499973843 ) ) ;
#4158 =( BOUNDED_CURVE ( )  B_SPLINE_CURVE ( 2, ( #3561, #4182, #88, #6979, #6446, #1819, #1309, #1884, #4145 ),
 .UNSPECIFIED., .F., .T. ) 
 B_SPLINE_CURVE_WITH_KNOTS ( ( 3, 2, 2, 2, 3 ),
 ( 0.3749916393499644895, 0.3867100850635476483, 0.3984285724897157488, 0.4101470599158839048, 0.4218655489658137414 ),
 .UNSPECIFIED. ) 
 CURVE ( )  GEOMETRIC_REPRESENTATION_ITEM ( )  RATIONAL_B_SPLINE_CURVE ( ( 0.9999994580921497400, 0.9238798034661763747, 1.000000000000000000, 0.9238795325112867385, 1.000000000000000000, 0.9238795325112867385, 1.000000000000000000, 0.9238795325112867385, 1.000000000000000000 ) ) 
 REPRESENTATION_ITEM ( '' )  );
#4159 = ORIENTED_EDGE ( 'NONE', *, *, #7244, .F. ) ;
#4160 = ORIENTED_EDGE ( 'NONE', *, *, #4051, .T. ) ;
#4161 = VECTOR ( 'NONE', #4647, 1000.000000000000000 ) ;
#4162 = CARTESIAN_POINT ( 'NONE',  ( 41.97838462533560033, -4.254327968790132530, -2.254327968790135195 ) ) ;
#4163 = CARTESIAN_POINT ( 'NONE',  ( 31.85338462533560033, 0.2543279687901370267, 2.254327968790135195 ) ) ;
#4164 = CARTESIAN_POINT ( 'NONE',  ( 32.32213462738398846, -1.999999999999997780, -4.000000000000000000 ) ) ;
#4165 = CARTESIAN_POINT ( 'NONE',  ( 1.594002944889497231, -8.468027810501931540, 2.761004127744565828 ) ) ;
#4166 = CARTESIAN_POINT ( 'NONE',  ( 2.828427124746212051, -3.437500000000004885, 2.828427124746171195 ) ) ;
#4167 = APPROVAL_DATE_TIME ( #2456, #5711 ) ;
#4168 = CARTESIAN_POINT ( 'NONE',  ( 5.095123841545272282E-14, -6.437499995903237071, 3.999999999999974243 ) ) ;
#4169 = CARTESIAN_POINT ( 'NONE',  ( 41.88463462533560744, -5.188101187499997380, -1.320554750080271678 ) ) ;
#4170 = MECHANICAL_CONTEXT ( 'NONE', #3373, 'mechanical' ) ;
#4171 = EDGE_CURVE ( 'NONE', #4414, #1528, #4158, .T. ) ;
#4172 = CARTESIAN_POINT ( 'NONE',  ( 26.41588462533560033, -1.999999999999998224, 3.188101187500000044 ) ) ;
#4173 = CARTESIAN_POINT ( 'NONE',  ( 31.19713462738398491, 2.000000000000001776, 2.449293598294706414E-16 ) ) ;
#4174 = CARTESIAN_POINT ( 'NONE',  ( 42.44713462533560033, -0.6794452499197284334, 3.188101187500000488 ) ) ;
#4175 = FACE_OUTER_BOUND ( 'NONE', #1881, .T. ) ;
#4176 = CARTESIAN_POINT ( 'NONE',  ( 37.29088462328721221, -0.3431457505076538350, 4.000000000000035527 ) ) ;
#4177 = CARTESIAN_POINT ( 'NONE',  ( 47.79088462328720510, -0.3431457505076178638, 4.000000000000000000 ) ) ;
#4178 = ORIENTED_EDGE ( 'NONE', *, *, #5846, .T. ) ;
#4179 = AXIS2_PLACEMENT_3D ( 'NONE', #6198, #2300, #6762 ) ;
#4180 = FACE_OUTER_BOUND ( 'NONE', #5101, .T. ) ;
#4181 = CARTESIAN_POINT ( 'NONE',  ( 2.828427124746189403, 2.937499999999995559, -2.828427124746171639 ) ) ;
#4182 = CARTESIAN_POINT ( 'NONE',  ( -3.999995486126481037, 0.5937496428937510951, -1.656858763365835152 ) ) ;
#4183 = CARTESIAN_POINT ( 'NONE',  ( -2.254327968790073022, -4.281249997951633190, 2.254327968790116543 ) ) ;
#4184 = CARTESIAN_POINT ( 'NONE',  ( 6.000000000000000888, 8.000000000000000000, 0.000000000000000000 ) ) ;
#4185 = CARTESIAN_POINT ( 'NONE',  ( 2.828427124746179189, 5.937499999999996447, -2.828427124746171639 ) ) ;
#4186 = CARTESIAN_POINT ( 'NONE',  ( 5.095123841545272282E-14, -6.437499995903237071, 3.999999999999974243 ) ) ;
#4187 = EDGE_CURVE ( 'NONE', #2390, #2765, #651, .T. ) ;
#4188 = CARTESIAN_POINT ( 'NONE',  ( -3.999999999999962697, 4.906249999999972466, -1.656854249492369702 ) ) ;
#4189 = CARTESIAN_POINT ( 'NONE',  ( 46.47838462738400267, -0.3431457505076178638, 4.000000000000000000 ) ) ;
#4190 = LINE ( 'NONE', #6953, #5560 ) ;
#4191 = ORIENTED_EDGE ( 'NONE', *, *, #2423, .F. ) ;
#4192 = CARTESIAN_POINT ( 'NONE',  ( 3.999999999999977351, 7.250000000000000000, -4.898587196589381274E-16 ) ) ;
#4193 = CARTESIAN_POINT ( 'NONE',  ( 1.320554750080289663, -0.8124999979516210891, -3.188101187499973843 ) ) ;
#4194 = CARTESIAN_POINT ( 'NONE',  ( 2.254327968790171166, -8.031249997951617203, -2.254327968790116099 ) ) ;
#4195 = AXIS2_PLACEMENT_3D ( 'NONE', #6815, #5727, #6309 ) ;
#4196 = CARTESIAN_POINT ( 'NONE',  ( 28.19713462533560744, -3.320554750080268125, -3.188101187500001377 ) ) ;
#4197 = CARTESIAN_POINT ( 'NONE',  ( 1.320554750080288109, 0.1250000020483797991, 3.188101187499972955 ) ) ;
#4198 = ORIENTED_EDGE ( 'NONE', *, *, #6129, .T. ) ;
#4199 = CARTESIAN_POINT ( 'NONE',  ( 4.000000000000013323, -3.250000000000001332, -4.898587196589381274E-16 ) ) ;
#4200 = CIRCLE ( 'NONE', #5507, 10.00000000000000000 ) ;
#4201 = CARTESIAN_POINT ( 'NONE',  ( 42.82213462533560033, -0.6794452499197284334, 3.188101187499999600 ) ) ;
#4202 = CARTESIAN_POINT ( 'NONE',  ( 35.22838462533560744, -4.254327968790133419, 2.254327968790134307 ) ) ;
#4203 = CYLINDRICAL_SURFACE ( 'NONE', #4298, 4.000000000000000000 ) ;
#4204 = CARTESIAN_POINT ( 'NONE',  ( 31.57213462738398846, -1.999999999999998224, 4.000000000000000000 ) ) ;
#4205 =( BOUNDED_CURVE ( )  B_SPLINE_CURVE ( 2, ( #6121, #3309, #5572, #2754, #5816, #4706, #1244, #3534, #3633 ),
 .UNSPECIFIED., .F., .T. ) 
 B_SPLINE_CURVE_WITH_KNOTS ( ( 3, 2, 2, 2, 3 ),
 ( 0.3750000000000000000, 0.3828125000000000000, 0.3906250000000000000, 0.3984375000000000000, 0.4062500000000000000 ),
 .UNSPECIFIED. ) 
 CURVE ( )  GEOMETRIC_REPRESENTATION_ITEM ( )  RATIONAL_B_SPLINE_CURVE ( ( 1.000000000000000000, 0.9238795325112867385, 1.000000000000000000, 0.9238795325112867385, 1.000000000000000000, 0.9238795325112867385, 1.000000000000000000, 0.9238795325112867385, 1.000000000000000000 ) ) 
 REPRESENTATION_ITEM ( '' )  );
#4206 = CARTESIAN_POINT ( 'NONE',  ( 4.000000000000023093, -6.250000000000001776, -4.898587196589381274E-16 ) ) ;
#4207 = APPROVAL_ROLE ( '' ) ;
#4208 = CARTESIAN_POINT ( 'NONE',  ( 48.91588462328721931, 2.000000000000001776, -1.656854249492380138 ) ) ;
#4209 = CARTESIAN_POINT ( 'NONE',  ( 43.47838462533560744, -4.254327968790132530, -2.254327968790135195 ) ) ;
#4210 = COORDINATED_UNIVERSAL_TIME_OFFSET ( 8, 0, .AHEAD. ) ;
#4211 = CARTESIAN_POINT ( 'NONE',  ( 28.66588462533560033, -1.999999999999997780, -3.188101187500000044 ) ) ;
#4212 =( REPRESENTATION_RELATIONSHIP ('NONE','NONE', #5871, #4877 ) REPRESENTATION_RELATIONSHIP_WITH_TRANSFORMATION ( #2611 )SHAPE_REPRESENTATION_RELATIONSHIP( ) );
#4213 = CARTESIAN_POINT ( 'NONE',  ( 25.85338462738398491, -5.999999999999997335, 1.656854249492381248 ) ) ;
#4214 = CARTESIAN_POINT ( 'NONE',  ( 37.75963462533560033, 1.188101187500002043, 1.320554750080270123 ) ) ;
#4215 = CARTESIAN_POINT ( 'NONE',  ( 37.85338462738398846, -5.999999999999997335, 1.656854249492381248 ) ) ;
#4216 = CARTESIAN_POINT ( 'NONE',  ( 36.63463462328721221, -1.999999999999997780, -4.000000000000000000 ) ) ;
#4217 = VERTEX_POINT ( 'NONE', #4777 ) ;
#4218 = CARTESIAN_POINT ( 'NONE',  ( 47.32213462328720510, 0.8284271247461921783, -2.828427124746189847 ) ) ;
#4219 = ORIENTED_EDGE ( 'NONE', *, *, #4801, .F. ) ;
#4220 = ORIENTED_EDGE ( 'NONE', *, *, #1399, .T. ) ;
#4221 = CARTESIAN_POINT ( 'NONE',  ( 47.22838462533560033, 0.2543279687901365826, 2.254327968790134751 ) ) ;
#4222 = CARTESIAN_POINT ( 'NONE',  ( -1.656854249492347497, 1.718749999999979794, -3.999999999999974243 ) ) ;
#4223 = CARTESIAN_POINT ( 'NONE',  ( 3.188101187499986278, 4.812500002048387238, 1.320554750080258577 ) ) ;
#4224 = CARTESIAN_POINT ( 'NONE',  ( -3.188101187499935207, -2.968749997951636743, 0.000000000000000000 ) ) ;
#4225 = DIRECTION ( 'NONE',  ( -0.5000000000000018874, -0.000000000000000000, 0.8660254037844375974 ) ) ;
#4226 = CARTESIAN_POINT ( 'NONE',  ( -3.999999999999962697, 4.999999999999971578, 0.000000000000000000 ) ) ;
#4227 = CARTESIAN_POINT ( 'NONE',  ( -1.656854249492312414, -8.593749995903243288, -3.999999999999974243 ) ) ;
#4228 = DIRECTION ( 'NONE',  ( -1.000000000000000000, -3.469446951953659154E-15, 0.000000000000000000 ) ) ;
#4229 = CARTESIAN_POINT ( 'NONE',  ( 48.63463462738398846, -4.828427124746188959, -2.828427124746190735 ) ) ;
#4230 = DIRECTION ( 'NONE',  ( 0.000000000000000000, 0.000000000000000000, -1.000000000000000000 ) ) ;
#4231 = ORIENTED_EDGE ( 'NONE', *, *, #627, .F. ) ;
#4232 = CARTESIAN_POINT ( 'NONE',  ( 1.656854249492402564, -1.468750000000009992, -3.999999999999974243 ) ) ;
#4233 = CARTESIAN_POINT ( 'NONE',  ( -2.254327968790081460, -1.656249997951632080, 2.254327968790116543 ) ) ;
#4234 = SPHERICAL_SURFACE ( 'NONE', #5001, 10.00000000000000000 ) ;
#4235 = CARTESIAN_POINT ( 'NONE',  ( 3.999999999999974243, 8.201801801801815728, 4.898587196589381274E-16 ) ) ;
#4236 = EDGE_CURVE ( 'NONE', #5407, #2165, #5738, .T. ) ;
#4237 = CARTESIAN_POINT ( 'NONE',  ( 3.188101187499989386, 3.500000002048387238, -1.320554750080259021 ) ) ;
#4238 = ORIENTED_EDGE ( 'NONE', *, *, #778, .T. ) ;
#4239 =( BOUNDED_CURVE ( )  B_SPLINE_CURVE ( 2, ( #1394, #276, #2559, #6351, #3544, #5797, #697, #4156, #2984 ),
 .UNSPECIFIED., .F., .F. ) 
 B_SPLINE_CURVE_WITH_KNOTS ( ( 3, 2, 2, 2, 3 ),
 ( 0.1562500000000001110, 0.1640625000000000555, 0.1718749999999999722, 0.1796874999999998890, 0.1874999999999998335 ),
 .UNSPECIFIED. ) 
 CURVE ( )  GEOMETRIC_REPRESENTATION_ITEM ( )  RATIONAL_B_SPLINE_CURVE ( ( 0.9999999999999988898, 0.9238795325112878487, 1.000000000000000000, 0.9238795325112867385, 1.000000000000000000, 0.9238795325112867385, 1.000000000000000000, 0.9238795325112884038, 0.9999999999999983347 ) ) 
 REPRESENTATION_ITEM ( '' )  );
#4240 = CARTESIAN_POINT ( 'NONE',  ( 41.41588462533560033, -1.999999999999998224, 3.188101187500000044 ) ) ;
#4241 = CARTESIAN_POINT ( 'NONE',  ( 33.63463462533560033, -3.320554750080270345, 3.188101187499999156 ) ) ;
#4242 = FACE_OUTER_BOUND ( 'NONE', #5662, .T. ) ;
#4243 = CARTESIAN_POINT ( 'NONE',  ( 26.65025962431140272, -1.999999999999998224, 3.594050593750000022 ) ) ;
#4244 = CARTESIAN_POINT ( 'NONE',  ( 1.656854249492402564, -1.468750000000009992, -3.999999999999974243 ) ) ;
#4245 = CYLINDRICAL_SURFACE ( 'NONE', #2082, 4.000000000000000000 ) ;
#4246 = CARTESIAN_POINT ( 'NONE',  ( 39.44713462533560744, 1.188101187500001599, -1.320554750080269679 ) ) ;
#4247 = PERSON_AND_ORGANIZATION_ROLE ( 'classification_officer' ) ;
#4248 = VECTOR ( 'NONE', #5211, 1000.000000000000000 ) ;
#4249 = CARTESIAN_POINT ( 'NONE',  ( 49.38463462533560744, -0.6794452499197279893, -3.188101187500000044 ) ) ;
#4250 = CARTESIAN_POINT ( 'NONE',  ( 36.82213462533560744, -5.188101187499998268, 1.320554750080270789 ) ) ;
#4251 = APPROVAL ( #4878, 'UNSPECIFIED' ) ;
#4252 = CARTESIAN_POINT ( 'NONE',  ( 41.97838462533560033, 0.2543279687901365826, -2.254327968790134307 ) ) ;
#4253 = CARTESIAN_POINT ( 'NONE',  ( 41.50963462328721221, 2.000000000000001776, 2.449293598294706414E-16 ) ) ;
#4254 = VERTEX_POINT ( 'NONE', #4331 ) ;
#4255 = ORIENTED_EDGE ( 'NONE', *, *, #5658, .T. ) ;
#4256 = CARTESIAN_POINT ( 'NONE',  ( 45.63463462533560033, 1.188101187500001599, 1.320554750080270123 ) ) ;
#4257 = CARTESIAN_POINT ( 'NONE',  ( 6.879017941685367287E-15, 6.124999999999986677, -3.999999999999974243 ) ) ;
#4258 = CARTESIAN_POINT ( 'NONE',  ( 4.677631493238076773E-15, 6.781250002048376579, -3.188101187499973399 ) ) ;
#4259 = CARTESIAN_POINT ( 'NONE',  ( -2.254327968790082348, -1.656249997951632080, -2.254327968790116099 ) ) ;
#4260 = DIRECTION ( 'NONE',  ( -3.430248998885766570E-15, 1.000000000000000000, 0.000000000000000000 ) ) ;
#4261 = CARTESIAN_POINT ( 'NONE',  ( -1.656854249492342612, 0.2187499999999793776, -3.999999999999974243 ) ) ;
#4262 = CARTESIAN_POINT ( 'NONE',  ( 47.79088462328721221, -0.3431457505076044301, 3.999999999999987121 ) ) ;
#4263 = CARTESIAN_POINT ( 'NONE',  ( 26.41588462533560033, -1.999999999999998224, 3.188101187500000044 ) ) ;
#4264 = CARTESIAN_POINT ( 'NONE',  ( 13.56976415389333646, 4.784508844858244458, -4.247209817881320681 ) ) ;
#4265 = EDGE_CURVE ( 'NONE', #552, #7047, #6895, .T. ) ;
#4266 = VERTEX_POINT ( 'NONE', #6035 ) ;
#4267 = CARTESIAN_POINT ( 'NONE',  ( -3.188101187499939204, -1.843749997951635855, 0.000000000000000000 ) ) ;
#4268 = DIRECTION ( 'NONE',  ( 1.000000000000000000, 3.430248998885766570E-15, 0.000000000000000000 ) ) ;
#4269 = CARTESIAN_POINT ( 'NONE',  ( -2.254327968790093006, 1.343750002048367920, -2.254327968790116099 ) ) ;
#4270 = CARTESIAN_POINT ( 'NONE',  ( 1.320554750080274342, 3.687500002048380132, -3.188101187499973843 ) ) ;
#4271 = ORIENTED_EDGE ( 'NONE', *, *, #2970, .T. ) ;
#4272 = CARTESIAN_POINT ( 'NONE',  ( 12.23903010015865611, -3.801969336451835435, -7.798773395287526000 ) ) ;
#4273 = CARTESIAN_POINT ( 'NONE',  ( 33.72838462533560033, -4.254327968790133419, 2.254327968790133863 ) ) ;
#4274 = CARTESIAN_POINT ( 'NONE',  ( 41.13463462533560033, 1.188101187500001599, 1.320554750080270123 ) ) ;
#4275 = EDGE_CURVE ( 'NONE', #6593, #5002, #150, .T. ) ;
#4276 = EDGE_LOOP ( 'NONE', ( #3278, #3392, #1712, #1990 ) ) ;
#4277 = CARTESIAN_POINT ( 'NONE',  ( 35.97838462533560744, 0.2543279687901370267, -2.254327968790134751 ) ) ;
#4278 = DIRECTION ( 'NONE',  ( 0.000000000000000000, 0.000000000000000000, 1.000000000000000000 ) ) ;
#4279 = CARTESIAN_POINT ( 'NONE',  ( -3.188101187499960965, 4.531250002048365921, 0.000000000000000000 ) ) ;
#4280 = CARTESIAN_POINT ( 'NONE',  ( -3.999999999999936495, -2.406250000000029754, 1.656854249492372588 ) ) ;
#4281 = CARTESIAN_POINT ( 'NONE',  ( 41.22838462738398846, -3.656854249492369036, -4.000000000000010658 ) ) ;
#4282 = CARTESIAN_POINT ( 'NONE',  ( 35.79088462533560033, -5.188101187499998268, -5.856446871944625661E-16 ) ) ;
#4283 = DATE_AND_TIME ( #1368, #115 ) ;
#4284 = ADVANCED_FACE ( 'NONE', ( #4175 ), #1784, .T. ) ;
#4285 = CARTESIAN_POINT ( 'NONE',  ( 26.22838462738399201, -3.656854249492377917, -4.000000000000000888 ) ) ;
#4286 = CARTESIAN_POINT ( 'NONE',  ( 38.50963462533560033, -5.188101187499998268, -1.320554750080271900 ) ) ;
#4287 = CARTESIAN_POINT ( 'NONE',  ( -3.999999999985103916, 0.6874993874828596585, -1.089746060588017437E-05 ) ) ;
#4288 = CARTESIAN_POINT ( 'NONE',  ( 46.19713462533560744, -3.320554750080268569, -3.188101187500000488 ) ) ;
#4289 = ORIENTED_EDGE ( 'NONE', *, *, #4045, .T. ) ;
#4290 = CARTESIAN_POINT ( 'NONE',  ( 41.79088462328721221, -0.3431457505076178638, 4.000000000000000000 ) ) ;
#4291 = VERTEX_POINT ( 'NONE', #5882 ) ;
#4292 = VERTEX_POINT ( 'NONE', #5160 ) ;
#4293 = CARTESIAN_POINT ( 'NONE',  ( 44.32213462533560033, -0.6794452499197284334, 3.188101187500000044 ) ) ;
#4294 = CARTESIAN_POINT ( 'NONE',  ( -3.999999999999968026, 6.499999999999971578, 0.000000000000000000 ) ) ;
#4295 = CARTESIAN_POINT ( 'NONE',  ( -2.254327968790097003, 2.843750002048368142, 2.254327968790116543 ) ) ;
#4296 = CARTESIAN_POINT ( 'NONE',  ( 42.82213462738398846, -1.999999999999997780, -4.000000000000000000 ) ) ;
#4297 = CARTESIAN_POINT ( 'NONE',  ( 27.07213462738398491, -1.999999999999998224, 4.000000000000000000 ) ) ;
#4298 = AXIS2_PLACEMENT_3D ( 'NONE', #3725, #4796, #4278 ) ;
#4299 = CARTESIAN_POINT ( 'NONE',  ( 1.656854249492401676, -0.5312500000000091038, 3.999999999999972911 ) ) ;
#4300 = PERSON ( 'NAUO-PER2', 'UNSPECIFIED', 'UNSPECIFIED', ('UNSPECIFIED'), ('UNSPECIFIED'), ('UNSPECIFIED') ) ;
#4301 = LINE ( 'NONE', #4019, #3982 ) ;
#4302 = CARTESIAN_POINT ( 'NONE',  ( 37.47838462328721931, -3.656854249492417885, 3.999999999999963585 ) ) ;
#4303 = ORIENTED_EDGE ( 'NONE', *, *, #3706, .F. ) ;
#4304 = CARTESIAN_POINT ( 'NONE',  ( -3.999999999999941824, -1.000000000000028644, 0.000000000000000000 ) ) ;
#4305 = CARTESIAN_POINT ( 'NONE',  ( 1.320554750080298767, -2.874999997951621200, 3.188101187499972955 ) ) ;
#4306 = CARTESIAN_POINT ( 'NONE',  ( -3.999999999999963141, 5.281250004096751383, 1.656854249492372588 ) ) ;
#4307 = FACE_OUTER_BOUND ( 'NONE', #7160, .T. ) ;
#4308 = CARTESIAN_POINT ( 'NONE',  ( 32.60338462328721221, 2.000000000000001776, 1.656854249492381026 ) ) ;
#4309 = CARTESIAN_POINT ( 'NONE',  ( 3.554987248320998379E-14, -2.218749997951624753, -3.188101187499973399 ) ) ;
#4310 = CARTESIAN_POINT ( 'NONE',  ( 3.999999999999993339, 2.843750004096778916, 1.656854249492369036 ) ) ;
#4311 = CARTESIAN_POINT ( 'NONE',  ( 11.32816059467417169, -9.168314757366205825, -3.561496141664391324 ) ) ;
#4312 = CARTESIAN_POINT ( 'NONE',  ( 33.54088462533559323, -1.999999999999998224, 3.188101187500000044 ) ) ;
#4313 = CARTESIAN_POINT ( 'NONE',  ( 40.94713462533560033, 1.188101187500001599, -1.320554750080269679 ) ) ;
#4314 =( GEOMETRIC_REPRESENTATION_CONTEXT ( 3 ) GLOBAL_UNCERTAINTY_ASSIGNED_CONTEXT ( ( #632 ) ) GLOBAL_UNIT_ASSIGNED_CONTEXT ( ( #3435, #6279, #4052 ) ) REPRESENTATION_CONTEXT ( 'NONE', 'WORKASPACE' ) );
#4315 = CARTESIAN_POINT ( 'NONE',  ( 32.50963462533560033, -5.188101187499998268, -1.320554750080271900 ) ) ;
#4316 = CARTESIAN_POINT ( 'NONE',  ( 32.97838462738398135, -0.3431457505075818926, 3.999999999999964473 ) ) ;
#4317 = CARTESIAN_POINT ( 'NONE',  ( 32.32213462738398846, -1.999999999999997780, -4.000000000000000000 ) ) ;
#4318 = CARTESIAN_POINT ( 'NONE',  ( -3.999999999999932498, -3.718749995903249950, 1.656854249492372588 ) ) ;
#4319 = CARTESIAN_POINT ( 'NONE',  ( 27.63463462328720865, -1.999999999999997780, -4.000000000000000000 ) ) ;
#4320 = CARTESIAN_POINT ( 'NONE',  ( 37.47838462533560033, -4.254327968790132530, -2.254327968790135195 ) ) ;
#4321 = PERSON_AND_ORGANIZATION ( #6710, #6828 ) ;
#4322 = CARTESIAN_POINT ( 'NONE',  ( 29.69713462738398491, 2.000000000000001776, 2.449293598294706414E-16 ) ) ;
#4323 = CARTESIAN_POINT ( 'NONE',  ( 39.44713462533560033, -0.6794452499197284334, 3.188101187500000488 ) ) ;
#4324 = CYLINDRICAL_SURFACE ( 'NONE', #2734, 3.999999999999974243 ) ;
#4325 = CARTESIAN_POINT ( 'NONE',  ( 45.72838462533560033, -4.254327968790133419, 2.254327968790133863 ) ) ;
#4326 = CARTESIAN_POINT ( 'NONE',  ( 41.88463462328721221, -1.999999999999998224, 4.000000000000000000 ) ) ;
#4327 = EDGE_CURVE ( 'NONE', #1224, #1756, #3938, .T. ) ;
#4328 = VERTEX_POINT ( 'NONE', #5359 ) ;
#4329 = ORIENTED_EDGE ( 'NONE', *, *, #1548, .F. ) ;
#4330 = CARTESIAN_POINT ( 'NONE',  ( 49.29088462533560033, -5.188101187499998268, -5.856446871944625661E-16 ) ) ;
#4331 = CARTESIAN_POINT ( 'NONE',  ( 36.07213462738398135, -1.999999999999998224, 4.000000000000000000 ) ) ;
#4332 = CARTESIAN_POINT ( 'NONE',  ( 42.44713462738398846, -5.999999999999998224, -7.347880794884119736E-16 ) ) ;
#4333 = AXIS2_PLACEMENT_3D ( 'NONE', #2924, #1203, #4007 ) ;
#4334 = DIRECTION ( 'NONE',  ( -1.000000000000000000, -3.469446951953647715E-15, 0.000000000000000000 ) ) ;
#4335 = CARTESIAN_POINT ( 'NONE',  ( -2.828427124746144550, 0.3124999999999742428, -2.828427124746171639 ) ) ;
#4336 = CIRCLE ( 'NONE', #7198, 6.000000000000000000 ) ;
#4337 = CARTESIAN_POINT ( 'NONE',  ( 48.91588462533560033, -1.999999999999998224, 3.188101187500000044 ) ) ;
#4338 = CARTESIAN_POINT ( 'NONE',  ( 3.999999999999844125, -3.062485365710386542, -8.102065404370279155E-07 ) ) ;
#4339 = CARTESIAN_POINT ( 'NONE',  ( 13.74772708486752038, 6.000000000000010658, 0.000000000000000000 ) ) ;
#4340 = ORIENTED_EDGE ( 'NONE', *, *, #2205, .T. ) ;
#4341 = CARTESIAN_POINT ( 'NONE',  ( 3.188101187500030687, -8.499999997951617203, -1.320554750080259021 ) ) ;
#4342 = CARTESIAN_POINT ( 'NONE',  ( 41.79088462738398846, 2.000000000000001776, 1.656854249492380804 ) ) ;
#4343 = CARTESIAN_POINT ( 'NONE',  ( 28.85338462328720865, -5.999999999999997335, -1.656854249492382580 ) ) ;
#4344 = CARTESIAN_POINT ( 'NONE',  ( -3.188101187499933875, -3.249999997951636743, 1.320554750080261019 ) ) ;
#4345 = CARTESIAN_POINT ( 'NONE',  ( -1.656854249492350606, 2.468750004096759820, 3.999999999999972911 ) ) ;
#4346 = CARTESIAN_POINT ( 'NONE',  ( 31.19713462738398491, 2.000000000000001776, 2.449293598294706414E-16 ) ) ;
#4347 = CARTESIAN_POINT ( 'NONE',  ( 36.44713462533560033, -0.6794452499197284334, 3.188101187499999600 ) ) ;
#4348 = CARTESIAN_POINT ( 'NONE',  ( 36.82213462533561454, -0.6794452499197284334, 3.188101187499999600 ) ) ;
#4349 = CARTESIAN_POINT ( 'NONE',  ( 26.60338462533560033, -4.254327968790133419, 2.254327968790133863 ) ) ;
#4350 = CARTESIAN_POINT ( 'NONE',  ( 26.22838462533560033, -4.254327968790133419, 2.254327968790134307 ) ) ;
#4351 = ADVANCED_FACE ( 'NONE', ( #6477 ), #4324, .F. ) ;
#4352 = CARTESIAN_POINT ( 'NONE',  ( 1.999980971354689219, -9.311774950957747876, 3.464112601191884355 ) ) ;
#4353 = CARTESIAN_POINT ( 'NONE',  ( -3.999999999999942712, -0.7187499959032490615, 1.656854249492372588 ) ) ;
#4354 = CARTESIAN_POINT ( 'NONE',  ( -2.828427124746140109, -0.9999999959032449537, -2.828427124746171639 ) ) ;
#4355 = CARTESIAN_POINT ( 'NONE',  ( 6.235846240341308989E-15, 6.312500004096765593, -3.999999999999974243 ) ) ;
#4356 = CARTESIAN_POINT ( 'NONE',  ( 39.91588462533560033, -1.999999999999998224, 3.188101187500000044 ) ) ;
#4357 = CARTESIAN_POINT ( 'NONE',  ( 27.25963462533560033, 1.188101187500001599, 1.320554750080270123 ) ) ;
#4358 = CARTESIAN_POINT ( 'NONE',  ( 27.54088462738398491, -5.999999999999997335, -1.656854249492382580 ) ) ;
#4359 = CARTESIAN_POINT ( 'NONE',  ( 38.97838462533560033, 0.2543279687901370267, -2.254327968790134751 ) ) ;
#4360 = CARTESIAN_POINT ( 'NONE',  ( 44.13463462533560033, -3.320554750080270345, 3.188101187499999156 ) ) ;
#4361 = ORIENTED_EDGE ( 'NONE', *, *, #1176, .T. ) ;
#4362 = CARTESIAN_POINT ( 'NONE',  ( 39.63463462328720510, -1.999999999999997780, -4.000000000000000000 ) ) ;
#4363 = ORIENTED_EDGE ( 'NONE', *, *, #405, .T. ) ;
#4364 = CARTESIAN_POINT ( 'NONE',  ( 43.66588462533560744, -1.999999999999997780, -3.188101187500000044 ) ) ;
#4365 = CARTESIAN_POINT ( 'NONE',  ( 47.50963462738398846, 0.8284271247461921783, -2.828427124746189847 ) ) ;
#4366 = CARTESIAN_POINT ( 'NONE',  ( 2.254327968790126313, 5.093750002048383685, -2.254327968790116099 ) ) ;
#4367 = CARTESIAN_POINT ( 'NONE',  ( 42.63463462738398846, -4.828427124746188959, -2.828427124746190735 ) ) ;
#4368 = CARTESIAN_POINT ( 'NONE',  ( -3.999995430553584086, 2.093749638446772643, -1.656858818938738542 ) ) ;
#4369 = CARTESIAN_POINT ( 'NONE',  ( 48.25963462533561454, -0.6794452499197283224, -3.188101187499999600 ) ) ;
#4370 = CARTESIAN_POINT ( 'NONE',  ( 44.88463462328721221, -1.999999999999998224, 4.000000000000000000 ) ) ;
#4371 = CARTESIAN_POINT ( 'NONE',  ( -3.999999999999958256, 1.906249999999972022, -1.656854249492363262 ) ) ;
#4372 = ADVANCED_FACE ( 'NONE', ( #5955 ), #293, .T. ) ;
#4373 = ORIENTED_EDGE ( 'NONE', *, *, #1629, .F. ) ;
#4374 = CARTESIAN_POINT ( 'NONE',  ( -3.188101187499917888, -7.749999997951637631, 1.320554750080261019 ) ) ;
#4375 = CARTESIAN_POINT ( 'NONE',  ( 33.63463462328721221, -1.999999999999997780, -4.000000000000000000 ) ) ;
#4376 = CARTESIAN_POINT ( 'NONE',  ( 33.72838462328721221, -0.3431457505076173642, -4.000000000000000000 ) ) ;
#4377 = CARTESIAN_POINT ( 'NONE',  ( 3.188101187500004929, -0.9999999979516143167, -1.320554750080259021 ) ) ;
#4378 = CARTESIAN_POINT ( 'NONE',  ( 1.656854249492381248, 4.718750004096773587, -3.999999999999974243 ) ) ;
#4379 = CARTESIAN_POINT ( 'NONE',  ( 11.18033988749894370, -10.00000000000000355, -0.5259443042664244672 ) ) ;
#4380 = CARTESIAN_POINT ( 'NONE',  ( 34.10338462533560033, -4.254327968790132530, -2.254327968790135195 ) ) ;
#4381 = CARTESIAN_POINT ( 'NONE',  ( 36.35338462533560744, 0.2543279687901365826, -2.254327968790134307 ) ) ;
#4382 = CARTESIAN_POINT ( 'NONE',  ( 29.41588462533560033, -1.999999999999998224, 3.188101187500000044 ) ) ;
#4383 = ORIENTED_EDGE ( 'NONE', *, *, #2458, .T. ) ;
#4384 = CARTESIAN_POINT ( 'NONE',  ( 1.656854249492422326, -6.531250000000010658, 3.999999999999972911 ) ) ;
#4385 = CARTESIAN_POINT ( 'NONE',  ( 28.75963462533560033, 1.188101187500002043, 1.320554750080270123 ) ) ;
#4386 = CARTESIAN_POINT ( 'NONE',  ( 35.32213462738398135, -1.999999999999997780, -4.000000000000000000 ) ) ;
#4387 = CARTESIAN_POINT ( 'NONE',  ( 2.254327968790132086, 3.593750002048383685, 2.254327968790115655 ) ) ;
#4388 = CARTESIAN_POINT ( 'NONE',  ( 1.656854249492406561, -1.843749995903228411, 3.999999999999972911 ) ) ;
#4389 = ORIENTED_EDGE ( 'NONE', *, *, #6430, .T. ) ;
#4390 = CYLINDRICAL_SURFACE ( 'NONE', #4101, 4.000000000000000000 ) ;
#4391 = CARTESIAN_POINT ( 'NONE',  ( 29.32213462738398491, -1.999999999999997780, -4.000000000000000000 ) ) ;
#4392 = CARTESIAN_POINT ( 'NONE',  ( 37.85338462533560033, 0.2543279687901365826, -2.254327968790134307 ) ) ;
#4393 = CARTESIAN_POINT ( 'NONE',  ( 30.63463462533560033, -3.320554750080270345, 3.188101187499999156 ) ) ;
#4394 = CARTESIAN_POINT ( 'NONE',  ( 43.75963462533561454, 1.188101187500002043, 1.320554750080270123 ) ) ;
#4395 = CARTESIAN_POINT ( 'NONE',  ( 39.72838462738398135, -3.656854249492378806, -4.000000000000000888 ) ) ;
#4396 = CARTESIAN_POINT ( 'NONE',  ( 39.07213462533560744, 1.188101187500001599, -1.320554750080269679 ) ) ;
#4397 = CARTESIAN_POINT ( 'NONE',  ( 41.69713462328721221, 0.8284271247461921783, 2.828427124746190291 ) ) ;
#4398 = ORIENTED_EDGE ( 'NONE', *, *, #5204, .F. ) ;
#4399 = AXIS2_PLACEMENT_3D ( 'NONE', #5834, #2335, #2223 ) ;
#4400 = ORIENTED_EDGE ( 'NONE', *, *, #3369, .F. ) ;
#4401 = CARTESIAN_POINT ( 'NONE',  ( 27.72838462738399201, -3.656854249492361042, -4.000000000000019540 ) ) ;
#4402 = EDGE_CURVE ( 'NONE', #3140, #4292, #3677, .T. ) ;
#4403 = AXIS2_PLACEMENT_3D ( 'NONE', #467, #4530, #5091 ) ;
#4404 = CARTESIAN_POINT ( 'NONE',  ( 42.82213462533560033, -0.6794452499197284334, 3.188101187500000044 ) ) ;
#4405 = DIRECTION ( 'NONE',  ( -1.000000000000000000, -0.000000000000000000, -0.000000000000000000 ) ) ;
#4406 = CARTESIAN_POINT ( 'NONE',  ( 42.72838462738398846, -3.656854249492377917, -4.000000000000000888 ) ) ;
#4407 = CARTESIAN_POINT ( 'NONE',  ( -3.188101187499944533, -0.3437499979516362436, 0.000000000000000000 ) ) ;
#4408 = CARTESIAN_POINT ( 'NONE',  ( 42.25963462738398846, -4.828427124746188959, 2.828427124746189403 ) ) ;
#4409 = CARTESIAN_POINT ( 'NONE',  ( 3.999999999999997335, 1.437499581616046518, 7.466549303766748854E-06 ) ) ;
#4410 = CARTESIAN_POINT ( 'NONE',  ( 1.703558144740348440E-14, 3.406250002048375691, 3.188101187499973399 ) ) ;
#4411 = CARTESIAN_POINT ( 'NONE',  ( 47.22838462533560033, 0.2543279687901365826, 2.254327968790134751 ) ) ;
#4412 = FACE_OUTER_BOUND ( 'NONE', #426, .T. ) ;
#4413 = CARTESIAN_POINT ( 'NONE',  ( 2.828427124746194732, 1.437499999999995115, -2.828427124746171639 ) ) ;
#4414 = VERTEX_POINT ( 'NONE', #4287 ) ;
#4415 = CARTESIAN_POINT ( 'NONE',  ( -1.320554750080207951, -6.624999997951631414, -3.188101187499973843 ) ) ;
#4416 = CARTESIAN_POINT ( 'NONE',  ( 1.656854249492418107, -5.968750000000010658, -3.999999999999974243 ) ) ;
#4417 = CARTESIAN_POINT ( 'NONE',  ( 32.69713462328721221, 0.8284271247461921783, 2.828427124746190291 ) ) ;
#4418 = CARTESIAN_POINT ( 'NONE',  ( 3.188101187500020917, -5.593749997951614539, -3.904297914629718393E-16 ) ) ;
#4419 = CARTESIAN_POINT ( 'NONE',  ( -3.999999999999920952, -7.093750000000031974, -1.656854249492369702 ) ) ;
#4420 = CARTESIAN_POINT ( 'NONE',  ( 31.47838462738398846, -0.3431457505076178638, 4.000000000000000000 ) ) ;
#4421 = CARTESIAN_POINT ( 'NONE',  ( 31.19713462533560389, -3.320554750080268569, -3.188101187500000488 ) ) ;
#4422 = CARTESIAN_POINT ( 'NONE',  ( 35.32213462533561454, -0.6794452499197284334, 3.188101187499999600 ) ) ;
#4423 = CARTESIAN_POINT ( 'NONE',  ( 27.16588462533560033, -1.999999999999997780, -3.188101187500000044 ) ) ;
#4424 = VERTEX_POINT ( 'NONE', #1945 ) ;
#4425 = DIRECTION ( 'NONE',  ( -3.430248998885766570E-15, 1.000000000000000000, -0.000000000000000000 ) ) ;
#4426 = CARTESIAN_POINT ( 'NONE',  ( 4.000000000000014211, -3.156249995903221528, 1.656854249492369036 ) ) ;
#4427 = CARTESIAN_POINT ( 'NONE',  ( 1.368203511531321432E-14, 4.156250002048376579, -3.188101187499973399 ) ) ;
#4428 = CARTESIAN_POINT ( 'NONE',  ( 4.000000000000008882, -1.656249995903222194, 1.656854249492369036 ) ) ;
#4429 = EDGE_LOOP ( 'NONE', ( #6706, #375, #3575, #2803, #321 ) ) ;
#4430 = CARTESIAN_POINT ( 'NONE',  ( 34.66588462533559323, -1.999999999999997780, -3.188101187500000044 ) ) ;
#4431 = CARTESIAN_POINT ( 'NONE',  ( 28.00963462533560389, -5.188101187499997380, -1.320554750080271678 ) ) ;
#4432 = DESIGN_CONTEXT ( 'detailed design', #6108, 'design' ) ;
#4433 = CARTESIAN_POINT ( 'NONE',  ( 45.16588462533560744, 1.188101187500002043, 1.952148957314875467E-16 ) ) ;
#4434 = CARTESIAN_POINT ( 'NONE',  ( 33.63463462533560033, -3.320554750080270345, 3.188101187499999156 ) ) ;
#4435 = DIRECTION ( 'NONE',  ( -3.430248998885766570E-15, 1.000000000000000000, -0.000000000000000000 ) ) ;
#4436 =( BOUNDED_CURVE ( )  B_SPLINE_CURVE ( 2, ( #42, #6901, #1804, #6263, #4792, #1167, #1324, #2892, #6503 ),
 .UNSPECIFIED., .F., .F. ) 
 B_SPLINE_CURVE_WITH_KNOTS ( ( 3, 2, 2, 2, 3 ),
 ( 0.03125000000000002082, 0.03906250000000002776, 0.04687500000000002776, 0.05468750000000003469, 0.06250000000000004163 ),
 .UNSPECIFIED. ) 
 CURVE ( )  GEOMETRIC_REPRESENTATION_ITEM ( )  RATIONAL_B_SPLINE_CURVE ( ( 0.9999999999999997780, 0.9238795325112869605, 1.000000000000000000, 0.9238795325112867385, 1.000000000000000000, 0.9238795325112867385, 1.000000000000000000, 0.9238795325112862944, 1.000000000000000444 ) ) 
 REPRESENTATION_ITEM ( '' )  );
#4437 = CARTESIAN_POINT ( 'NONE',  ( 41.41588462533560033, -5.188101187499998268, -5.856446871944625661E-16 ) ) ;
#4438 = APPROVAL ( #1095, 'UNSPECIFIED' ) ;
#4439 = CARTESIAN_POINT ( 'NONE',  ( 36.35338462328720510, -5.999999999999997335, -1.656854249492382580 ) ) ;
#4440 = ORIENTED_EDGE ( 'NONE', *, *, #2502, .F. ) ;
#4441 = CARTESIAN_POINT ( 'NONE',  ( 47.88463462328721221, -1.999999999999998224, 4.000000000000000000 ) ) ;
#4442 = COORDINATED_UNIVERSAL_TIME_OFFSET ( 8, 0, .AHEAD. ) ;
#4443 = CARTESIAN_POINT ( 'NONE',  ( 38.79088462533560033, -5.188101187499998268, -5.856446871944625661E-16 ) ) ;
#4444 = CARTESIAN_POINT ( 'NONE',  ( -1.656854249492332620, -2.593749995903241068, -3.999999999999974243 ) ) ;
#4445 = CARTESIAN_POINT ( 'NONE',  ( 38.04088462738400267, -5.999999999999997335, -1.656854249492382580 ) ) ;
#4446 = CARTESIAN_POINT ( 'NONE',  ( 3.375804531697159889E-14, -1.468749997951624309, 3.188101187499973399 ) ) ;
#4447 = CARTESIAN_POINT ( 'NONE',  ( -2.254327968790067693, -5.781249997951632302, 2.254327968790116543 ) ) ;
#4448 = FACE_OUTER_BOUND ( 'NONE', #2109, .T. ) ;
#4449 = CARTESIAN_POINT ( 'NONE',  ( -1.320554750080242590, 3.312500002048372583, 3.188101187499973399 ) ) ;
#4450 = CARTESIAN_POINT ( 'NONE',  ( 47.41588462533560033, -1.999999999999998224, 3.188101187500000044 ) ) ;
#4451 = CARTESIAN_POINT ( 'NONE',  ( -1.656854249492363040, 6.218749999999981348, -3.999999999999974243 ) ) ;
#4452 = CARTESIAN_POINT ( 'NONE',  ( -3.999999999999967137, 6.593749999999972466, 1.656854249492372366 ) ) ;
#4453 = CARTESIAN_POINT ( 'NONE',  ( -3.188101187499918776, -7.937499997951638520, -1.320554750080258799 ) ) ;
#4454 = CARTESIAN_POINT ( 'NONE',  ( 32.32213462738398846, -1.999999999999997780, -4.000000000000000000 ) ) ;
#4455 = CARTESIAN_POINT ( 'NONE',  ( -3.188101187499933875, -3.343749997951637187, 0.000000000000000000 ) ) ;
#4456 = CARTESIAN_POINT ( 'NONE',  ( 3.999999999999981792, 5.937500004096780692, -4.898587196589381274E-16 ) ) ;
#4457 = VECTOR ( 'NONE', #2089, 1000.000000000000000 ) ;
#4458 = CARTESIAN_POINT ( 'NONE',  ( 42.63463462328721221, -1.999999999999997780, -4.000000000000000000 ) ) ;
#4459 = CARTESIAN_POINT ( 'NONE',  ( 35.79088462533560033, -5.188101187499998268, -5.856446871944625661E-16 ) ) ;
#4460 = DIRECTION ( 'NONE',  ( -1.000000000000000000, 0.000000000000000000, -1.224646799147352961E-16 ) ) ;
#4461 = ORIENTED_EDGE ( 'NONE', *, *, #1655, .F. ) ;
#4462 = CARTESIAN_POINT ( 'NONE',  ( 1.656854249492407671, -2.968750000000009770, -3.999999999999974243 ) ) ;
#4463 = CARTESIAN_POINT ( 'NONE',  ( 29.13463462533559678, -3.320554750080270345, 3.188101187499999156 ) ) ;
#4464 = CARTESIAN_POINT ( 'NONE',  ( 30.82213462738398491, -1.999999999999997780, -4.000000000000000000 ) ) ;
#4465 = EDGE_CURVE ( 'NONE', #6315, #4648, #3793, .T. ) ;
#4466 = CARTESIAN_POINT ( 'NONE',  ( 3.188101187500004929, -0.8124999979516142057, 1.320554750080258577 ) ) ;
#4467 = CARTESIAN_POINT ( 'NONE',  ( -1.656854249492332620, -2.593749995903241068, -3.999999999999974243 ) ) ;
#4468 = DIRECTION ( 'NONE',  ( 0.000000000000000000, 0.000000000000000000, 1.000000000000000000 ) ) ;
#4469 = CYLINDRICAL_SURFACE ( 'NONE', #1964, 4.000000000000000000 ) ;
#4470 = CARTESIAN_POINT ( 'NONE',  ( 34.57213462533560033, -3.320554750080268569, -3.188101187500000488 ) ) ;
#4471 = CARTESIAN_POINT ( 'NONE',  ( 28.47838462533559678, 0.2543279687901365826, -2.254327968790134307 ) ) ;
#4472 = CARTESIAN_POINT ( 'NONE',  ( 46.47838462533560033, 0.2543279687901370267, -2.254327968790134751 ) ) ;
#4473 = CARTESIAN_POINT ( 'NONE',  ( 32.88463462533560033, -0.6794452499197279893, -3.188101187500000488 ) ) ;
#4474 = CARTESIAN_POINT ( 'NONE',  ( -3.999999999999986233, 7.999999999999972466, 0.000000000000000000 ) ) ;
#4475 = EDGE_CURVE ( 'NONE', #7131, #592, #6003, .T. ) ;
#4476 = CARTESIAN_POINT ( 'NONE',  ( 37.29088462533560033, -1.999999999999997780, -3.188101187500000044 ) ) ;
#4477 = CARTESIAN_POINT ( 'NONE',  ( 35.88463462328721221, -1.999999999999998224, 4.000000000000000000 ) ) ;
#4478 = ORIENTED_EDGE ( 'NONE', *, *, #5399, .T. ) ;
#4479 = DIRECTION ( 'NONE',  ( 1.000000000000000000, -0.000000000000000000, -0.000000000000000000 ) ) ;
#4480 =( BOUNDED_CURVE ( )  B_SPLINE_CURVE ( 2, ( #59, #1631, #2313, #4612, #6818, #2195, #1674, #474, #4458 ),
 .UNSPECIFIED., .F., .F. ) 
 B_SPLINE_CURVE_WITH_KNOTS ( ( 3, 2, 2, 2, 3 ),
 ( 0.3124999999999999445, 0.3203124999999999445, 0.3281249999999999445, 0.3359374999999999445, 0.3437499999999999445 ),
 .UNSPECIFIED. ) 
 CURVE ( )  GEOMETRIC_REPRESENTATION_ITEM ( )  RATIONAL_B_SPLINE_CURVE ( ( 1.000000000000000444, 0.9238795325112861834, 1.000000000000000000, 0.9238795325112867385, 1.000000000000000000, 0.9238795325112867385, 1.000000000000000000, 0.9238795325112872936, 0.9999999999999994449 ) ) 
 REPRESENTATION_ITEM ( '' )  );
#4481 = CARTESIAN_POINT ( 'NONE',  ( 40.29088462533560033, -5.188101187499998268, -5.856446871944625661E-16 ) ) ;
#4482 = DIRECTION ( 'NONE',  ( -3.430248998885766570E-15, 1.000000000000000000, -0.000000000000000000 ) ) ;
#4483 = CARTESIAN_POINT ( 'NONE',  ( 37.38463462738398846, 0.8284271247461921783, 2.828427124746190291 ) ) ;
#4484 = CARTESIAN_POINT ( 'NONE',  ( 49.75963462533561454, 1.188101187500002043, 1.320554750080270123 ) ) ;
#4485 = CARTESIAN_POINT ( 'NONE',  ( -1.320554750080223494, -2.124999997951629194, -3.188101187499973399 ) ) ;
#4486 = CARTESIAN_POINT ( 'NONE',  ( 49.19713462738398846, 2.000000000000001776, 2.449293598294706414E-16 ) ) ;
#4487 = DIRECTION ( 'NONE',  ( -1.000000000000000000, -0.000000000000000000, -0.000000000000000000 ) ) ;
#4488 = CARTESIAN_POINT ( 'NONE',  ( -1.320554750080250361, 5.750000002048372139, -3.188101187499973843 ) ) ;
#4489 = CARTESIAN_POINT ( 'NONE',  ( 27.54088462533560033, 1.188101187500001599, 1.952148957314875220E-16 ) ) ;
#4490 = CARTESIAN_POINT ( 'NONE',  ( 48.72838462533560033, 0.2543279687901365826, 2.254327968790134751 ) ) ;
#4491 = CARTESIAN_POINT ( 'NONE',  ( 34.66588462328720510, -5.999999999999997335, 1.656854249492381248 ) ) ;
#4492 = DIRECTION ( 'NONE',  ( 0.000000000000000000, 0.000000000000000000, 1.000000000000000000 ) ) ;
#4493 = CARTESIAN_POINT ( 'NONE',  ( 1.320554750080314088, -7.374999997951621644, 3.188101187499972955 ) ) ;
#4494 = DIRECTION ( 'NONE',  ( -3.430248998885765781E-15, 1.000000000000000000, -0.000000000000000000 ) ) ;
#4495 = CARTESIAN_POINT ( 'NONE',  ( -3.188101187499918776, -7.937499997951638520, -1.320554750080258799 ) ) ;
#4496 = CARTESIAN_POINT ( 'NONE',  ( 4.066049141879541916E-14, -3.437499995903235739, 3.999999999999974243 ) ) ;
#4497 = CARTESIAN_POINT ( 'NONE',  ( 3.999999999971772802, 2.937311127680351408, 1.031579682754140229E-05 ) ) ;
#4498 = CARTESIAN_POINT ( 'NONE',  ( 3.107836380012880018E-15, 5.999999999999974243, 0.000000000000000000 ) ) ;
#4499 = CARTESIAN_POINT ( 'NONE',  ( 35.13463462533560033, 1.188101187500001599, 1.320554750080270123 ) ) ;
#4500 = CARTESIAN_POINT ( 'NONE',  ( -8.000000000000010658, 5.999999999999946709, -9.797174393178815797E-16 ) ) ;
#4501 = CARTESIAN_POINT ( 'NONE',  ( 28.19713462328720865, 0.8284271247461921783, 2.828427124746190291 ) ) ;
#4502 = ORIENTED_EDGE ( 'NONE', *, *, #69, .T. ) ;
#4503 = CARTESIAN_POINT ( 'NONE',  ( 4.804200592831457007E-14, -5.875000000000015987, -3.999999999999974243 ) ) ;
#4504 = CARTESIAN_POINT ( 'NONE',  ( 27.35338462533560033, 0.2543279687901370267, 2.254327968790135195 ) ) ;
#4505 = CARTESIAN_POINT ( 'NONE',  ( 48.63463462328721221, -1.999999999999997780, -4.000000000000000000 ) ) ;
#4506 = CARTESIAN_POINT ( 'NONE',  ( -2.254327968790088121, 0.2187500020483677532, 2.254327968790116543 ) ) ;
#4507 = CARTESIAN_POINT ( 'NONE',  ( -3.188101187499934763, -3.062499997951636743, -1.320554750080258799 ) ) ;
#4508 = CARTESIAN_POINT ( 'NONE',  ( 1.320554750080267459, 6.125000002048381020, 3.188101187499972955 ) ) ;
#4509 = CARTESIAN_POINT ( 'NONE',  ( -3.999999999984719778, 2.187499514265025535, -1.103922892200548771E-05 ) ) ;
#4510 = CARTESIAN_POINT ( 'NONE',  ( 31.85338462533560033, 0.2543279687901365826, -2.254327968790134307 ) ) ;
#4511 = CARTESIAN_POINT ( 'NONE',  ( 50.22838462533560033, 0.2543279687901365826, 2.254327968790134751 ) ) ;
#4512 = CARTESIAN_POINT ( 'NONE',  ( 2.828427124746173860, 7.437499999999996447, -2.828427124746171639 ) ) ;
#4513 = CARTESIAN_POINT ( 'NONE',  ( 46.94713462533560033, -0.6794452499197284334, 3.188101187500000044 ) ) ;
#4514 = CARTESIAN_POINT ( 'NONE',  ( 30.54088462533560033, -1.999999999999998224, 3.188101187500000488 ) ) ;
#4515 = CARTESIAN_POINT ( 'NONE',  ( -2.828427124746129451, -4.187500000000026645, -2.828427124746171639 ) ) ;
#4516 = CARTESIAN_POINT ( 'NONE',  ( 41.79088462533560033, -1.999999999999997780, -3.188101187500000044 ) ) ;
#4517 = VERTEX_POINT ( 'NONE', #3735 ) ;
#4518 = CARTESIAN_POINT ( 'NONE',  ( 27.07213462738398491, -1.999999999999998224, 4.000000000000000000 ) ) ;
#4519 = ADVANCED_FACE ( 'NONE', ( #859, #893 ), #3172, .F. ) ;
#4520 = CARTESIAN_POINT ( 'NONE',  ( 37.94713462533560033, 1.188101187500001599, -1.320554750080269679 ) ) ;
#4521 = CARTESIAN_POINT ( 'NONE',  ( 36.82213462738398135, -1.999999999999997780, -4.000000000000000000 ) ) ;
#4522 = CARTESIAN_POINT ( 'NONE',  ( 3.107836380012962454E-15, 5.999999999999950262, 0.000000000000000000 ) ) ;
#4523 = CARTESIAN_POINT ( 'NONE',  ( 1.320554750080289663, -0.8124999979516210891, -3.188101187499973399 ) ) ;
#4524 = LINE ( 'NONE', #2454, #7266 ) ;
#4525 = CARTESIAN_POINT ( 'NONE',  ( 40.66588462328721931, -5.999999999999997335, 1.656854249492381248 ) ) ;
#4526 = CARTESIAN_POINT ( 'NONE',  ( -3.188101187499950750, 1.531250002048364589, 0.000000000000000000 ) ) ;
#4527 = CARTESIAN_POINT ( 'NONE',  ( 48.72838462328720510, -0.3431457505076173642, -4.000000000000000000 ) ) ;
#4528 = AXIS2_PLACEMENT_3D ( 'NONE', #4576, #6284, #2913 ) ;
#4529 = CARTESIAN_POINT ( 'NONE',  ( 40.94713462533560033, 1.188101187500001599, -1.320554750080269679 ) ) ;
#4530 = DIRECTION ( 'NONE',  ( 0.000000000000000000, 0.000000000000000000, -1.000000000000000000 ) ) ;
#4531 = CARTESIAN_POINT ( 'NONE',  ( 3.999999999999977351, 7.250000000000000000, -4.898587196589381274E-16 ) ) ;
#4532 = CARTESIAN_POINT ( 'NONE',  ( 3.188101187499993827, 2.281250002048386794, -3.904297914629718393E-16 ) ) ;
#4533 = CARTESIAN_POINT ( 'NONE',  ( -2.254327968790061032, -7.656249997951634079, 2.254327968790116543 ) ) ;
#4534 = CARTESIAN_POINT ( 'NONE',  ( 2.828427124746206722, -1.749999995903224859, 2.828427124746171195 ) ) ;
#4535 = CARTESIAN_POINT ( 'NONE',  ( 46.57213462328721221, -4.828427124746188959, 2.828427124746189403 ) ) ;
#4536 = CARTESIAN_POINT ( 'NONE',  ( 26.41588462533560033, -1.999999999999998224, 3.188101187500000044 ) ) ;
#4537 = LINE ( 'NONE', #1188, #3476 ) ;
#4538 = CARTESIAN_POINT ( 'NONE',  ( 1.656854249492381248, 4.718750004096773587, -3.999999999999974243 ) ) ;
#4539 = ORIENTED_EDGE ( 'NONE', *, *, #635, .T. ) ;
#4540 = CARTESIAN_POINT ( 'NONE',  ( 2.828427124746215160, -4.562500000000006217, -2.828427124746171639 ) ) ;
#4541 = CARTESIAN_POINT ( 'NONE',  ( 9.823004991566729389E-15, 5.281250002048376579, -3.188101187499973399 ) ) ;
#4542 = CARTESIAN_POINT ( 'NONE',  ( 25.80650962635979084, -1.999999999999998224, 3.594050593750000022 ) ) ;
#4543 = CARTESIAN_POINT ( 'NONE',  ( -2.254327968790098335, 3.218750002048368586, 2.254327968790116543 ) ) ;
#4544 = CARTESIAN_POINT ( 'NONE',  ( -1.320554750080221940, -2.687499997951629638, 3.188101187499973399 ) ) ;
#4545 = ADVANCED_FACE ( 'NONE', ( #333 ), #5438, .T. ) ;
#4546 = CARTESIAN_POINT ( 'NONE',  ( 5.609661191378137149E-14, -7.937499995903235295, 3.999999999999974243 ) ) ;
#4547 = AXIS2_PLACEMENT_3D ( 'NONE', #2789, #5684, #6724 ) ;
#4548 = CARTESIAN_POINT ( 'NONE',  ( 29.13463462533559678, 1.188101187500001599, 1.320554750080270123 ) ) ;
#4549 = CARTESIAN_POINT ( 'NONE',  ( 45.82213462533560033, -0.6794452499197284334, 3.188101187499999600 ) ) ;
#4550 = CARTESIAN_POINT ( 'NONE',  ( 47.60338462533560033, -4.254327968790133419, -2.254327968790135639 ) ) ;
#4551 = CARTESIAN_POINT ( 'NONE',  ( -3.999999999999974243, 8.201801801801787306, 0.000000000000000000 ) ) ;
#4552 = CARTESIAN_POINT ( 'NONE',  ( 1.656854249492391906, 1.718750004096771367, -3.999999999999974243 ) ) ;
#4553 = CARTESIAN_POINT ( 'NONE',  ( 39.63463462533560744, -3.320554750080270345, 3.188101187499999156 ) ) ;
#4554 = ORIENTED_EDGE ( 'NONE', *, *, #5905, .T. ) ;
#4555 = CARTESIAN_POINT ( 'NONE',  ( 11.87655809260991724, -5.988198988734566797, 6.954605428022087921 ) ) ;
#4556 = PERSON_AND_ORGANIZATION ( #6710, #6828 ) ;
#4557 = CARTESIAN_POINT ( 'NONE',  ( 39.35338462533560033, 0.2543279687901365826, -2.254327968790134307 ) ) ;
#4558 = CARTESIAN_POINT ( 'NONE',  ( 39.25963462738398846, -4.828427124746188959, 2.828427124746189403 ) ) ;
#4559 = DIRECTION ( 'NONE',  ( -1.000000000000000000, -0.000000000000000000, -0.000000000000000000 ) ) ;
#4560 = CARTESIAN_POINT ( 'NONE',  ( 3.188101187500000044, 0.4062500020483870156, -3.904297914629718393E-16 ) ) ;
#4561 = CARTESIAN_POINT ( 'NONE',  ( 49.29088462738399556, 2.000000000000001776, 1.656854249492380804 ) ) ;
#4562 = EDGE_CURVE ( 'NONE', #659, #552, #5358, .T. ) ;
#4563 = CARTESIAN_POINT ( 'NONE',  ( 3.188101187499998712, 0.7812500020483873486, -3.904297914629718393E-16 ) ) ;
#4564 = CARTESIAN_POINT ( 'NONE',  ( 27.72838462533560033, 0.2543279687901365826, 2.254327968790134751 ) ) ;
#4565 = VECTOR ( 'NONE', #5580, 1000.000000000000000 ) ;
#4566 = CARTESIAN_POINT ( 'NONE',  ( 44.60338462533560744, -4.254327968790133419, 2.254327968790133863 ) ) ;
#4567 = CARTESIAN_POINT ( 'NONE',  ( 35.04088462328720510, -3.656854249492361042, -4.000000000000019540 ) ) ;
#4568 = CARTESIAN_POINT ( 'NONE',  ( 36.07213462738398135, -1.999999999999998224, 4.000000000000000000 ) ) ;
#4569 = CARTESIAN_POINT ( 'NONE',  ( 3.188101187499993827, 2.375000002048386794, -1.320554750080259021 ) ) ;
#4570 = CARTESIAN_POINT ( 'NONE',  ( 38.88463462328720510, -1.999999999999998224, 4.000000000000000000 ) ) ;
#4571 = CARTESIAN_POINT ( 'NONE',  ( -1.320554750080205286, -7.562499997951631414, 3.188101187499973399 ) ) ;
#4572 = B_SPLINE_CURVE_WITH_KNOTS ( 'NONE', 3,
 ( #1902, #5282, #4598, #4165 ),
 .UNSPECIFIED., .F., .F.,
 ( 4, 4 ),
 ( 0.000000000000000000, 1.000000000000000000 ),
 .UNSPECIFIED. ) ;
#4573 = CARTESIAN_POINT ( 'NONE',  ( 1.656854249492407005, -2.781249995903229077, -3.999999999999974243 ) ) ;
#4574 = CARTESIAN_POINT ( 'NONE',  ( 44.79088462738398846, 2.000000000000001776, 1.656854249492380804 ) ) ;
#4575 = CARTESIAN_POINT ( 'NONE',  ( 29.79088462533560033, -5.188101187499998268, -5.856446871944625661E-16 ) ) ;
#4576 = CARTESIAN_POINT ( 'NONE',  ( 13.74772708486752038, -1.999999999999998224, 0.000000000000000000 ) ) ;
#4577 = VERTEX_POINT ( 'NONE', #4918 ) ;
#4578 = CARTESIAN_POINT ( 'NONE',  ( -2.254327968790101888, 3.968750002048368586, -2.254327968790116099 ) ) ;
#4579 = CARTESIAN_POINT ( 'NONE',  ( 39.07213462738398846, -1.999999999999998224, 4.000000000000000000 ) ) ;
#4580 = CARTESIAN_POINT ( 'NONE',  ( 2.254327968790166281, -6.531249997951617203, -2.254327968790116099 ) ) ;
#4581 = CARTESIAN_POINT ( 'NONE',  ( 2.254327968790157843, -3.906249997951616759, 2.254327968790115655 ) ) ;
#4582 = CIRCLE ( 'NONE', #762, 3.999999999999946265 ) ;
#4583 = CARTESIAN_POINT ( 'NONE',  ( 1.656854249492426545, -7.843749995903230854, 3.999999999999972911 ) ) ;
#4584 = ORIENTED_EDGE ( 'NONE', *, *, #2379, .F. ) ;
#4585 = CARTESIAN_POINT ( 'NONE',  ( 32.50963462533560033, -3.320554750080270345, 3.188101187499999156 ) ) ;
#4586 = CARTESIAN_POINT ( 'NONE',  ( 47.69713462533560744, -5.188101187499998268, 1.320554750080270345 ) ) ;
#4587 = EDGE_CURVE ( 'NONE', #2641, #2467, #917, .T. ) ;
#4588 = CARTESIAN_POINT ( 'NONE',  ( 42.35338462533560033, 0.2543279687901370267, 2.254327968790135195 ) ) ;
#4589 = DIRECTION ( 'NONE',  ( -3.430248998885766570E-15, 1.000000000000000000, -0.000000000000000000 ) ) ;
#4590 = PRODUCT ( 'ball', 'ball', '', ( #4170 ) ) ;
#4591 = CARTESIAN_POINT ( 'NONE',  ( 31.29088462328720510, -0.3431457505076178638, 4.000000000000000000 ) ) ;
#4592 = DIRECTION ( 'NONE',  ( -1.000000000000000000, -3.406929273634555193E-15, 0.000000000000000000 ) ) ;
#4593 = APPROVAL_ROLE ( '' ) ;
#4594 = CARTESIAN_POINT ( 'NONE',  ( 35.97838462533560744, -4.254327968790132530, -2.254327968790135195 ) ) ;
#4595 = CARTESIAN_POINT ( 'NONE',  ( 30.82213462738398491, -1.999999999999997780, -4.000000000000000000 ) ) ;
#4596 = CARTESIAN_POINT ( 'NONE',  ( 49.19713462533560744, -3.320554750080268125, -3.188101187500001377 ) ) ;
#4597 = CARTESIAN_POINT ( 'NONE',  ( 25.88463462328721221, -1.999999999999998224, 0.000000000000000000 ) ) ;
#4598 = CARTESIAN_POINT ( 'NONE',  ( 1.729315368802016639, -8.311777811184727582, 2.995381461961844405 ) ) ;
#4599 = CYLINDRICAL_SURFACE ( 'NONE', #2042, 4.000000000000000000 ) ;
#4600 = CARTESIAN_POINT ( 'NONE',  ( -2.254327968790082792, -1.281249997951631858, 2.254327968790116543 ) ) ;
#4601 = CARTESIAN_POINT ( 'NONE',  ( 50.13463462328721221, -1.999999999999997780, -4.000000000000000000 ) ) ;
#4602 =( REPRESENTATION_RELATIONSHIP ('NONE','NONE', #5871, #6116 ) REPRESENTATION_RELATIONSHIP_WITH_TRANSFORMATION ( #4765 )SHAPE_REPRESENTATION_RELATIONSHIP( ) );
#4603 = CARTESIAN_POINT ( 'NONE',  ( 42.35338462533560033, 0.2543279687901365826, -2.254327968790134307 ) ) ;
#4604 = CARTESIAN_POINT ( 'NONE',  ( 50.13463462533560744, 1.188101187500001599, 1.320554750080270123 ) ) ;
#4605 = CARTESIAN_POINT ( 'NONE',  ( 35.32213462328720510, 0.8284271247461921783, -2.828427124746189847 ) ) ;
#4606 = CARTESIAN_POINT ( 'NONE',  ( -1.320554750080235262, 1.250000002048371250, -3.188101187499973843 ) ) ;
#4607 = CARTESIAN_POINT ( 'NONE',  ( 39.16588462328721221, -5.999999999999997335, 1.656854249492381248 ) ) ;
#4608 = CARTESIAN_POINT ( 'NONE',  ( 2.254327968790167613, -6.906249997951618091, -2.254327968790116099 ) ) ;
#4609 = CARTESIAN_POINT ( 'NONE',  ( 2.828427124746199173, 0.1250000040967742532, -2.828427124746171639 ) ) ;
#4610 = EDGE_CURVE ( 'NONE', #7030, #1288, #4006, .T. ) ;
#4611 = AXIS2_PLACEMENT_3D ( 'NONE', #3676, #1351, #196 ) ;
#4612 = CARTESIAN_POINT ( 'NONE',  ( 43.10338462328720510, 2.000000000000001776, 1.656854249492380804 ) ) ;
#4613 = CARTESIAN_POINT ( 'NONE',  ( 30.63463462533560033, 1.188101187500001599, 1.320554750080270123 ) ) ;
#4614 = LINE ( 'NONE', #2840, #5721 ) ;
#4615 = VERTEX_POINT ( 'NONE', #5038 ) ;
#4616 = CARTESIAN_POINT ( 'NONE',  ( 2.254327968790133419, 3.218750002048383241, 2.254327968790115655 ) ) ;
#4617 = CARTESIAN_POINT ( 'NONE',  ( -3.188101187499924993, -6.062499997951635855, -1.320554750080259021 ) ) ;
#4618 = CARTESIAN_POINT ( 'NONE',  ( 2.254327968790166281, -6.531249997951617203, -2.254327968790116099 ) ) ;
#4619 = CARTESIAN_POINT ( 'NONE',  ( 4.580586491712406783E-14, -4.937499995903235295, 3.999999999999974243 ) ) ;
#4620 = ORIENTED_EDGE ( 'NONE', *, *, #5341, .T. ) ;
#4621 = CARTESIAN_POINT ( 'NONE',  ( 48.44713462533560744, 1.188101187500001599, -1.320554750080269679 ) ) ;
#4622 = CARTESIAN_POINT ( 'NONE',  ( 42.63463462533559323, -3.320554750080270345, 3.188101187499999156 ) ) ;
#4623 = CARTESIAN_POINT ( 'NONE',  ( 32.13463462328721221, -1.999999999999997780, -4.000000000000000000 ) ) ;
#4624 = APPROVAL_STATUS ( 'not_yet_approved' ) ;
#4625 = DIRECTION ( 'NONE',  ( 0.000000000000000000, 0.000000000000000000, 1.000000000000000000 ) ) ;
#4626 = CARTESIAN_POINT ( 'NONE',  ( 39.82213462328721221, 0.8284271247461921783, -2.828427124746189847 ) ) ;
#4627 = APPROVAL_ROLE ( '' ) ;
#4628 = CARTESIAN_POINT ( 'NONE',  ( 34.85338462533560744, 0.2543279687901365826, -2.254327968790134307 ) ) ;
#4629 = CARTESIAN_POINT ( 'NONE',  ( 32.97838462738398135, -0.3431457505076178638, 4.000000000000000000 ) ) ;
#4630 = CARTESIAN_POINT ( 'NONE',  ( 41.32213462533560033, -5.188101187499998268, 1.320554750080270789 ) ) ;
#4631 = CARTESIAN_POINT ( 'NONE',  ( 2.254327968790157399, -3.906249997951616759, -2.254327968790116099 ) ) ;
#4632 = CARTESIAN_POINT ( 'NONE',  ( 49.19713462533560744, -3.320554750080268569, -3.188101187500000488 ) ) ;
#4633 = CARTESIAN_POINT ( 'NONE',  ( 1.320554750080292328, -0.9999999979516194237, 3.188101187499972955 ) ) ;
#4634 = CARTESIAN_POINT ( 'NONE',  ( 45.25963462328721221, -5.999999999999998224, -7.347880794884119736E-16 ) ) ;
#4635 = EDGE_CURVE ( 'NONE', #6150, #258, #5443, .T. ) ;
#4636 = ORIENTED_EDGE ( 'NONE', *, *, #5022, .T. ) ;
#4637 = CARTESIAN_POINT ( 'NONE',  ( 50.41588462533560033, -1.999999999999998224, 3.188101187500000044 ) ) ;
#4638 = CARTESIAN_POINT ( 'NONE',  ( -2.828427124746139665, -0.8125000000000249800, 2.828427124746172083 ) ) ;
#4639 = DIRECTION ( 'NONE',  ( 0.000000000000000000, 0.000000000000000000, 1.000000000000000000 ) ) ;
#4640 = CARTESIAN_POINT ( 'NONE',  ( -1.320554750080253248, 6.312500002048373027, 3.188101187499973399 ) ) ;
#4641 = CARTESIAN_POINT ( 'NONE',  ( -3.188101187499917888, -7.749999997951637631, 1.320554750080261019 ) ) ;
#4642 = CARTESIAN_POINT ( 'NONE',  ( -3.999999999999937383, -2.218749995903248617, 1.656854249492372588 ) ) ;
#4643 = APPROVAL_PERSON_ORGANIZATION ( #5354, #2308, #2460 ) ;
#4644 = AXIS2_PLACEMENT_3D ( 'NONE', #545, #4494, #2232 ) ;
#4645 = CARTESIAN_POINT ( 'NONE',  ( 36.25963462328721221, -5.999999999999998224, -7.347880794884119736E-16 ) ) ;
#4646 = CARTESIAN_POINT ( 'NONE',  ( 30.54088462533560033, 1.188101187500001599, 1.952148957314875220E-16 ) ) ;
#4647 = DIRECTION ( 'NONE',  ( -1.000000000000000000, -0.000000000000000000, -0.000000000000000000 ) ) ;
#4648 = VERTEX_POINT ( 'NONE', #4474 ) ;
#4649 = CARTESIAN_POINT ( 'NONE',  ( -3.188101187499953859, 2.562500002048364589, -1.320554750080258799 ) ) ;
#4650 = CARTESIAN_POINT ( 'NONE',  ( 3.188101187500024025, -6.624999997951613651, -1.320554750080259243 ) ) ;
#4651 = CARTESIAN_POINT ( 'NONE',  ( -3.188101187499919220, -7.562499997951637631, -1.320554750080258799 ) ) ;
#4652 = EDGE_CURVE ( 'NONE', #895, #335, #1649, .T. ) ;
#4653 = CARTESIAN_POINT ( 'NONE',  ( 3.188101187499979172, 6.500000002048387238, -1.320554750080259021 ) ) ;
#4654 = EDGE_LOOP ( 'NONE', ( #6239, #4238, #282, #6896, #7084, #5532, #3126, #4554, #971, #6606, #6924, #5071, #898, #6296, #1390, #6531, #1949, #2323, #3236, #2936, #5518, #766, #4813, #2697 ) ) ;
#4655 = CARTESIAN_POINT ( 'NONE',  ( 44.60338462533560744, -4.254327968790133419, 2.254327968790133863 ) ) ;
#4656 =( BOUNDED_CURVE ( )  B_SPLINE_CURVE ( 2, ( #2751, #7368, #7290, #4451, #1622, #5613, #3468, #1710, #7329 ),
 .UNSPECIFIED., .F., .F. ) 
 B_SPLINE_CURVE_WITH_KNOTS ( ( 3, 2, 2, 2, 3 ),
 ( 0.09090909090909091161, 0.1022727272727272652, 0.1136363636363636048, 0.1249999999999999584, 0.1363636363636362980 ),
 .UNSPECIFIED. ) 
 CURVE ( )  GEOMETRIC_REPRESENTATION_ITEM ( )  RATIONAL_B_SPLINE_CURVE ( ( 1.000000000000000000, 0.9238795325112867385, 1.000000000000000000, 0.9238795325112867385, 1.000000000000000000, 0.9238795325112867385, 1.000000000000000000, 0.9238795325112870716, 0.9999999999999996669 ) ) 
 REPRESENTATION_ITEM ( '' )  );
#4657 = CARTESIAN_POINT ( 'NONE',  ( 40.19713462533560033, -3.320554750080268569, -3.188101187500000933 ) ) ;
#4658 = CARTESIAN_POINT ( 'NONE',  ( 32.50963462328721221, 2.000000000000001776, 2.449293598294706414E-16 ) ) ;
#4659 = AXIS2_PLACEMENT_3D ( 'NONE', #5515, #4998, #3847 ) ;
#4660 = CARTESIAN_POINT ( 'NONE',  ( 11.95357586481584100, -5.529612966829098752, 7.198196269448983386 ) ) ;
#4661 = COORDINATED_UNIVERSAL_TIME_OFFSET ( 8, 0, .AHEAD. ) ;
#4662 = CARTESIAN_POINT ( 'NONE',  ( 36.07213462533560033, -3.320554750080268125, -3.188101187500000933 ) ) ;
#4663 = CARTESIAN_POINT ( 'NONE',  ( 35.13463462738398846, -4.828427124746188959, -2.828427124746190735 ) ) ;
#4664 = CARTESIAN_POINT ( 'NONE',  ( 41.97838462533560033, 0.2543279687901370267, -2.254327968790134751 ) ) ;
#4665 = CC_DESIGN_DATE_AND_TIME_ASSIGNMENT ( #5839, #4135, ( #3849 ) ) ;
#4666 = CARTESIAN_POINT ( 'NONE',  ( -1.320554750080207951, -6.624999997951629638, -3.188101187499973399 ) ) ;
#4667 = CARTESIAN_POINT ( 'NONE',  ( 48.91588462533560033, -5.188101187499998268, -5.856446871944625661E-16 ) ) ;
#4668 = CARTESIAN_POINT ( 'NONE',  ( 43.47838462328721931, -3.656854249492381914, 3.999999999999999112 ) ) ;
#4669 = ORIENTED_EDGE ( 'NONE', *, *, #2185, .F. ) ;
#4670 = CARTESIAN_POINT ( 'NONE',  ( 49.47838462533560033, -4.254327968790132530, -2.254327968790135195 ) ) ;
#4671 = CARTESIAN_POINT ( 'NONE',  ( -2.828427124746150323, 2.187499999999975131, 2.828427124746172083 ) ) ;
#4672 = CARTESIAN_POINT ( 'NONE',  ( 50.88463462328721221, -1.999999999999998224, 0.000000000000000000 ) ) ;
#4673 = ADVANCED_FACE ( 'NONE', ( #2133 ), #3885, .T. ) ;
#4674 = CARTESIAN_POINT ( 'NONE',  ( -2.254327968790108994, 6.218750002048368586, 2.254327968790116543 ) ) ;
#4675 =( BOUNDED_CURVE ( )  B_SPLINE_CURVE ( 2, ( #781, #2608, #4838, #4872, #1444, #4208, #1331, #7148, #3057 ),
 .UNSPECIFIED., .F., .F. ) 
 B_SPLINE_CURVE_WITH_KNOTS ( ( 3, 2, 2, 2, 3 ),
 ( 0.06250000000000004163, 0.07031250000000005551, 0.07812500000000005551, 0.08593750000000005551, 0.09375000000000006939 ),
 .UNSPECIFIED. ) 
 CURVE ( )  GEOMETRIC_REPRESENTATION_ITEM ( )  RATIONAL_B_SPLINE_CURVE ( ( 0.9999999999999995559, 0.9238795325112871826, 1.000000000000000000, 0.9238795325112867385, 1.000000000000000000, 0.9238795325112867385, 1.000000000000000000, 0.9238795325112860723, 1.000000000000000666 ) ) 
 REPRESENTATION_ITEM ( '' )  );
#4676 = CARTESIAN_POINT ( 'NONE',  ( 1.656854249492381914, 4.531249999999991118, -3.999999999999974243 ) ) ;
#4677 = CARTESIAN_POINT ( 'NONE',  ( 2.828427124746226706, -7.749999995903226413, 2.828427124746171195 ) ) ;
#4678 = CARTESIAN_POINT ( 'NONE',  ( 1.557679562849621911E-14, 3.874999999999985345, 3.999999999999974243 ) ) ;
#4679 = CARTESIAN_POINT ( 'NONE',  ( 44.22838462738398846, -3.656854249492377917, -4.000000000000000888 ) ) ;
#4680 = CARTESIAN_POINT ( 'NONE',  ( 30.07213462738398491, -1.999999999999998224, 4.000000000000000000 ) ) ;
#4681 = VERTEX_POINT ( 'NONE', #7273 ) ;
#4682 = CARTESIAN_POINT ( 'NONE',  ( 0.000000000000000000, 0.000000000000000000, 0.000000000000000000 ) ) ;
#4683 = CARTESIAN_POINT ( 'NONE',  ( 4.276244893904673723E-14, -4.093749997951625197, 3.188101187499973399 ) ) ;
#4684 = CARTESIAN_POINT ( 'NONE',  ( 28.47838462533559678, 0.2543279687901370267, -2.254327968790134751 ) ) ;
#4685 = CARTESIAN_POINT ( 'NONE',  ( -3.188101187499953859, 2.562500002048364589, -1.320554750080258799 ) ) ;
#4686 =( BOUNDED_CURVE ( )  B_SPLINE_CURVE ( 2, ( #1566, #3965, #6751, #2854, #6102, #6186, #1650, #5674, #2172 ),
 .UNSPECIFIED., .F., .T. ) 
 B_SPLINE_CURVE_WITH_KNOTS ( ( 3, 2, 2, 2, 3 ),
 ( 0.1875000000000001388, 0.1953125000000001388, 0.2031250000000001665, 0.2109375000000001665, 0.2187500000000001665 ),
 .UNSPECIFIED. ) 
 CURVE ( )  GEOMETRIC_REPRESENTATION_ITEM ( )  RATIONAL_B_SPLINE_CURVE ( ( 0.9999999999999986677, 0.9238795325112880708, 1.000000000000000000, 0.9238795325112867385, 1.000000000000000000, 0.9238795325112867385, 1.000000000000000000, 0.9238795325112850731, 1.000000000000001554 ) ) 
 REPRESENTATION_ITEM ( '' )  );
#4687 = EDGE_LOOP ( 'NONE', ( #2372, #3642 ) ) ;
#4688 = CARTESIAN_POINT ( 'NONE',  ( 28.57213462533560033, -3.320554750080268569, -3.188101187500000488 ) ) ;
#4689 = CARTESIAN_POINT ( 'NONE',  ( 44.22838462533560744, 0.2543279687901365826, 2.254327968790134751 ) ) ;
#4690 = EDGE_CURVE ( 'NONE', #4824, #3009, #4686, .T. ) ;
#4691 = CARTESIAN_POINT ( 'NONE',  ( 40.85338462533560033, 0.2543279687901370267, 2.254327968790135195 ) ) ;
#4692 = CARTESIAN_POINT ( 'NONE',  ( 3.999999999999988010, 4.343750004096778916, 1.656854249492369036 ) ) ;
#4693 = CARTESIAN_POINT ( 'NONE',  ( -1.656854249492324405, -5.218750000000019540, 3.999999999999972911 ) ) ;
#4694 = AXIS2_PLACEMENT_3D ( 'NONE', #2424, #6297, #4592 ) ;
#4695 = CARTESIAN_POINT ( 'NONE',  ( 12.44620951830197697, -2.524720863542045279, 8.000000000000044409 ) ) ;
#4696 = DATE_AND_TIME ( #2140, #259 ) ;
#4697 = CARTESIAN_POINT ( 'NONE',  ( 31.75963462533559678, -0.6794452499197282114, -3.188101187500000044 ) ) ;
#4698 = CARTESIAN_POINT ( 'NONE',  ( 35.60338462738398846, 2.000000000000001776, -1.656854249492380360 ) ) ;
#4699 = CARTESIAN_POINT ( 'NONE',  ( 46.19713462533560033, -3.320554750080268125, -3.188101187500001377 ) ) ;
#4700 = CARTESIAN_POINT ( 'NONE',  ( 5.433953931028620620E-14, -7.468749997951626085, 3.188101187499973399 ) ) ;
#4701 = DIRECTION ( 'NONE',  ( -1.000000000000000000, -3.469446951953660732E-15, 0.000000000000000000 ) ) ;
#4702 = CARTESIAN_POINT ( 'NONE',  ( 48.54088462328721221, -3.656854249492377917, -4.000000000000000888 ) ) ;
#4703 = ORIENTED_EDGE ( 'NONE', *, *, #4924, .T. ) ;
#4704 = CARTESIAN_POINT ( 'NONE',  ( 29.22838462328720865, -0.3431457505075994341, -3.999999999999981792 ) ) ;
#4705 = CARTESIAN_POINT ( 'NONE',  ( -3.999999999999941824, -0.9062500000000285327, 1.656854249492372588 ) ) ;
#4706 = CARTESIAN_POINT ( 'NONE',  ( 41.41588462328720510, 2.000000000000001776, -1.656854249492380138 ) ) ;
#4707 = CARTESIAN_POINT ( 'NONE',  ( 4.276244893904673723E-14, -4.093749997951625197, 3.188101187499973399 ) ) ;
#4708 = CARTESIAN_POINT ( 'NONE',  ( 50.88463462328721221, -1.999999999999998224, 0.000000000000000000 ) ) ;
#4709 = CARTESIAN_POINT ( 'NONE',  ( 3.999999999999982681, 5.750000000000000000, -4.898587196589381274E-16 ) ) ;
#4710 = CARTESIAN_POINT ( 'NONE',  ( 4.000000000000027534, -7.562499995903221972, -4.898587196589381274E-16 ) ) ;
#4711 = CARTESIAN_POINT ( 'NONE',  ( -3.999999999999942712, -0.7187499959032490615, 1.656854249492372366 ) ) ;
#4712 = CARTESIAN_POINT ( 'NONE',  ( 48.44713462738398846, -5.999999999999998224, -7.347880794884119736E-16 ) ) ;
#4713 =( BOUNDED_CURVE ( )  B_SPLINE_CURVE ( 2, ( #992, #880, #916, #3274, #953, #4980, #7256, #3231, #5497 ),
 .UNSPECIFIED., .F., .F. ) 
 B_SPLINE_CURVE_WITH_KNOTS ( ( 3, 2, 2, 2, 3 ),
 ( 0.5000000000000000000, 0.5113636363636363535, 0.5227272727272727071, 0.5340909090909090606, 0.5454545454545454142 ),
 .UNSPECIFIED. ) 
 CURVE ( )  GEOMETRIC_REPRESENTATION_ITEM ( )  RATIONAL_B_SPLINE_CURVE ( ( 1.000000000000000000, 0.9238795325112867385, 1.000000000000000000, 0.9238795325112867385, 1.000000000000000000, 0.9238795325112867385, 1.000000000000000000, 0.9238795325112867385, 1.000000000000000000 ) ) 
 REPRESENTATION_ITEM ( '' )  );
#4714 = VERTEX_POINT ( 'NONE', #5113 ) ;
#4715 = CARTESIAN_POINT ( 'NONE',  ( -1.320554750080218165, -3.624999997951630970, -3.188101187499973843 ) ) ;
#4716 = CARTESIAN_POINT ( 'NONE',  ( 3.188101187500024913, -6.812499997951613651, 1.320554750080258577 ) ) ;
#4717 = CARTESIAN_POINT ( 'NONE',  ( 29.41588462533560033, -5.188101187499998268, -5.856446871944625661E-16 ) ) ;
#4718 = CARTESIAN_POINT ( 'NONE',  ( 2.254327968790128534, 4.718750002048383685, 2.254327968790115655 ) ) ;
#4719 = EDGE_CURVE ( 'NONE', #6071, #3104, #5835, .T. ) ;
#4720 = ORIENTED_EDGE ( 'NONE', *, *, #4265, .F. ) ;
#4721 = CARTESIAN_POINT ( 'NONE',  ( 38.04088462533560033, 1.188101187500001599, 1.952148957314875220E-16 ) ) ;
#4722 = CARTESIAN_POINT ( 'NONE',  ( 42.54088462533560033, -1.999999999999998224, 3.188101187500000488 ) ) ;
#4723 = CARTESIAN_POINT ( 'NONE',  ( 1.656854249492422326, -6.531250000000010658, 3.999999999999973355 ) ) ;
#4724 = CARTESIAN_POINT ( 'NONE',  ( 3.775125893165726642E-14, -2.875000000000014655, -3.999999999999974243 ) ) ;
#4725 = EDGE_CURVE ( 'NONE', #1013, #2543, #6482, .T. ) ;
#4726 = CONTEXT_DEPENDENT_SHAPE_REPRESENTATION ( #4602, #7330 ) ;
#4727 = CARTESIAN_POINT ( 'NONE',  ( 40.85338462738398135, -5.999999999999997335, 1.656854249492381248 ) ) ;
#4728 = CARTESIAN_POINT ( 'NONE',  ( 42.44713462533560033, 1.188101187500001599, -1.320554750080269679 ) ) ;
#4729 = PERSON_AND_ORGANIZATION_ROLE ( 'creator' ) ;
#4730 = CARTESIAN_POINT ( 'NONE',  ( 33.07213462533560744, -3.320554750080268125, -3.188101187500000933 ) ) ;
#4731 = CARTESIAN_POINT ( 'NONE',  ( 31.47838462738399201, -0.3431457505076178638, 4.000000000000000000 ) ) ;
#4732 = CARTESIAN_POINT ( 'NONE',  ( 42.16588462533560033, 1.188101187500002043, 1.952148957314875467E-16 ) ) ;
#4733 = CARTESIAN_POINT ( 'NONE',  ( 2.254327968790174719, -8.781249997951618980, 2.254327968790115655 ) ) ;
#4734 = DIRECTION ( 'NONE',  ( -1.000000000000000000, -0.000000000000000000, -0.000000000000000000 ) ) ;
#4735 = CARTESIAN_POINT ( 'NONE',  ( 43.38463462328721221, -1.999999999999998224, 4.000000000000000000 ) ) ;
#4736 = EDGE_CURVE ( 'NONE', #864, #5480, #1129, .T. ) ;
#4737 = ORIENTED_EDGE ( 'NONE', *, *, #6602, .F. ) ;
#4738 = AXIS2_PLACEMENT_3D ( 'NONE', #5916, #1485, #6590 ) ;
#4739 = CARTESIAN_POINT ( 'NONE',  ( 4.000000000000022204, -1.843750000000000666, 1.656854249492356823 ) ) ;
#4740 = CARTESIAN_POINT ( 'NONE',  ( 3.999999999999992006, 3.031250004096779360, -1.656854249492369924 ) ) ;
#4741 = CARTESIAN_POINT ( 'NONE',  ( 3.101291612348216828E-14, -0.6250000000000144329, 3.999999999999974243 ) ) ;
#4742 = CARTESIAN_POINT ( 'NONE',  ( 42.07213462328721221, -4.828427124746188959, 2.828427124746189403 ) ) ;
#4743 = CARTESIAN_POINT ( 'NONE',  ( 2.911815561029916980E-14, -0.3437499979516249748, -3.188101187499973399 ) ) ;
#4744 = CARTESIAN_POINT ( 'NONE',  ( 3.999999999999982681, 5.843750000000000000, -1.656854249492369924 ) ) ;
#4745 = CARTESIAN_POINT ( 'NONE',  ( -1.656854249492319964, -6.531249995903242400, 3.999999999999972911 ) ) ;
#4746 = CARTESIAN_POINT ( 'NONE',  ( 28.29088462738398491, 2.000000000000001776, 1.656854249492380804 ) ) ;
#4747 = CARTESIAN_POINT ( 'NONE',  ( 45.16588462738398846, -3.656854249492381914, 3.999999999999999112 ) ) ;
#4748 = CARTESIAN_POINT ( 'NONE',  ( 39.63463462328720510, -1.999999999999997780, -4.000000000000000000 ) ) ;
#4749 = EDGE_LOOP ( 'NONE', ( #2602, #4363, #4829, #197 ) ) ;
#4750 = CARTESIAN_POINT ( 'NONE',  ( 3.188101187499995604, 1.812500002048386794, 1.320554750080258577 ) ) ;
#4751 = CARTESIAN_POINT ( 'NONE',  ( -1.320554750080204398, -7.749999997951631414, -3.188101187499973399 ) ) ;
#4752 = CARTESIAN_POINT ( 'NONE',  ( 27.91588462533560033, -5.188101187499998268, -5.856446871944625661E-16 ) ) ;
#4753 = CARTESIAN_POINT ( 'NONE',  ( 2.254327968790144077, 0.2187500020483833518, 2.254327968790115655 ) ) ;
#4754 = CIRCLE ( 'NONE', #4644, 3.999999999999944489 ) ;
#4755 = ORIENTED_EDGE ( 'NONE', *, *, #648, .F. ) ;
#4756 = CARTESIAN_POINT ( 'NONE',  ( 0.000000000000000000, 0.000000000000000000, 0.000000000000000000 ) ) ;
#4757 = AXIS2_PLACEMENT_3D ( 'NONE', #186, #7011, #6338 ) ;
#4758 = CARTESIAN_POINT ( 'NONE',  ( 41.60338462533560033, -4.254327968790133419, 2.254327968790133863 ) ) ;
#4759 = CARTESIAN_POINT ( 'NONE',  ( 35.50963462533560033, -5.188101187499998268, -1.320554750080271900 ) ) ;
#4760 = CARTESIAN_POINT ( 'NONE',  ( -2.828427124746114796, -8.499999995903246841, -2.828427124746171639 ) ) ;
#4761 = CARTESIAN_POINT ( 'NONE',  ( -2.254327968790113434, 7.343750002048368586, -2.254327968790116099 ) ) ;
#4762 = CARTESIAN_POINT ( 'NONE',  ( -3.999999999999936495, -2.593750000000030198, -1.656854249492369702 ) ) ;
#4763 = CARTESIAN_POINT ( 'NONE',  ( 31.57213462328720865, -4.828427124746188959, 2.828427124746189403 ) ) ;
#4764 = CARTESIAN_POINT ( 'NONE',  ( 41.50963462533560744, -3.320554750080270345, 3.188101187499999156 ) ) ;
#4765 = ITEM_DEFINED_TRANSFORMATION ( 'NONE', 'NONE', #2907,  #4195 ) ;
#4766 = CARTESIAN_POINT ( 'NONE',  ( 31.10338462533560033, -4.254327968790133419, 2.254327968790133863 ) ) ;
#4767 = CARTESIAN_POINT ( 'NONE',  ( 29.79088462738398491, 2.000000000000001776, 1.656854249492381026 ) ) ;
#4768 = CARTESIAN_POINT ( 'NONE',  ( 44.04088462533560744, -1.999999999999998224, 3.188101187500000488 ) ) ;
#4769 = CARTESIAN_POINT ( 'NONE',  ( 50.22838462328721221, -0.3431457505076208059, -4.000000000000003553 ) ) ;
#4770 = CARTESIAN_POINT ( 'NONE',  ( -3.999999999999937828, -2.218749995903248617, 1.656854249492372366 ) ) ;
#4771 = ORIENTED_EDGE ( 'NONE', *, *, #4104, .F. ) ;
#4772 = CARTESIAN_POINT ( 'NONE',  ( 43.10338462328720510, 2.000000000000001776, 1.656854249492381026 ) ) ;
#4773 = ORIENTED_EDGE ( 'NONE', *, *, #1063, .F. ) ;
#4774 = CARTESIAN_POINT ( 'NONE',  ( 49.38463462533560744, -5.188101187499997380, -1.320554750080271678 ) ) ;
#4775 = CARTESIAN_POINT ( 'NONE',  ( -3.999999999999958256, 3.687500004096751827, 0.000000000000000000 ) ) ;
#4776 = CARTESIAN_POINT ( 'NONE',  ( 1.656854249492391462, 2.468749999999990674, 3.999999999999972911 ) ) ;
#4777 = CARTESIAN_POINT ( 'NONE',  ( -3.999999999999957367, 3.499999999999972022, 0.000000000000000000 ) ) ;
#4778 = CARTESIAN_POINT ( 'NONE',  ( 2.254327968790152958, -2.406249997951617203, 2.254327968790115655 ) ) ;
#4779 = CARTESIAN_POINT ( 'NONE',  ( -5.999999999999886313, -8.000000000000044409, -7.347880794884062544E-16 ) ) ;
#4780 = CARTESIAN_POINT ( 'NONE',  ( 1.716976493834267173E-14, 3.124999999999985345, -3.999999999999974243 ) ) ;
#4781 = CARTESIAN_POINT ( 'NONE',  ( 4.000000000000034639, -9.156249995903221972, 1.656854249492369036 ) ) ;
#4782 = CARTESIAN_POINT ( 'NONE',  ( -3.999999999999946265, 6.906008975156686880, 0.000000000000000000 ) ) ;
#4783 = CARTESIAN_POINT ( 'NONE',  ( 46.19713462738398846, 2.000000000000001776, 2.449293598294706414E-16 ) ) ;
#4784 = CARTESIAN_POINT ( 'NONE',  ( 3.999999999999855227, -4.562514301694934993, 7.923783292245884356E-07 ) ) ;
#4785 = ORIENTED_EDGE ( 'NONE', *, *, #3221, .F. ) ;
#4786 = CARTESIAN_POINT ( 'NONE',  ( -3.999999999999941824, -1.093750000000028644, -1.656854249492369702 ) ) ;
#4787 = CARTESIAN_POINT ( 'NONE',  ( -3.188101187499944089, -0.4374999979516362991, -1.320554750080258799 ) ) ;
#4788 = CARTESIAN_POINT ( 'NONE',  ( 44.69713462328721221, 0.8284271247461921783, 2.828427124746190291 ) ) ;
#4789 = LOCAL_TIME ( 2, 47, 55.00000000000000000, #4661 ) ;
#4790 = CARTESIAN_POINT ( 'NONE',  ( -2.254327968790101888, 3.968750002048368586, -2.254327968790116099 ) ) ;
#4791 = EDGE_LOOP ( 'NONE', ( #7238, #4669 ) ) ;
#4792 = CARTESIAN_POINT ( 'NONE',  ( 49.75963462328721221, -5.999999999999998224, -7.347880794884119736E-16 ) ) ;
#4793 = CC_DESIGN_PERSON_AND_ORGANIZATION_ASSIGNMENT ( #1407, #5912, ( #4590 ) ) ;
#4794 = CARTESIAN_POINT ( 'NONE',  ( 42.63463462533559323, 1.188101187500001599, 1.320554750080270123 ) ) ;
#4795 = CARTESIAN_POINT ( 'NONE',  ( 34.85338462533560744, 0.2543279687901370267, 2.254327968790135195 ) ) ;
#4796 = DIRECTION ( 'NONE',  ( -1.000000000000000000, -0.000000000000000000, -0.000000000000000000 ) ) ;
#4797 = CARTESIAN_POINT ( 'NONE',  ( 31.75963462738398846, -4.828427124746188959, 2.828427124746189403 ) ) ;
#4798 = CARTESIAN_POINT ( 'NONE',  ( -2.828427124746124122, -5.687500000000025757, -2.828427124746171639 ) ) ;
#4799 = CARTESIAN_POINT ( 'NONE',  ( 2.828427124746190735, 2.750000004096774919, 2.828427124746171195 ) ) ;
#4800 = CYLINDRICAL_SURFACE ( 'NONE', #3410, 4.000000000000000000 ) ;
#4801 = EDGE_CURVE ( 'NONE', #4648, #6315, #3488, .T. ) ;
#4802 = CARTESIAN_POINT ( 'NONE',  ( 35.41588462533560033, -1.999999999999998224, 3.188101187500000044 ) ) ;
#4803 = PERSON_AND_ORGANIZATION_ROLE ( 'classification_officer' ) ;
#4804 = CARTESIAN_POINT ( 'NONE',  ( 27.07213462533560033, -3.320554750080268125, -3.188101187500000933 ) ) ;
#4805 = CARTESIAN_POINT ( 'NONE',  ( 27.35338462738398491, -5.999999999999997335, 1.656854249492381248 ) ) ;
#4806 = CARTESIAN_POINT ( 'NONE',  ( 38.60338462533560033, -4.254327968790133419, -2.254327968790135639 ) ) ;
#4807 = CARTESIAN_POINT ( 'NONE',  ( 37.66588462738398846, -3.656854249492364151, 4.000000000000017764 ) ) ;
#4808 = CARTESIAN_POINT ( 'NONE',  ( 42.91588462533560744, -5.188101187499998268, -5.856446871944625661E-16 ) ) ;
#4809 = ORIENTED_EDGE ( 'NONE', *, *, #1452, .F. ) ;
#4810 = CARTESIAN_POINT ( 'NONE',  ( 39.07213462328720510, -4.828427124746188959, 2.828427124746189403 ) ) ;
#4811 = ORIENTED_EDGE ( 'NONE', *, *, #1629, .T. ) ;
#4812 = CIRCLE ( 'NONE', #3150, 9.999999999999996447 ) ;
#4813 = ORIENTED_EDGE ( 'NONE', *, *, #6881, .F. ) ;
#4814 = EDGE_CURVE ( 'NONE', #5884, #2061, #5693, .T. ) ;
#4815 = CARTESIAN_POINT ( 'NONE',  ( 47.88463462533560744, -5.188101187499997380, -1.320554750080271678 ) ) ;
#4816 = CARTESIAN_POINT ( 'NONE',  ( 8.031177825328346069E-15, 6.031250002048376579, 3.188101187499973399 ) ) ;
#4817 = CARTESIAN_POINT ( 'NONE',  ( -3.188101187499940092, -1.374999997951635189, 1.320554750080261019 ) ) ;
#4818 = DIRECTION ( 'NONE',  ( 0.000000000000000000, 0.000000000000000000, -1.000000000000000000 ) ) ;
#4819 = CARTESIAN_POINT ( 'NONE',  ( 2.828427124746194732, 1.437499999999995115, -2.828427124746171639 ) ) ;
#4820 = CARTESIAN_POINT ( 'NONE',  ( 2.828427124746219601, -5.874999995903226413, -2.828427124746171639 ) ) ;
#4821 = CARTESIAN_POINT ( 'NONE',  ( 0.000000000000000000, 0.000000000000000000, 0.000000000000000000 ) ) ;
#4822 = CARTESIAN_POINT ( 'NONE',  ( 43.57213462738398846, -1.999999999999998224, 4.000000000000000000 ) ) ;
#4823 = CARTESIAN_POINT ( 'NONE',  ( 50.22838462533560033, -1.999999999999998224, 3.188101187500000044 ) ) ;
#4824 = VERTEX_POINT ( 'NONE', #3580 ) ;
#4825 = CARTESIAN_POINT ( 'NONE',  ( 3.188101187500010258, -2.593749997951614095, -3.904297914629718393E-16 ) ) ;
#4826 = CARTESIAN_POINT ( 'NONE',  ( 3.188101187500030687, -8.312499997951615427, 1.320554750080258577 ) ) ;
#4827 = CARTESIAN_POINT ( 'NONE',  ( 9.823004991566729389E-15, 5.281250002048376579, -3.188101187499973399 ) ) ;
#4828 = EDGE_CURVE ( 'NONE', #2641, #6870, #2403, .T. ) ;
#4829 = ORIENTED_EDGE ( 'NONE', *, *, #1606, .F. ) ;
#4830 = CARTESIAN_POINT ( 'NONE',  ( 50.88463462328721221, -1.999999999999998224, 0.000000000000000000 ) ) ;
#4831 = CARTESIAN_POINT ( 'NONE',  ( 35.41588462533560033, -5.188101187499998268, -5.856446871944625661E-16 ) ) ;
#4832 = CARTESIAN_POINT ( 'NONE',  ( 43.00963462533559323, -3.320554750080270345, 3.188101187499999156 ) ) ;
#4833 = CARTESIAN_POINT ( 'NONE',  ( 32.69713462533560744, -3.320554750080268569, -3.188101187500000933 ) ) ;
#4834 =( BOUNDED_CURVE ( )  B_SPLINE_CURVE ( 2, ( #3680, #5863, #4788, #1970, #2558, #5419, #770, #2481, #1929 ),
 .UNSPECIFIED., .F., .F. ) 
 B_SPLINE_CURVE_WITH_KNOTS ( ( 3, 2, 2, 2, 3 ),
 ( 0.2499999999999998890, 0.2578124999999998890, 0.2656249999999998890, 0.2734374999999998890, 0.2812499999999998890 ),
 .UNSPECIFIED. ) 
 CURVE ( )  GEOMETRIC_REPRESENTATION_ITEM ( )  RATIONAL_B_SPLINE_CURVE ( ( 1.000000000000001110, 0.9238795325112856283, 1.000000000000000000, 0.9238795325112867385, 1.000000000000000000, 0.9238795325112867385, 1.000000000000000000, 0.9238795325112878487, 0.9999999999999988898 ) ) 
 REPRESENTATION_ITEM ( '' )  );
#4835 = CARTESIAN_POINT ( 'NONE',  ( 33.82213462738398135, -1.999999999999997780, -4.000000000000000000 ) ) ;
#4836 = CARTESIAN_POINT ( 'NONE',  ( 31.94713462738398846, -5.999999999999998224, -7.347880794884119736E-16 ) ) ;
#4837 = CARTESIAN_POINT ( 'NONE',  ( 2.828427124746222709, -6.437500000000005329, 2.828427124746171195 ) ) ;
#4838 = CARTESIAN_POINT ( 'NONE',  ( 49.19713462328721221, 0.8284271247461921783, 2.828427124746190291 ) ) ;
#4839 = CARTESIAN_POINT ( 'NONE',  ( 38.04088462533560033, 1.188101187500001599, 1.952148957314875220E-16 ) ) ;
#4840 = DATE_AND_TIME ( #6433, #4874 ) ;
#4841 = CIRCLE ( 'NONE', #1768, 5.999999999999942268 ) ;
#4842 = CARTESIAN_POINT ( 'NONE',  ( 28.38463462738398491, 0.8284271247461921783, 2.828427124746190291 ) ) ;
#4843 = CARTESIAN_POINT ( 'NONE',  ( 37.00963462533560033, -5.188101187499998268, -1.320554750080271900 ) ) ;
#4844 = DIRECTION ( 'NONE',  ( 0.000000000000000000, 0.000000000000000000, 1.000000000000000000 ) ) ;
#4845 = CARTESIAN_POINT ( 'NONE',  ( 47.22838462533560033, -4.254327968790133419, 2.254327968790133863 ) ) ;
#4846 = CARTESIAN_POINT ( 'NONE',  ( 41.04088462328721931, -3.656854249492377917, -4.000000000000000888 ) ) ;
#4847 = ORIENTED_EDGE ( 'NONE', *, *, #5014, .T. ) ;
#4848 = ORIENTED_EDGE ( 'NONE', *, *, #6507, .F. ) ;
#4849 = CARTESIAN_POINT ( 'NONE',  ( 44.79088462533560744, -5.188101187499998268, -5.856446871944625661E-16 ) ) ;
#4850 = CARTESIAN_POINT ( 'NONE',  ( 3.188101187500029798, -8.218749997951615427, -3.904297914629718393E-16 ) ) ;
#4851 = CARTESIAN_POINT ( 'NONE',  ( -3.188101187499964961, 5.562500002048365033, -1.320554750080259021 ) ) ;
#4852 = CARTESIAN_POINT ( 'NONE',  ( 3.247170194238943357E-14, -1.093749997951623865, 3.188101187499973399 ) ) ;
#4853 = CARTESIAN_POINT ( 'NONE',  ( -1.656854249492345277, 0.7812499999999797939, 3.999999999999972911 ) ) ;
#4854 = CARTESIAN_POINT ( 'NONE',  ( -3.999999999999974243, 8.201801801801787306, 0.000000000000000000 ) ) ;
#4855 = CARTESIAN_POINT ( 'NONE',  ( 38.13463462328720510, -1.999999999999997780, -4.000000000000000000 ) ) ;
#4856 = ORIENTED_EDGE ( 'NONE', *, *, #4475, .T. ) ;
#4857 = CARTESIAN_POINT ( 'NONE',  ( -3.999999999999968914, 6.593750004096754047, -1.656854249492369702 ) ) ;
#4858 = CARTESIAN_POINT ( 'NONE',  ( 3.188101187500010703, -2.499999997951613651, -1.320554750080259021 ) ) ;
#4859 = CARTESIAN_POINT ( 'NONE',  ( 3.999999999999982681, 5.843750004096779804, 1.656854249492369036 ) ) ;
#4860 = CARTESIAN_POINT ( 'NONE',  ( 1.594002944889497231, -8.468027810501931540, 2.761004127744565828 ) ) ;
#4861 = CARTESIAN_POINT ( 'NONE',  ( 28.94713462328720865, -4.828427124746188959, -2.828427124746190735 ) ) ;
#4862 = CARTESIAN_POINT ( 'NONE',  ( -3.188101187499938760, -1.937499997951635855, -1.320554750080258799 ) ) ;
#4863 = CARTESIAN_POINT ( 'NONE',  ( 1.656854249492386799, 3.218750004096771811, -3.999999999999974243 ) ) ;
#4864 = DIRECTION ( 'NONE',  ( -1.000000000000000000, -0.000000000000000000, -0.000000000000000000 ) ) ;
#4865 = CARTESIAN_POINT ( 'NONE',  ( 33.91588462533559323, -5.188101187499998268, -5.856446871944625661E-16 ) ) ;
#4866 = CARTESIAN_POINT ( 'NONE',  ( 43.10338462533560744, -4.254327968790133419, 2.254327968790133863 ) ) ;
#4867 = ORIENTED_EDGE ( 'NONE', *, *, #1529, .T. ) ;
#4868 = CARTESIAN_POINT ( 'NONE',  ( 36.72838462533560744, -4.254327968790133419, 2.254327968790134307 ) ) ;
#4869 = CARTESIAN_POINT ( 'NONE',  ( 32.69713462738398846, 2.000000000000001776, 2.449293598294706414E-16 ) ) ;
#4870 = CARTESIAN_POINT ( 'NONE',  ( 3.188101187499984945, 5.187500002048388126, 1.320554750080258577 ) ) ;
#4871 = CARTESIAN_POINT ( 'NONE',  ( 4.000000000000001776, 0.03125000409677936714, -1.656854249492369924 ) ) ;
#4872 = CARTESIAN_POINT ( 'NONE',  ( 49.10338462328720510, 2.000000000000001776, 1.656854249492380804 ) ) ;
#4873 = CYLINDRICAL_SURFACE ( 'NONE', #3273, 3.999999999999974243 ) ;
#4874 = LOCAL_TIME ( 2, 47, 55.00000000000000000, #3134 ) ;
#4875 = CARTESIAN_POINT ( 'NONE',  ( 34.94713462533560744, 1.188101187500001599, -1.320554750080269679 ) ) ;
#4876 = AXIS2_PLACEMENT_3D ( 'NONE', #4936, #4976, #390 ) ;
#4877 = SHAPE_REPRESENTATION ( 'ball', ( #4195 ), #4314 ) ;
#4878 = APPROVAL_STATUS ( 'not_yet_approved' ) ;
#4879 = CARTESIAN_POINT ( 'NONE',  ( 27.16588462738398491, -3.656854249492381914, 3.999999999999999112 ) ) ;
#4880 = CARTESIAN_POINT ( 'NONE',  ( 36.63463462533560033, -3.320554750080270345, 3.188101187499999156 ) ) ;
#4881 = DIRECTION ( 'NONE',  ( 1.000000000000000000, 0.000000000000000000, -0.000000000000000000 ) ) ;
#4882 = CARTESIAN_POINT ( 'NONE',  ( 43.10338462533560744, -4.254327968790132530, -2.254327968790135195 ) ) ;
#4883 = CARTESIAN_POINT ( 'NONE',  ( 37.10338462328721221, 2.000000000000001776, 1.656854249492381026 ) ) ;
#4884 = ORIENTED_EDGE ( 'NONE', *, *, #2328, .F. ) ;
#4885 = ORIENTED_EDGE ( 'NONE', *, *, #5846, .F. ) ;
#4886 = CARTESIAN_POINT ( 'NONE',  ( 44.13463462533560033, 1.188101187500001599, 1.320554750080270123 ) ) ;
#4887 = CARTESIAN_POINT ( 'NONE',  ( -3.188101187499954303, 2.656250002048364589, 0.000000000000000000 ) ) ;
#4888 = CARTESIAN_POINT ( 'NONE',  ( 42.54088462738399556, -5.999999999999997335, -1.656854249492382580 ) ) ;
#4889 = CARTESIAN_POINT ( 'NONE',  ( 26.32213462738398491, -1.999999999999997780, -4.000000000000000000 ) ) ;
#4890 = AXIS2_PLACEMENT_3D ( 'NONE', #6899, #4069, #738 ) ;
#4891 = CARTESIAN_POINT ( 'NONE',  ( 1.656854249492392572, 1.531249999999990008, -3.999999999999974243 ) ) ;
#4892 = FACE_OUTER_BOUND ( 'NONE', #6944, .T. ) ;
#4893 = CARTESIAN_POINT ( 'NONE',  ( 45.07213462328721221, -4.828427124746188959, 2.828427124746189403 ) ) ;
#4894 = CARTESIAN_POINT ( 'NONE',  ( 37.66588462328721221, -5.999999999999997335, 1.656854249492381248 ) ) ;
#4895 = EDGE_LOOP ( 'NONE', ( #4389, #1438, #752, #5337 ) ) ;
#4896 = CARTESIAN_POINT ( 'NONE',  ( 3.188101187500031131, -8.593749997951615427, -3.904297914629718393E-16 ) ) ;
#4897 = FACE_OUTER_BOUND ( 'NONE', #6502, .T. ) ;
#4898 = CARTESIAN_POINT ( 'NONE',  ( 30.54088462328720510, -3.656854249492377917, -4.000000000000000888 ) ) ;
#4899 = CARTESIAN_POINT ( 'NONE',  ( 3.375804531697159889E-14, -1.468749997951624309, 3.188101187499973399 ) ) ;
#4900 = CARTESIAN_POINT ( 'NONE',  ( 2.828427124746227594, -7.937500000000007105, 2.828427124746171195 ) ) ;
#4901 = CARTESIAN_POINT ( 'NONE',  ( 12.44708631765117524, -2.519227731362714717, -8.000000000000008882 ) ) ;
#4902 = CARTESIAN_POINT ( 'NONE',  ( 34.57213462533560033, 1.188101187500001599, -1.320554750080269679 ) ) ;
#4903 = CARTESIAN_POINT ( 'NONE',  ( 32.32213462533560033, -0.6794452499197284334, 3.188101187499999600 ) ) ;
#4904 = ORIENTED_EDGE ( 'NONE', *, *, #3727, .F. ) ;
#4905 = CARTESIAN_POINT ( 'NONE',  ( 26.88463462533560033, -0.6794452499197279893, -3.188101187500000044 ) ) ;
#4906 = CARTESIAN_POINT ( 'NONE',  ( -1.656854249492317299, -7.093749995903242400, -3.999999999999974243 ) ) ;
#4907 = CARTESIAN_POINT ( 'NONE',  ( 3.188101187499977840, 6.875000002048388126, -1.320554750080259243 ) ) ;
#4908 =( BOUNDED_CURVE ( )  B_SPLINE_CURVE ( 2, ( #3472, #512, #2378, #1715, #1218, #5728, #1148, #5171, #5758 ),
 .UNSPECIFIED., .F., .T. ) 
 B_SPLINE_CURVE_WITH_KNOTS ( ( 3, 2, 2, 2, 3 ),
 ( 0.9687500000000000000, 0.9765625000000000000, 0.9843750000000000000, 0.9921875000000000000, 1.000000000000000000 ),
 .UNSPECIFIED. ) 
 CURVE ( )  GEOMETRIC_REPRESENTATION_ITEM ( )  RATIONAL_B_SPLINE_CURVE ( ( 1.000000000000000000, 0.9238795325112867385, 1.000000000000000000, 0.9238795325112867385, 1.000000000000000000, 0.9238795325112867385, 1.000000000000000000, 0.9238795325112867385, 1.000000000000000000 ) ) 
 REPRESENTATION_ITEM ( '' )  );
#4909 = CARTESIAN_POINT ( 'NONE',  ( -1.656854249492345721, 0.9687500040967593762, 3.999999999999972911 ) ) ;
#4910 = VECTOR ( 'NONE', #1581, 1000.000000000000000 ) ;
#4911 = CARTESIAN_POINT ( 'NONE',  ( 40.47838462738398135, -0.3431457505076178638, 4.000000000000000000 ) ) ;
#4912 = DIRECTION ( 'NONE',  ( 1.000000000000000000, 0.000000000000000000, 0.000000000000000000 ) ) ;
#4913 = ADVANCED_FACE ( 'NONE', ( #71 ), #37, .F. ) ;
#4914 = CARTESIAN_POINT ( 'NONE',  ( 40.57213462533560033, -3.320554750080268569, -3.188101187500000488 ) ) ;
#4915 = CARTESIAN_POINT ( 'NONE',  ( 49.66588462533560033, -1.999999999999997780, -3.188101187500000044 ) ) ;
#4916 = CARTESIAN_POINT ( 'NONE',  ( 26.50963462738398491, 0.8284271247461921783, -2.828427124746189847 ) ) ;
#4917 = CARTESIAN_POINT ( 'NONE',  ( 36.72838462533560744, -4.254327968790133419, 2.254327968790134307 ) ) ;
#4918 = CARTESIAN_POINT ( 'NONE',  ( 35.13463462328721221, -1.999999999999997780, -4.000000000000000000 ) ) ;
#4919 = CARTESIAN_POINT ( 'NONE',  ( 44.50963462533560033, -5.188101187499997380, -1.320554750080271678 ) ) ;
#4920 = CARTESIAN_POINT ( 'NONE',  ( 40.10338462328720510, 2.000000000000001776, 1.656854249492381026 ) ) ;
#4921 = B_SPLINE_CURVE_WITH_KNOTS ( 'NONE', 3,
 ( #851, #5983, #2048, #4352 ),
 .UNSPECIFIED., .F., .F.,
 ( 4, 4 ),
 ( 0.000000000000000000, 1.000000000000000000 ),
 .UNSPECIFIED. ) ;
#4922 = ORIENTED_EDGE ( 'NONE', *, *, #4719, .T. ) ;
#4923 = ORIENTED_EDGE ( 'NONE', *, *, #272, .F. ) ;
#4924 = EDGE_CURVE ( 'NONE', #592, #4615, #7210, .T. ) ;
#4925 = CARTESIAN_POINT ( 'NONE',  ( 44.41588462533560744, -1.999999999999998224, 3.188101187500000044 ) ) ;
#4926 = CARTESIAN_POINT ( 'NONE',  ( 27.25963462328720865, -5.999999999999998224, -7.347880794884119736E-16 ) ) ;
#4927 = CARTESIAN_POINT ( 'NONE',  ( 3.188101187499979616, 6.406250002048388126, -3.904297914629718393E-16 ) ) ;
#4928 = CARTESIAN_POINT ( 'NONE',  ( 1.320554750080312978, -6.999999997951622532, 3.188101187499972955 ) ) ;
#4929 = AXIS2_PLACEMENT_3D ( 'NONE', #6803, #2786, #2181 ) ;
#4930 = DIRECTION ( 'NONE',  ( -1.000000000000000000, -0.000000000000000000, -0.000000000000000000 ) ) ;
#4931 = CARTESIAN_POINT ( 'NONE',  ( 49.57213462533560033, -3.320554750080268569, -3.188101187500000488 ) ) ;
#4932 = CARTESIAN_POINT ( 'NONE',  ( 3.999999999999986233, 2.843749999999999556, -1.656854249492376363 ) ) ;
#4933 = CARTESIAN_POINT ( 'NONE',  ( 13.28200967337245153, 2.852713943343192504, -6.365485442537888616 ) ) ;
#4934 = ORIENTED_EDGE ( 'NONE', *, *, #2933, .T. ) ;
#4935 = CARTESIAN_POINT ( 'NONE',  ( 2.254327968790159176, -4.281249997951617203, 2.254327968790115655 ) ) ;
#4936 = CARTESIAN_POINT ( 'NONE',  ( 50.88463462328721221, -1.999999999999998224, 0.000000000000000000 ) ) ;
#4937 = CARTESIAN_POINT ( 'NONE',  ( 29.32213462328720510, 0.8284271247461921783, -2.828427124746189847 ) ) ;
#4938 = CARTESIAN_POINT ( 'NONE',  ( 3.890341881530024757E-14, -2.968749997951625641, 3.188101187499973399 ) ) ;
#4939 = CARTESIAN_POINT ( 'NONE',  ( 5.318737942664321874E-14, -7.375000000000016875, -3.999999999999974243 ) ) ;
#4940 = CARTESIAN_POINT ( 'NONE',  ( 12.36399507754743965, -3.034641568992711314, -7.949928091872315861 ) ) ;
#4941 = CARTESIAN_POINT ( 'NONE',  ( 31.94713462533560744, -0.6794452499197284334, 3.188101187499999600 ) ) ;
#4942 = CARTESIAN_POINT ( 'NONE',  ( 33.16588462533560033, -1.999999999999997780, -3.188101187500000044 ) ) ;
#4943 = CARTESIAN_POINT ( 'NONE',  ( 30.54088462533560033, 1.188101187500001599, 1.952148957314875220E-16 ) ) ;
#4944 = ORIENTED_EDGE ( 'NONE', *, *, #4995, .T. ) ;
#4945 = CARTESIAN_POINT ( 'NONE',  ( 30.25963462533560033, 1.188101187500002043, 1.320554750080270123 ) ) ;
#4946 = CARTESIAN_POINT ( 'NONE',  ( 40.38463462328721221, -1.999999999999998224, 4.000000000000000000 ) ) ;
#4947 = CARTESIAN_POINT ( 'NONE',  ( -3.188101187499940536, -1.468749997951635411, 0.000000000000000000 ) ) ;
#4948 = ADVANCED_FACE ( 'NONE', ( #4100 ), #1836, .T. ) ;
#4949 = CARTESIAN_POINT ( 'NONE',  ( 4.000000000000012434, -2.968749995903221528, -1.656854249492369924 ) ) ;
#4950 = CARTESIAN_POINT ( 'NONE',  ( -3.999999999999953371, 2.187500004096751827, 0.000000000000000000 ) ) ;
#4951 = CARTESIAN_POINT ( 'NONE',  ( 3.999999999999904521, 5.937490134991719515, 5.491186733086402111E-07 ) ) ;
#4952 = CARTESIAN_POINT ( 'NONE',  ( 38.60338462533560033, -4.254327968790133419, 2.254327968790133863 ) ) ;
#4953 = CARTESIAN_POINT ( 'NONE',  ( 30.54088462533560033, -1.999999999999998224, 3.188101187500000044 ) ) ;
#4954 = CARTESIAN_POINT ( 'NONE',  ( 45.44713462533560033, -0.6794452499197284334, 3.188101187500000044 ) ) ;
#4955 = CARTESIAN_POINT ( 'NONE',  ( 35.13463462533560033, -3.320554750080270345, 3.188101187499999156 ) ) ;
#4956 = CARTESIAN_POINT ( 'NONE',  ( 48.72838462738399556, -3.656854249492382358, -3.999999999999997335 ) ) ;
#4957 = CARTESIAN_POINT ( 'NONE',  ( 42.35338462533560033, 0.2543279687901365826, 2.254327968790134751 ) ) ;
#4958 = CARTESIAN_POINT ( 'NONE',  ( 38.60338462328721221, 2.000000000000001776, 1.656854249492381026 ) ) ;
#4959 = ORIENTED_EDGE ( 'NONE', *, *, #5022, .F. ) ;
#4960 = VERTEX_POINT ( 'NONE', #3519 ) ;
#4961 = LINE ( 'NONE', #6152, #5992 ) ;
#4962 = DIRECTION ( 'NONE',  ( 0.000000000000000000, 0.000000000000000000, 1.000000000000000000 ) ) ;
#4963 = CARTESIAN_POINT ( 'NONE',  ( 43.19713462533560744, -5.188101187499998268, 1.320554750080270567 ) ) ;
#4964 = CARTESIAN_POINT ( 'NONE',  ( 42.25963462738398846, -4.828427124746188959, 2.828427124746189403 ) ) ;
#4965 = CARTESIAN_POINT ( 'NONE',  ( 1.320554750080278117, 3.125000002048379688, 3.188101187499972955 ) ) ;
#4966 = CARTESIAN_POINT ( 'NONE',  ( 4.790782243737539221E-14, -5.593749997951626085, 3.188101187499973399 ) ) ;
#4967 = CARTESIAN_POINT ( 'NONE',  ( 3.999999999999997335, 1.437500004096778916, -4.898587196589381274E-16 ) ) ;
#4968 = EDGE_CURVE ( 'NONE', #4681, #4291, #597, .T. ) ;
#4969 = CARTESIAN_POINT ( 'NONE',  ( 3.391288118655913027E-15, 7.156250002048376579, -3.188101187499973399 ) ) ;
#4970 =( BOUNDED_CURVE ( )  B_SPLINE_CURVE ( 2, ( #227, #5851, #6340, #6915, #1274, #2436, #5203, #1216, #7014 ),
 .UNSPECIFIED., .F., .T. ) 
 B_SPLINE_CURVE_WITH_KNOTS ( ( 3, 2, 2, 2, 3 ),
 ( 0.9062499999999998890, 0.9140624999999998890, 0.9218750000000000000, 0.9296875000000000000, 0.9375000000000000000 ),
 .UNSPECIFIED. ) 
 CURVE ( )  GEOMETRIC_REPRESENTATION_ITEM ( )  RATIONAL_B_SPLINE_CURVE ( ( 1.000000000000001110, 0.9238795325112856283, 1.000000000000000000, 0.9238795325112867385, 1.000000000000000000, 0.9238795325112867385, 1.000000000000000000, 0.9238795325112867385, 1.000000000000000000 ) ) 
 REPRESENTATION_ITEM ( '' )  );
#4971 = CARTESIAN_POINT ( 'NONE',  ( 43.38463462738398846, 0.8284271247461921783, 2.828427124746190291 ) ) ;
#4972 = LINE ( 'NONE', #2265, #4910 ) ;
#4973 = CARTESIAN_POINT ( 'NONE',  ( 13.58974263188636122, 4.920191619572038100, -4.022528909651228446 ) ) ;
#4974 = APPLICATION_CONTEXT ( 'configuration controlled 3d designs of mechanical parts and assemblies' ) ;
#4975 = CARTESIAN_POINT ( 'NONE',  ( 3.188101187500016476, -4.187499997951613651, 1.320554750080258577 ) ) ;
#4976 = DIRECTION ( 'NONE',  ( -1.000000000000000000, -0.000000000000000000, -0.000000000000000000 ) ) ;
#4977 = CARTESIAN_POINT ( 'NONE',  ( 32.32213462328721221, 0.8284271247461921783, -2.828427124746189847 ) ) ;
#4978 = CARTESIAN_POINT ( 'NONE',  ( 4.584061947986728114E-14, -5.218749997951626085, -3.188101187499973399 ) ) ;
#4979 = CARTESIAN_POINT ( 'NONE',  ( 2.828427124746190735, 2.750000004096774919, 2.828427124746171195 ) ) ;
#4980 = CARTESIAN_POINT ( 'NONE',  ( -1.656854249492339948, -0.7187500000000197620, 3.999999999999973355 ) ) ;
#4981 = CARTESIAN_POINT ( 'NONE',  ( 31.38463462533559678, -0.6794452499197283224, -3.188101187499999600 ) ) ;
#4982 = CC_DESIGN_PERSON_AND_ORGANIZATION_ASSIGNMENT ( #973, #6756, ( #7316 ) ) ;
#4983 = CARTESIAN_POINT ( 'NONE',  ( 32.50963462533560033, -3.320554750080270345, 3.188101187499999156 ) ) ;
#4984 = CARTESIAN_POINT ( 'NONE',  ( 28.38463462533560033, -5.188101187499997380, -1.320554750080271678 ) ) ;
#4985 = ORIENTED_EDGE ( 'NONE', *, *, #3013, .F. ) ;
#4986 = CARTESIAN_POINT ( 'NONE',  ( 27.91588462533560033, -5.188101187499998268, -5.856446871944625661E-16 ) ) ;
#4987 = CARTESIAN_POINT ( 'NONE',  ( 25.88463462328719800, -5.860590493770665432, 1.046824263860733462 ) ) ;
#4988 = CARTESIAN_POINT ( 'NONE',  ( 1.320554750080273232, 4.062500002048381020, -3.188101187499973399 ) ) ;
#4989 = CARTESIAN_POINT ( 'NONE',  ( -2.828427124746129895, -3.999999995903245953, -2.828427124746171639 ) ) ;
#4990 = VERTEX_POINT ( 'NONE', #4035 ) ;
#4991 = CARTESIAN_POINT ( 'NONE',  ( 3.999999999986163957, -7.562632420862622773, 7.308513344557695501E-06 ) ) ;
#4992 = CARTESIAN_POINT ( 'NONE',  ( -3.999999999999921840, -7.000000000000030198, 0.000000000000000000 ) ) ;
#4993 = CARTESIAN_POINT ( 'NONE',  ( 34.00963462533560033, -3.320554750080270345, 3.188101187499999156 ) ) ;
#4994 = CARTESIAN_POINT ( 'NONE',  ( 50.04088462533560033, 1.188101187500001599, 1.952148957314875220E-16 ) ) ;
#4995 = EDGE_CURVE ( 'NONE', #7212, #895, #1699, .T. ) ;
#4996 = CARTESIAN_POINT ( 'NONE',  ( 47.50963462533560744, -5.188101187499998268, -1.320554750080271900 ) ) ;
#4997 = CARTESIAN_POINT ( 'NONE',  ( 32.97838462533560033, 0.2543279687901370267, -2.254327968790134751 ) ) ;
#4998 = DIRECTION ( 'NONE',  ( -1.000000000000000000, -0.000000000000000000, -0.000000000000000000 ) ) ;
#4999 = CARTESIAN_POINT ( 'NONE',  ( 41.60338462533560033, -4.254327968790132530, -2.254327968790135195 ) ) ;
#5000 = CARTESIAN_POINT ( 'NONE',  ( 35.13463462328721221, -1.999999999999997780, -4.000000000000000000 ) ) ;
#5001 = AXIS2_PLACEMENT_3D ( 'NONE', #5306, #7027, #4268 ) ;
#5002 = VERTEX_POINT ( 'NONE', #105 ) ;
#5003 = CARTESIAN_POINT ( 'NONE',  ( 47.50963462328720510, 2.000000000000001776, 2.449293598294706414E-16 ) ) ;
#5004 = APPROVAL_DATE_TIME ( #3815, #2263 ) ;
#5005 =( BOUNDED_SURFACE ( )  B_SPLINE_SURFACE ( 1, 2, ( 
 ( #3609, #4125, #5864, #771, #4969, #6685, #2790, #3860, #5528, #3897, #1022, #464, #505, #7288, #3386, #6535, #3980, #1578, #5050, #4488, #7326, #7366, #5124, #6117, #3937, #3262, #3306, #1102, #7247, #1664, #2225, #2184, #1431, #6199, #5012, #6162, #2147, #6807, #5648, #1707, #539, #5569, #424, #6234, #4410, #4449, #8, #6725, #2748, #2830, #1618, #1061, #3427, #5685, #3346, #6078, #1141, #5610, #6763, #2261, #3822, #979, #5088, #574, #4526, #2866, #4269, #2706, #2934, #6334, #1239, #80, #4563, #4078, #3528, #3465, #2370, #2301, #646, #5719, #6878, #6272, #610, #5198, #2337, #2902, #6910, #4046, #6845, #1812, #1744, #4633, #1212, #4016, #4600, #1177, #50, #3497, #5164, #1778, #5752, #6304, #5668, #557, #663, #99, #2280, #1760, #6254, #4544, #2847, #1080, #2951, #4507, #1683, #3407, #6863, #5106, #2242, #590, #7382, #6826, #4581, #4000, #65, #3365, #5215, #1727, #4030, #1192, #6288, #4064, #1830, #1159, #625, #7347, #3448, #5180, #3959, #5736, #3482, #5702, #5631, #2917, #2883, #5145, #6217, #3513, #2353, #5767, #4618, #28, #6785, #2387, #1122, #2321, #4095, #6893, #1794, #6318, #1227, #4651, #6927, #523, #2808, #5069, #3258, #6522, #4850, #3818, #830, #261, #6636 ),
 ( #1533, #7352, #2248, #5523, #3106, #420, #4512, #866, #2815, #5923, #3778, #1418, #5998, #1992, #3708, #6034, #4294, #3143, #6790, #340, #4257, #5409, #301, #2583, #7123, #2620, #7162, #3217, #2026, #6558, #5482, #1457, #3740, #6598, #900, #3179, #377, #4082, #6914, #5231, #1380, #5887, #5785, #120, #7013, #1917, #226, #3533, #2509, #1308, #6339, #5262, #685, #3035, #4181, #1954, #6445, #1342, #3632, #4776, #2972, #2405, #4671, #7053, #6374, #6946, #1851, #4222, #1883, #4113, #794, #4144, #3069, #5329, #6485, #1243, #3001, #6405, #3668, #3560, #5850, #1273, #5815, #718, #650, #2938, #5202, #152, #1818, #87, #2375, #2435, #4741, #3595, #4638, #4705, #6978, #755, #188, #2469, #3444, #5027, #1076, #5141, #2879, #480, #7302, #3914, #3403, #24, #1118, #1679, #3322, #1593, #519, #1155, #553, #4462, #5663, #5697, #2842, #3955, #3361, #6175, #2201, #1636, #6213, #5102, #7378, #6739, #2276, #2766, #6781, #1723, #4540, #3874, #5627, #586, #6822, #6250, #3996, #6134, #1038, #2804, #5585, #5065, #7342, #2239, #4503, #6579, #5390, #322, #1439, #956, #6054, #4384, #1475, #920, #3161, #5465, #2642, #7185, #6656, #3237, #399, #997, #3279, #5543, #437, #2721, #1517, #7191, #3765 ) ),
 .UNSPECIFIED., .F., .F., .T. ) 
 B_SPLINE_SURFACE_WITH_KNOTS ( ( 2, 2 ),
 ( 3, 2, 2, 2, 2, 2, 2, 2, 2, 2, 2, 2, 2, 2, 2, 2, 2, 2, 2, 2, 2, 2, 2, 2, 2, 2, 2, 2, 2, 2, 2, 2, 2, 2, 2, 2, 2, 2, 2, 2, 2, 2, 2, 2, 2, 2, 2, 2, 2, 2, 2, 2, 2, 2, 2, 2, 2, 2, 2, 2, 2, 2, 2, 2, 2, 2, 2, 2, 2, 2, 2, 2, 2, 2, 2, 2, 2, 2, 2, 2, 2, 2, 2, 2, 2, 2, 3 ),
 ( 0.000000000000000000, 1.000000000000000000 ),
 ( 0.000000000000000000, 0.01136363636363636395, 0.02272727272727272790, 0.03409090909090908839, 0.04545454545454545581, 0.05681818181818181629, 0.06818181818181817677, 0.07954545454545454419, 0.09090909090909091161, 0.1022727272727272790, 0.1136363636363636326, 0.1250000000000000000, 0.1363636363636363535, 0.1477272727272727348, 0.1590909090909090884, 0.1704545454545454419, 0.1818181818181818232, 0.1931818181818181768, 0.2045454545454545581, 0.2159090909090909116, 0.2272727272727272652, 0.2386363636363636465, 0.2500000000000000000, 0.2613636363636363535, 0.2727272727272727071, 0.2840909090909091161, 0.2954545454545454697, 0.3068181818181818232, 0.3181818181818181768, 0.3295454545454545303, 0.3409090909090908839, 0.3522727272727272929, 0.3636363636363636465, 0.3750000000000000000, 0.3863636363636363535, 0.3977272727272727071, 0.4090909090909091161, 0.4204545454545454697, 0.4318181818181818232, 0.4431818181818181768, 0.4545454545454545303, 0.4659090909090908839, 0.4772727272727272929, 0.4886363636363636465, 0.5000000000000000000, 0.5113636363636363535, 0.5227272727272727071, 0.5340909090909090606, 0.5454545454545454142, 0.5568181818181817677, 0.5681818181818182323, 0.5795454545454545858, 0.5909090909090909394, 0.6022727272727272929, 0.6136363636363636465, 0.6250000000000000000, 0.6363636363636363535, 0.6477272727272727071, 0.6590909090909090606, 0.6704545454545454142, 0.6818181818181817677, 0.6931818181818182323, 0.7045454545454545858, 0.7159090909090909394, 0.7272727272727272929, 0.7386363636363636465, 0.7500000000000000000, 0.7613636363636363535, 0.7727272727272727071, 0.7840909090909090606, 0.7954545454545454142, 0.8068181818181817677, 0.8181818181818182323, 0.8295454545454545858, 0.8409090909090909394, 0.8522727272727272929, 0.8636363636363636465, 0.8750000000000000000, 0.8863636363636363535, 0.8977272727272727071, 0.9090909090909090606, 0.9204545454545454142, 0.9318181818181817677, 0.9431818181818182323, 0.9545454545454545858, 0.9659090909090909394, 0.9697189450449064108 ),
 .UNSPECIFIED. ) 
 GEOMETRIC_REPRESENTATION_ITEM ( )  RATIONAL_B_SPLINE_SURFACE ( (
 ( 1.000000000000000000, 0.9238795325112867385, 1.000000000000000000, 0.9238795325112867385, 1.000000000000000000, 0.9238795325112867385, 1.000000000000000000, 0.9238795325112867385, 1.000000000000000000, 0.9238795325112867385, 1.000000000000000000, 0.9238795325112867385, 1.000000000000000000, 0.9238795325112867385, 1.000000000000000000, 0.9238795325112867385, 1.000000000000000000, 0.9238795325112867385, 1.000000000000000000, 0.9238795325112867385, 1.000000000000000000, 0.9238795325112867385, 1.000000000000000000, 0.9238795325112867385, 1.000000000000000000, 0.9238795325112867385, 1.000000000000000000, 0.9238795325112867385, 1.000000000000000000, 0.9238795325112867385, 1.000000000000000000, 0.9238795325112867385, 1.000000000000000000, 0.9238795325112867385, 1.000000000000000000, 0.9238795325112867385, 1.000000000000000000, 0.9238795325112867385, 1.000000000000000000, 0.9238795325112867385, 1.000000000000000000, 0.9238795325112867385, 1.000000000000000000, 0.9238795325112867385, 1.000000000000000000, 0.9238795325112867385, 1.000000000000000000, 0.9238795325112867385, 1.000000000000000000, 0.9238795325112867385, 1.000000000000000000, 0.9238795325112867385, 1.000000000000000000, 0.9238795325112867385, 1.000000000000000000, 0.9238795325112867385, 1.000000000000000000, 0.9238795325112867385, 1.000000000000000000, 0.9238795325112867385, 1.000000000000000000, 0.9238795325112867385, 1.000000000000000000, 0.9238795325112867385, 1.000000000000000000, 0.9238795325112867385, 1.000000000000000000, 0.9238795325112867385, 1.000000000000000000, 0.9238795325112867385, 1.000000000000000000, 0.9238795325112867385, 1.000000000000000000, 0.9238795325112867385, 1.000000000000000000, 0.9238795325112867385, 1.000000000000000000, 0.9238795325112867385, 1.000000000000000000, 0.9238795325112867385, 1.000000000000000000, 0.9238795325112867385, 1.000000000000000000, 0.9238795325112867385, 1.000000000000000000, 0.9238795325112867385, 1.000000000000000000, 0.9238795325112867385, 1.000000000000000000, 0.9238795325112867385, 1.000000000000000000, 0.9238795325112867385, 1.000000000000000000, 0.9238795325112867385, 1.000000000000000000, 0.9238795325112867385, 1.000000000000000000, 0.9238795325112867385, 1.000000000000000000, 0.9238795325112867385, 1.000000000000000000, 0.9238795325112867385, 1.000000000000000000, 0.9238795325112867385, 1.000000000000000000, 0.9238795325112867385, 1.000000000000000000, 0.9238795325112867385, 1.000000000000000000, 0.9238795325112867385, 1.000000000000000000, 0.9238795325112867385, 1.000000000000000000, 0.9238795325112867385, 1.000000000000000000, 0.9238795325112867385, 1.000000000000000000, 0.9238795325112867385, 1.000000000000000000, 0.9238795325112867385, 1.000000000000000000, 0.9238795325112867385, 1.000000000000000000, 0.9238795325112867385, 1.000000000000000000, 0.9238795325112867385, 1.000000000000000000, 0.9238795325112867385, 1.000000000000000000, 0.9238795325112867385, 1.000000000000000000, 0.9238795325112867385, 1.000000000000000000, 0.9238795325112867385, 1.000000000000000000, 0.9238795325112867385, 1.000000000000000000, 0.9238795325112867385, 1.000000000000000000, 0.9238795325112867385, 1.000000000000000000, 0.9238795325112867385, 1.000000000000000000, 0.9238795325112867385, 1.000000000000000000, 0.9238795325112867385, 1.000000000000000000, 0.9238795325112867385, 1.000000000000000000, 0.9238795325112867385, 1.000000000000000000, 0.9238795325112867385, 1.000000000000000000, 0.9238795325112867385, 1.000000000000000000, 0.9238795325112867385, 1.000000000000000000, 0.9238795325112867385, 1.000000000000000000, 0.9238795325112867385, 1.000000000000000000, 0.9238795325112867385, 1.000000000000000000, 0.9238795325112867385, 1.000000000000000000, 0.9238795325112867385, 1.000000000000000000, 0.9238795325112867385, 1.000000000000000000, 0.9238795325112867385, 1.000000000000000000, 0.9744793067463768388, 0.9660711143912039667),
 ( 1.000000000000000000, 0.9238795325112867385, 1.000000000000000000, 0.9238795325112867385, 1.000000000000000000, 0.9238795325112867385, 1.000000000000000000, 0.9238795325112867385, 1.000000000000000000, 0.9238795325112867385, 1.000000000000000000, 0.9238795325112867385, 1.000000000000000000, 0.9238795325112867385, 1.000000000000000000, 0.9238795325112867385, 1.000000000000000000, 0.9238795325112867385, 1.000000000000000000, 0.9238795325112867385, 1.000000000000000000, 0.9238795325112867385, 1.000000000000000000, 0.9238795325112867385, 1.000000000000000000, 0.9238795325112867385, 1.000000000000000000, 0.9238795325112867385, 1.000000000000000000, 0.9238795325112867385, 1.000000000000000000, 0.9238795325112867385, 1.000000000000000000, 0.9238795325112867385, 1.000000000000000000, 0.9238795325112867385, 1.000000000000000000, 0.9238795325112867385, 1.000000000000000000, 0.9238795325112867385, 1.000000000000000000, 0.9238795325112867385, 1.000000000000000000, 0.9238795325112867385, 1.000000000000000000, 0.9238795325112867385, 1.000000000000000000, 0.9238795325112867385, 1.000000000000000000, 0.9238795325112867385, 1.000000000000000000, 0.9238795325112867385, 1.000000000000000000, 0.9238795325112867385, 1.000000000000000000, 0.9238795325112867385, 1.000000000000000000, 0.9238795325112867385, 1.000000000000000000, 0.9238795325112867385, 1.000000000000000000, 0.9238795325112867385, 1.000000000000000000, 0.9238795325112867385, 1.000000000000000000, 0.9238795325112867385, 1.000000000000000000, 0.9238795325112867385, 1.000000000000000000, 0.9238795325112867385, 1.000000000000000000, 0.9238795325112867385, 1.000000000000000000, 0.9238795325112867385, 1.000000000000000000, 0.9238795325112867385, 1.000000000000000000, 0.9238795325112867385, 1.000000000000000000, 0.9238795325112867385, 1.000000000000000000, 0.9238795325112867385, 1.000000000000000000, 0.9238795325112867385, 1.000000000000000000, 0.9238795325112867385, 1.000000000000000000, 0.9238795325112867385, 1.000000000000000000, 0.9238795325112867385, 1.000000000000000000, 0.9238795325112867385, 1.000000000000000000, 0.9238795325112867385, 1.000000000000000000, 0.9238795325112867385, 1.000000000000000000, 0.9238795325112867385, 1.000000000000000000, 0.9238795325112867385, 1.000000000000000000, 0.9238795325112867385, 1.000000000000000000, 0.9238795325112867385, 1.000000000000000000, 0.9238795325112867385, 1.000000000000000000, 0.9238795325112867385, 1.000000000000000000, 0.9238795325112867385, 1.000000000000000000, 0.9238795325112867385, 1.000000000000000000, 0.9238795325112867385, 1.000000000000000000, 0.9238795325112867385, 1.000000000000000000, 0.9238795325112867385, 1.000000000000000000, 0.9238795325112867385, 1.000000000000000000, 0.9238795325112867385, 1.000000000000000000, 0.9238795325112867385, 1.000000000000000000, 0.9238795325112867385, 1.000000000000000000, 0.9238795325112867385, 1.000000000000000000, 0.9238795325112867385, 1.000000000000000000, 0.9238795325112867385, 1.000000000000000000, 0.9238795325112867385, 1.000000000000000000, 0.9238795325112867385, 1.000000000000000000, 0.9238795325112867385, 1.000000000000000000, 0.9238795325112867385, 1.000000000000000000, 0.9238795325112867385, 1.000000000000000000, 0.9238795325112867385, 1.000000000000000000, 0.9238795325112867385, 1.000000000000000000, 0.9238795325112867385, 1.000000000000000000, 0.9238795325112867385, 1.000000000000000000, 0.9238795325112867385, 1.000000000000000000, 0.9238795325112867385, 1.000000000000000000, 0.9238795325112867385, 1.000000000000000000, 0.9238795325112867385, 1.000000000000000000, 0.9238795325112867385, 1.000000000000000000, 0.9238795325112867385, 1.000000000000000000, 0.9238795325112867385, 1.000000000000000000, 0.9238795325112867385, 1.000000000000000000, 0.9238795325112867385, 1.000000000000000000, 0.9238795325112867385, 1.000000000000000000, 0.9744793067463768388, 0.9660711143912039667) ) ) 
 REPRESENTATION_ITEM ( '' )  SURFACE ( )  );
#5006 = CARTESIAN_POINT ( 'NONE',  ( 39.91588462533560033, -1.999999999999998224, 3.188101187500000044 ) ) ;
#5007 = CARTESIAN_POINT ( 'NONE',  ( 40.94713462738398846, -5.999999999999998224, -7.347880794884119736E-16 ) ) ;
#5008 = CARTESIAN_POINT ( 'NONE',  ( 48.63463462533560744, -3.320554750080270345, 3.188101187499999156 ) ) ;
#5009 = CARTESIAN_POINT ( 'NONE',  ( 1.320554750080288331, 0.1250000020483797991, 3.188101187499972955 ) ) ;
#5010 = CARTESIAN_POINT ( 'NONE',  ( -1.320554750080206396, -7.187499997951631414, 3.188101187499973399 ) ) ;
#5011 = FACE_OUTER_BOUND ( 'NONE', #1352, .T. ) ;
#5012 = CARTESIAN_POINT ( 'NONE',  ( -2.254327968790103220, 4.343750002048368586, -2.254327968790116099 ) ) ;
#5013 = CARTESIAN_POINT ( 'NONE',  ( 49.19713462533560744, -5.188101187499998268, 1.320554750080270345 ) ) ;
#5014 = EDGE_CURVE ( 'NONE', #7021, #2317, #4130, .T. ) ;
#5015 = CARTESIAN_POINT ( 'NONE',  ( 13.28297962009593469, 2.858308406200208651, 6.377167156232401268 ) ) ;
#5016 = CARTESIAN_POINT ( 'NONE',  ( -3.188101187499928546, -4.749999997951636743, 1.320554750080261019 ) ) ;
#5017 = AXIS2_PLACEMENT_3D ( 'NONE', #2057, #371, #2654 ) ;
#5018 = DIRECTION ( 'NONE',  ( -1.000000000000000000, -0.000000000000000000, -0.000000000000000000 ) ) ;
#5019 = CARTESIAN_POINT ( 'NONE',  ( 31.38463462328720865, -1.999999999999998224, 4.000000000000000000 ) ) ;
#5020 = CARTESIAN_POINT ( 'NONE',  ( 2.254327968790164505, -5.781249997951618091, 2.254327968790115655 ) ) ;
#5021 = CARTESIAN_POINT ( 'NONE',  ( -3.999999999999968914, 6.593750004096754047, -1.656854249492369702 ) ) ;
#5022 = EDGE_CURVE ( 'NONE', #335, #3665, #6262, .T. ) ;
#5023 = CARTESIAN_POINT ( 'NONE',  ( 2.456036959062875447, -7.967298895800879244, 3.200817290429525119 ) ) ;
#5024 = CARTESIAN_POINT ( 'NONE',  ( 35.97838462533560744, -4.254327968790132530, -2.254327968790135195 ) ) ;
#5025 = DIRECTION ( 'NONE',  ( -3.430248998885766570E-15, 1.000000000000000000, -0.000000000000000000 ) ) ;
#5026 = ORIENTED_EDGE ( 'NONE', *, *, #7142, .T. ) ;
#5027 = CARTESIAN_POINT ( 'NONE',  ( 1.656854249492402564, -1.468750000000009992, -3.999999999999974243 ) ) ;
#5028 = CARTESIAN_POINT ( 'NONE',  ( 26.41588462533560033, -5.188101187499998268, -5.856446871944625661E-16 ) ) ;
#5029 = LINE ( 'NONE', #6136, #6552 ) ;
#5030 = CARTESIAN_POINT ( 'NONE',  ( -3.188101187499945866, 0.03125000204836411027, 0.000000000000000000 ) ) ;
#5031 = CARTESIAN_POINT ( 'NONE',  ( -1.656854249492335507, -2.031249995903240624, 3.999999999999972911 ) ) ;
#5032 = DIRECTION ( 'NONE',  ( -1.000000000000000000, -3.469446951953660732E-15, 0.000000000000000000 ) ) ;
#5033 = CARTESIAN_POINT ( 'NONE',  ( 32.22838462533560033, 0.2543279687901365826, 2.254327968790134751 ) ) ;
#5034 = CARTESIAN_POINT ( 'NONE',  ( 26.88463462533560033, -0.6794452499197283224, -3.188101187499999600 ) ) ;
#5035 = AXIS2_PLACEMENT_3D ( 'NONE', #4522, #6195, #4 ) ;
#5036 = CARTESIAN_POINT ( 'NONE',  ( 44.60338462533560744, -4.254327968790133419, -2.254327968790135639 ) ) ;
#5037 = CARTESIAN_POINT ( 'NONE',  ( 32.60338462533560033, -4.254327968790133419, -2.254327968790135639 ) ) ;
#5038 = CARTESIAN_POINT ( 'NONE',  ( 32.13463462328721221, -1.999999999999997780, -4.000000000000000000 ) ) ;
#5039 = CARTESIAN_POINT ( 'NONE',  ( 38.04088462533560033, -1.999999999999998224, 3.188101187500000044 ) ) ;
#5040 = CARTESIAN_POINT ( 'NONE',  ( 35.69713462328720510, 0.8284271247461921783, 2.828427124746190291 ) ) ;
#5041 = ORIENTED_EDGE ( 'NONE', *, *, #3013, .T. ) ;
#5042 = ORIENTED_EDGE ( 'NONE', *, *, #2502, .T. ) ;
#5043 = CARTESIAN_POINT ( 'NONE',  ( 42.63463462533560033, 1.188101187500001599, 1.320554750080270123 ) ) ;
#5044 = ORIENTED_EDGE ( 'NONE', *, *, #2012, .T. ) ;
#5045 = CARTESIAN_POINT ( 'NONE',  ( 38.22838462738398846, -3.656854249492377917, -4.000000000000000888 ) ) ;
#5046 = CYLINDRICAL_SURFACE ( 'NONE', #1453, 3.999999999999974243 ) ;
#5047 = CARTESIAN_POINT ( 'NONE',  ( 3.188101187500004929, -0.9999999979516142057, -1.320554750080259243 ) ) ;
#5048 = LINE ( 'NONE', #7324, #5343 ) ;
#5049 = FACE_OUTER_BOUND ( 'NONE', #3775, .T. ) ;
#5050 = CARTESIAN_POINT ( 'NONE',  ( -2.254327968790108550, 5.843750002048368586, -2.254327968790116099 ) ) ;
#5051 = CARTESIAN_POINT ( 'NONE',  ( 50.41588462328722642, 2.000000000000001776, -1.656854249492380360 ) ) ;
#5052 = EDGE_CURVE ( 'NONE', #6042, #5933, #1291, .T. ) ;
#5053 = CARTESIAN_POINT ( 'NONE',  ( 0.000000000000000000, 8.201801801801801517, 0.000000000000000000 ) ) ;
#5054 = FACE_OUTER_BOUND ( 'NONE', #7204, .T. ) ;
#5055 = ORIENTED_EDGE ( 'NONE', *, *, #7058, .T. ) ;
#5056 = CARTESIAN_POINT ( 'NONE',  ( 3.188101187500020472, -5.499999997951614539, -1.320554750080259021 ) ) ;
#5057 = CARTESIAN_POINT ( 'NONE',  ( -11.18033988749883179, -10.00000000000007816, -1.526403871331968176E-15 ) ) ;
#5058 = AXIS2_PLACEMENT_3D ( 'NONE', #3928, #567, #6190 ) ;
#5059 = DIRECTION ( 'NONE',  ( -1.000000000000000000, -0.000000000000000000, -0.000000000000000000 ) ) ;
#5060 = CARTESIAN_POINT ( 'NONE',  ( 4.000000000000012434, -2.968749995903221528, -1.656854249492369924 ) ) ;
#5061 = CARTESIAN_POINT ( 'NONE',  ( 4.000000000000028422, -7.750000000000003553, -4.898587196589381274E-16 ) ) ;
#5062 = CARTESIAN_POINT ( 'NONE',  ( 32.97838462533560033, -4.254327968790132530, -2.254327968790135195 ) ) ;
#5063 = CARTESIAN_POINT ( 'NONE',  ( 38.79088462328721221, -0.3431457505075998227, 3.999999999999981792 ) ) ;
#5064 = VERTEX_POINT ( 'NONE', #1767 ) ;
#5065 = CARTESIAN_POINT ( 'NONE',  ( -3.999999999999926281, -5.593750000000031086, -1.656854249492369702 ) ) ;
#5066 = CARTESIAN_POINT ( 'NONE',  ( 27.25963462533560033, 1.188101187500002043, 1.320554750080270123 ) ) ;
#5067 = CARTESIAN_POINT ( 'NONE',  ( 30.07213462738398491, -1.999999999999998224, 4.000000000000000000 ) ) ;
#5068 = CARTESIAN_POINT ( 'NONE',  ( 1.703558144740348440E-14, 3.406250002048375691, 3.188101187499973399 ) ) ;
#5069 = CARTESIAN_POINT ( 'NONE',  ( 1.320554750080314088, -7.937499997951621644, -3.188101187499973843 ) ) ;
#5070 = CARTESIAN_POINT ( 'NONE',  ( -3.999999999999928058, -5.312499995903249506, 0.000000000000000000 ) ) ;
#5071 = ORIENTED_EDGE ( 'NONE', *, *, #1880, .T. ) ;
#5072 = CARTESIAN_POINT ( 'NONE',  ( -3.999999999999953371, 2.187499691994794215, -5.515812848637435284E-06 ) ) ;
#5073 = CARTESIAN_POINT ( 'NONE',  ( 30.44713462533560389, 1.188101187500001599, -1.320554750080269679 ) ) ;
#5074 = CARTESIAN_POINT ( 'NONE',  ( 28.19713462533560744, -3.320554750080268569, -3.188101187500000488 ) ) ;
#5075 = CARTESIAN_POINT ( 'NONE',  ( 49.19713462533560744, -3.320554750080268569, -3.188101187500000933 ) ) ;
#5076 = CARTESIAN_POINT ( 'NONE',  ( 30.82213462533560033, -5.188101187499998268, 1.320554750080270789 ) ) ;
#5077 = CARTESIAN_POINT ( 'NONE',  ( 6.922304286040214185E-16, 7.999999999999986677, 0.000000000000000000 ) ) ;
#5078 = CARTESIAN_POINT ( 'NONE',  ( 36.91588462533560033, -5.188101187499998268, -5.856446871944625661E-16 ) ) ;
#5079 = ORIENTED_EDGE ( 'NONE', *, *, #6528, .F. ) ;
#5080 = VERTEX_POINT ( 'NONE', #3089 ) ;
#5081 = CARTESIAN_POINT ( 'NONE',  ( 47.69713462328721221, 0.8284271247461921783, 2.828427124746190291 ) ) ;
#5082 = CARTESIAN_POINT ( 'NONE',  ( 42.16588462533560033, -1.999999999999997780, -3.188101187500000044 ) ) ;
#5083 = CARTESIAN_POINT ( 'NONE',  ( 37.10338462738398846, 2.000000000000001776, -1.656854249492380360 ) ) ;
#5084 = CARTESIAN_POINT ( 'NONE',  ( 48.07213462533560744, 1.188101187500002043, -1.320554750080270123 ) ) ;
#5085 = CARTESIAN_POINT ( 'NONE',  ( 2.254327968790147185, -0.9062499979516176474, -2.254327968790116099 ) ) ;
#5086 = CARTESIAN_POINT ( 'NONE',  ( 2.586754262515351961E-14, 0.8749999999999851230, 3.999999999999974243 ) ) ;
#5087 = CARTESIAN_POINT ( 'NONE',  ( 5.999999999999998224, -8.000000000000001776, 0.000000000000000000 ) ) ;
#5088 = CARTESIAN_POINT ( 'NONE',  ( -2.254327968790093450, 1.718750002048368142, 2.254327968790116543 ) ) ;
#5089 = CARTESIAN_POINT ( 'NONE',  ( 27.07213462533560033, -3.320554750080268569, -3.188101187500000488 ) ) ;
#5090 = CARTESIAN_POINT ( 'NONE',  ( 42.07213462533559323, -3.320554750080268569, -3.188101187500000488 ) ) ;
#5091 = DIRECTION ( 'NONE',  ( 1.000000000000000000, 3.430248998885765781E-15, 0.000000000000000000 ) ) ;
#5092 = CARTESIAN_POINT ( 'NONE',  ( 2.828427124746176080, 7.062499999999996447, 2.828427124746171195 ) ) ;
#5093 = CARTESIAN_POINT ( 'NONE',  ( -3.188101187499955635, 3.031250002048365033, 0.000000000000000000 ) ) ;
#5094 = CARTESIAN_POINT ( 'NONE',  ( -15.00199999999999712, -1.999999999999998224, 0.000000000000000000 ) ) ;
#5095 =( BOUNDED_CURVE ( )  B_SPLINE_CURVE ( 2, ( #3235, #1591, #3623, #3872, #5500, #3060, #5319, #61, #5176 ),
 .UNSPECIFIED., .F., .T. ) 
 B_SPLINE_CURVE_WITH_KNOTS ( ( 3, 2, 2, 2, 3 ),
 ( 0.5625000000000001110, 0.5703125000000001110, 0.5781250000000001110, 0.5859375000000001110, 0.5937500000000001110 ),
 .UNSPECIFIED. ) 
 CURVE ( )  GEOMETRIC_REPRESENTATION_ITEM ( )  RATIONAL_B_SPLINE_CURVE ( ( 0.9999999999999988898, 0.9238795325112878487, 1.000000000000000000, 0.9238795325112867385, 1.000000000000000000, 0.9238795325112867385, 1.000000000000000000, 0.9238795325112856283, 1.000000000000001110 ) ) 
 REPRESENTATION_ITEM ( '' )  );
#5096 = CARTESIAN_POINT ( 'NONE',  ( 2.254327968790172498, -8.406249997951618980, -2.254327968790116099 ) ) ;
#5097 = CARTESIAN_POINT ( 'NONE',  ( 1.656854249492391906, 1.718750004096771367, -3.999999999999974243 ) ) ;
#5098 = CYLINDRICAL_SURFACE ( 'NONE', #5854, 3.999999999999974243 ) ;
#5099 = CARTESIAN_POINT ( 'NONE',  ( 27.63463462533559678, 1.188101187500001599, 1.320554750080270123 ) ) ;
#5100 = FACE_BOUND ( 'NONE', #4791, .T. ) ;
#5101 = EDGE_LOOP ( 'NONE', ( #4720, #374, #1967, #1734, #62 ) ) ;
#5102 = CARTESIAN_POINT ( 'NONE',  ( -3.999999999999931610, -3.906250000000029754, 1.656854249492372588 ) ) ;
#5103 = CARTESIAN_POINT ( 'NONE',  ( -3.188101187499970290, 7.062500002048364145, -1.320554750080258799 ) ) ;
#5104 = CARTESIAN_POINT ( 'NONE',  ( 33.82213462738398135, -1.999999999999997780, -4.000000000000000000 ) ) ;
#5105 = CARTESIAN_POINT ( 'NONE',  ( 1.320554750080292106, -0.9999999979516194237, 3.188101187499972955 ) ) ;
#5106 = CARTESIAN_POINT ( 'NONE',  ( 1.320554750080298767, -3.437499997951619868, -3.188101187499973843 ) ) ;
#5107 = CARTESIAN_POINT ( 'NONE',  ( 4.000000000000027534, -7.562499995903221972, -4.898587196589381274E-16 ) ) ;
#5108 = DIRECTION ( 'NONE',  ( -1.000000000000000000, -0.000000000000000000, -0.000000000000000000 ) ) ;
#5109 = CARTESIAN_POINT ( 'NONE',  ( 33.16588462533560033, -1.999999999999997780, -3.188101187500000044 ) ) ;
#5110 = CARTESIAN_POINT ( 'NONE',  ( 43.57213462533560033, -3.320554750080268569, -3.188101187500000488 ) ) ;
#5111 = CARTESIAN_POINT ( 'NONE',  ( 49.00963462533560744, -5.188101187499998268, -1.320554750080271900 ) ) ;
#5112 = CARTESIAN_POINT ( 'NONE',  ( 30.35338462533560033, 0.2543279687901370267, 2.254327968790135195 ) ) ;
#5113 = CARTESIAN_POINT ( 'NONE',  ( -3.999999999996195932, -6.812500304914292926, -5.461170844240904663E-06 ) ) ;
#5114 = CARTESIAN_POINT ( 'NONE',  ( 40.00963462533560744, -5.188101187499997380, -1.320554750080271678 ) ) ;
#5115 = ORIENTED_EDGE ( 'NONE', *, *, #6048, .F. ) ;
#5116 = CARTESIAN_POINT ( 'NONE',  ( 47.22838462328721221, -0.3431457505076354608, -4.000000000000018652 ) ) ;
#5117 = CALENDAR_DATE ( 2026, 27, 9 ) ;
#5118 = CARTESIAN_POINT ( 'NONE',  ( 39.07213462533560744, -3.320554750080268125, -3.188101187500000933 ) ) ;
#5119 = CARTESIAN_POINT ( 'NONE',  ( 39.35338462738398135, -5.999999999999997335, 1.656854249492381248 ) ) ;
#5120 = CARTESIAN_POINT ( 'NONE',  ( 47.32213462533560744, -5.188101187499998268, 1.320554750080270789 ) ) ;
#5121 = CARTESIAN_POINT ( 'NONE',  ( -2.254327968790081016, -2.031249997951632302, -2.254327968790116099 ) ) ;
#5122 = CARTESIAN_POINT ( 'NONE',  ( 37.47838462738398846, -0.3431457505075998227, 3.999999999999981792 ) ) ;
#5123 = CARTESIAN_POINT ( 'NONE',  ( 40.85338462328721221, -5.999999999999997335, -1.656854249492382580 ) ) ;
#5124 = CARTESIAN_POINT ( 'NONE',  ( 2.254327968790124981, 5.468750002048383685, -2.254327968790116099 ) ) ;
#5125 = CARTESIAN_POINT ( 'NONE',  ( 27.35338462533560033, 0.2543279687901365826, -2.254327968790134307 ) ) ;
#5126 = AXIS2_PLACEMENT_3D ( 'NONE', #753, #2374, #2937 ) ;
#5127 = CARTESIAN_POINT ( 'NONE',  ( 44.88463462533560033, -5.188101187499997380, -1.320554750080271678 ) ) ;
#5128 = CARTESIAN_POINT ( 'NONE',  ( 13.74772708486752038, -1.999999999999997335, 7.999999999999996447 ) ) ;
#5129 = PRODUCT_DEFINITION_SHAPE ( 'NONE', 'NONE',  #6765 ) ;
#5130 = CARTESIAN_POINT ( 'NONE',  ( 36.25963462738398846, -4.828427124746188959, 2.828427124746189403 ) ) ;
#5131 = CARTESIAN_POINT ( 'NONE',  ( 3.188101187499982725, 5.375000002048387238, -1.320554750080259021 ) ) ;
#5132 = CARTESIAN_POINT ( 'NONE',  ( 39.54088462328721221, -3.656854249492387243, -3.999999999999991562 ) ) ;
#5133 = CARTESIAN_POINT ( 'NONE',  ( -1.320554750080207951, -6.624999997951631414, -3.188101187499973843 ) ) ;
#5134 = EDGE_CURVE ( 'NONE', #3032, #7332, #2442, .T. ) ;
#5135 = CARTESIAN_POINT ( 'NONE',  ( -1.656854249492329956, -3.531249995903241956, 3.999999999999972911 ) ) ;
#5136 = CARTESIAN_POINT ( 'NONE',  ( 1.656854249492387021, 3.218750004096771811, -3.999999999999974243 ) ) ;
#5137 = FACE_OUTER_BOUND ( 'NONE', #6070, .T. ) ;
#5138 = CARTESIAN_POINT ( 'NONE',  ( 27.72838462533560033, 0.2543279687901365826, 2.254327968790134751 ) ) ;
#5139 = DIRECTION ( 'NONE',  ( 1.224646799147353207E-16, 4.200843456763865836E-31, -1.000000000000000000 ) ) ;
#5140 = ORIENTED_EDGE ( 'NONE', *, *, #405, .F. ) ;
#5141 = CARTESIAN_POINT ( 'NONE',  ( 4.000000000000007994, -1.656250000000001554, -1.656854249492369924 ) ) ;
#5142 = CARTESIAN_POINT ( 'NONE',  ( -3.188101187499964961, 5.750000002048365033, 1.320554750080261019 ) ) ;
#5143 = DIRECTION ( 'NONE',  ( 0.000000000000000000, 1.000000000000000000, -0.000000000000000000 ) ) ;
#5144 = CARTESIAN_POINT ( 'NONE',  ( 3.761707544071808224E-14, -2.593749997951625197, 3.188101187499973399 ) ) ;
#5145 = CARTESIAN_POINT ( 'NONE',  ( -3.188101187499924993, -6.062499997951635855, -1.320554750080258799 ) ) ;
#5146 = CARTESIAN_POINT ( 'NONE',  ( -1.320554750080251694, 5.937500002048372139, 3.188101187499973399 ) ) ;
#5147 = VERTEX_POINT ( 'NONE', #3652 ) ;
#5148 = CARTESIAN_POINT ( 'NONE',  ( 28.94713462533560389, 1.188101187500001599, -1.320554750080269679 ) ) ;
#5149 = CARTESIAN_POINT ( 'NONE',  ( 48.54088462533560033, 1.188101187500001599, 1.952148957314875220E-16 ) ) ;
#5150 = CARTESIAN_POINT ( 'NONE',  ( 40.38463462533560744, -0.6794452499197279893, -3.188101187500000044 ) ) ;
#5151 = DIRECTION ( 'NONE',  ( 1.000000000000000000, 0.000000000000000000, 0.000000000000000000 ) ) ;
#5152 = CARTESIAN_POINT ( 'NONE',  ( 2.828427124746193844, 1.625000004096774697, -2.828427124746171639 ) ) ;
#5153 = ADVANCED_FACE ( 'NONE', ( #7187 ), #5467, .F. ) ;
#5154 = CARTESIAN_POINT ( 'NONE',  ( 31.10338462328721221, 2.000000000000001776, 1.656854249492380804 ) ) ;
#5155 = CARTESIAN_POINT ( 'NONE',  ( 11.47305487341288277, -8.342919484250383988, 4.903717018950591644 ) ) ;
#5156 = PERSON_AND_ORGANIZATION ( #6710, #6828 ) ;
#5157 = CARTESIAN_POINT ( 'NONE',  ( 35.69713462533560033, -5.188101187499998268, 1.320554750080270567 ) ) ;
#5158 = CARTESIAN_POINT ( 'NONE',  ( 30.91588462738398846, -0.3431457505076173642, -4.000000000000000000 ) ) ;
#5159 = CARTESIAN_POINT ( 'NONE',  ( 0.000000000000000000, 8.201801801801801517, 0.000000000000000000 ) ) ;
#5160 = CARTESIAN_POINT ( 'NONE',  ( 4.000000000000002665, -10.00000000000000178, 4.898587196589347748E-16 ) ) ;
#5161 = AXIS2_PLACEMENT_3D ( 'NONE', #3339, #7320, #1572 ) ;
#5162 = CARTESIAN_POINT ( 'NONE',  ( 37.38463462738398846, 0.8284271247461921783, 2.828427124746190291 ) ) ;
#5163 = CYLINDRICAL_SURFACE ( 'NONE', #713, 4.000000000000000000 ) ;
#5164 = CARTESIAN_POINT ( 'NONE',  ( -2.254327968790082348, -1.656249997951632080, -2.254327968790116099 ) ) ;
#5165 = AXIS2_PLACEMENT_3D ( 'NONE', #837, #3265, #5530 ) ;
#5166 = CARTESIAN_POINT ( 'NONE',  ( 44.97838462533560744, -4.254327968790132530, -2.254327968790135195 ) ) ;
#5167 = CARTESIAN_POINT ( 'NONE',  ( -2.828427124746134336, -2.312500000000026201, 2.828427124746172083 ) ) ;
#5168 = DIRECTION ( 'NONE',  ( -1.000000000000000000, -3.469446951953636671E-15, 0.000000000000000000 ) ) ;
#5169 = CARTESIAN_POINT ( 'NONE',  ( -3.188101187499950750, 1.531250002048364589, 0.000000000000000000 ) ) ;
#5170 = CC_DESIGN_PERSON_AND_ORGANIZATION_ASSIGNMENT ( #6587, #890, ( #5724 ) ) ;
#5171 = CARTESIAN_POINT ( 'NONE',  ( 26.97838462328720865, -3.656854249492381914, 3.999999999999999112 ) ) ;
#5172 = CARTESIAN_POINT ( 'NONE',  ( 2.681734023365591314E-14, 0.3125000040967648718, -3.999999999999974243 ) ) ;
#5173 = CARTESIAN_POINT ( 'NONE',  ( 50.88463462328721221, -1.999999999999997780, -4.000000000000000000 ) ) ;
#5174 = CARTESIAN_POINT ( 'NONE',  ( 44.32213462738398846, -1.999999999999997780, -4.000000000000000000 ) ) ;
#5175 = CARTESIAN_POINT ( 'NONE',  ( 29.04088462533560033, 1.188101187500001599, 1.952148957314875220E-16 ) ) ;
#5176 = CARTESIAN_POINT ( 'NONE',  ( 35.32213462738398135, -1.999999999999997780, -4.000000000000000000 ) ) ;
#5177 = VERTEX_POINT ( 'NONE', #4835 ) ;
#5178 = CARTESIAN_POINT ( 'NONE',  ( 3.188101187499991163, 3.312500002048386794, 1.320554750080258577 ) ) ;
#5179 = CARTESIAN_POINT ( 'NONE',  ( 3.188101187500014255, -3.718749997951613206, -3.904297914629718393E-16 ) ) ;
#5180 = CARTESIAN_POINT ( 'NONE',  ( 3.188101187500021361, -5.312499997951615427, 1.320554750080258577 ) ) ;
#5181 = CARTESIAN_POINT ( 'NONE',  ( 1.656854249492427655, -8.781249995903230854, -3.999999999999974243 ) ) ;
#5182 = AXIS2_PLACEMENT_3D ( 'NONE', #6853, #3504, #6816 ) ;
#5183 = ORIENTED_EDGE ( 'NONE', *, *, #6917, .F. ) ;
#5184 = CARTESIAN_POINT ( 'NONE',  ( 46.38463462533560033, -5.188101187499997380, -1.320554750080271678 ) ) ;
#5185 = DESIGN_CONTEXT ( 'detailed design', #4974, 'design' ) ;
#5186 = CARTESIAN_POINT ( 'NONE',  ( 38.13463462533560033, -3.320554750080270345, 3.188101187499999156 ) ) ;
#5187 = DIRECTION ( 'NONE',  ( 0.000000000000000000, 0.000000000000000000, -1.000000000000000000 ) ) ;
#5188 = EDGE_CURVE ( 'NONE', #864, #5309, #346, .T. ) ;
#5189 =( BOUNDED_CURVE ( )  B_SPLINE_CURVE ( 2, ( #4317, #363, #2013, #6019, #4836, #285, #4797, #3164, #4204 ),
 .UNSPECIFIED., .F., .T. ) 
 B_SPLINE_CURVE_WITH_KNOTS ( ( 3, 2, 2, 2, 3 ),
 ( 0.7187499999999998890, 0.7265624999999998890, 0.7343750000000000000, 0.7421875000000000000, 0.7500000000000000000 ),
 .UNSPECIFIED. ) 
 CURVE ( )  GEOMETRIC_REPRESENTATION_ITEM ( )  RATIONAL_B_SPLINE_CURVE ( ( 1.000000000000001110, 0.9238795325112856283, 1.000000000000000000, 0.9238795325112867385, 1.000000000000000000, 0.9238795325112867385, 1.000000000000000000, 0.9238795325112867385, 1.000000000000000000 ) ) 
 REPRESENTATION_ITEM ( '' )  );
#5190 = CARTESIAN_POINT ( 'NONE',  ( 4.130366312013947825E-14, -3.625000000000015543, 3.999999999999974243 ) ) ;
#5191 = CARTESIAN_POINT ( 'NONE',  ( 11.72989134735371408, -6.852716046132921512, 6.365559217555759375 ) ) ;
#5192 = APPROVAL_ROLE ( '' ) ;
#5193 = CARTESIAN_POINT ( 'NONE',  ( 32.41588462533560033, -1.999999999999998224, 3.188101187500000044 ) ) ;
#5194 = CARTESIAN_POINT ( 'NONE',  ( 36.63463462738398135, -4.828427124746188959, -2.828427124746190735 ) ) ;
#5195 = CARTESIAN_POINT ( 'NONE',  ( 45.54088462533560744, -1.999999999999998224, 3.188101187500000488 ) ) ;
#5196 = CARTESIAN_POINT ( 'NONE',  ( -1.320554750080202844, -8.124999997951631414, -3.188101187499973399 ) ) ;
#5197 = CARTESIAN_POINT ( 'NONE',  ( 49.38463462533560744, -0.6794452499197283224, -3.188101187499999600 ) ) ;
#5198 = CARTESIAN_POINT ( 'NONE',  ( -1.320554750080230155, -0.2499999979516291937, -3.188101187499973843 ) ) ;
#5199 = CARTESIAN_POINT ( 'NONE',  ( 45.16588462328721221, -5.999999999999997335, 1.656854249492381248 ) ) ;
#5200 = ORIENTED_EDGE ( 'NONE', *, *, #6129, .F. ) ;
#5201 = CYLINDRICAL_SURFACE ( 'NONE', #4757, 4.000000000000000000 ) ;
#5202 = CARTESIAN_POINT ( 'NONE',  ( 2.828427124746200061, -0.06250000000000525968, -2.828427124746171639 ) ) ;
#5203 = CARTESIAN_POINT ( 'NONE',  ( 28.57213462328720865, -4.828427124746188959, 2.828427124746189403 ) ) ;
#5204 = EDGE_CURVE ( 'NONE', #4292, #1933, #1441, .T. ) ;
#5205 = CARTESIAN_POINT ( 'NONE',  ( 2.254327968790140524, 0.9687500020483831298, -2.254327968790116099 ) ) ;
#5206 = DIRECTION ( 'NONE',  ( 0.000000000000000000, -0.000000000000000000, -1.000000000000000000 ) ) ;
#5207 = CARTESIAN_POINT ( 'NONE',  ( 4.000000000000007994, -1.562499995903221972, -4.898587196589381274E-16 ) ) ;
#5208 = AXIS2_PLACEMENT_3D ( 'NONE', #309, #1498, #2000 ) ;
#5209 = CARTESIAN_POINT ( 'NONE',  ( 2.828427124746186738, 4.062499999999995559, 2.828427124746171195 ) ) ;
#5210 = CARTESIAN_POINT ( 'NONE',  ( 30.91588462533560033, -1.999999999999998224, 3.188101187500000044 ) ) ;
#5211 = DIRECTION ( 'NONE',  ( 0.5000000000000018874, 0.000000000000000000, -0.8660254037844375974 ) ) ;
#5212 = ORIENTED_EDGE ( 'NONE', *, *, #7373, .T. ) ;
#5213 = CARTESIAN_POINT ( 'NONE',  ( -3.188101187499953859, 2.750000002048364589, 1.320554750080261019 ) ) ;
#5214 = CARTESIAN_POINT ( 'NONE',  ( 3.188101187500013811, -3.624999997951614095, -1.320554750080259243 ) ) ;
#5215 = CARTESIAN_POINT ( 'NONE',  ( -2.254327968790073022, -4.281249997951633190, 2.254327968790116543 ) ) ;
#5216 = CARTESIAN_POINT ( 'NONE',  ( 1.320554750080263906, 6.687500002048380132, -3.188101187499973843 ) ) ;
#5217 = ORIENTED_EDGE ( 'NONE', *, *, #960, .F. ) ;
#5218 = CARTESIAN_POINT ( 'NONE',  ( 45.54088462533560744, 1.188101187500001599, 1.952148957314875220E-16 ) ) ;
#5219 = CARTESIAN_POINT ( 'NONE',  ( 39.16588462533560033, 1.188101187500002043, 1.952148957314875467E-16 ) ) ;
#5220 = CARTESIAN_POINT ( 'NONE',  ( 5.159441011679677559E-14, -6.625000000000015987, 3.999999999999974243 ) ) ;
#5221 = CARTESIAN_POINT ( 'NONE',  ( 39.63463462328720510, -1.999999999999997780, -4.000000000000000000 ) ) ;
#5222 = PERSON_AND_ORGANIZATION ( #6710, #6828 ) ;
#5223 = CARTESIAN_POINT ( 'NONE',  ( 35.79088462533560033, -5.188101187499998268, -5.856446871944625661E-16 ) ) ;
#5224 = CARTESIAN_POINT ( 'NONE',  ( 31.29088462738398135, 2.000000000000001776, 1.656854249492381026 ) ) ;
#5225 = CARTESIAN_POINT ( 'NONE',  ( 45.44713462533560033, -0.6794452499197284334, 3.188101187500000488 ) ) ;
#5226 = CARTESIAN_POINT ( 'NONE',  ( 2.254327968790167613, -6.906249997951618091, -2.254327968790116099 ) ) ;
#5227 = CARTESIAN_POINT ( 'NONE',  ( 49.10338462533560033, -4.254327968790132530, -2.254327968790135195 ) ) ;
#5228 = CARTESIAN_POINT ( 'NONE',  ( 44.22838462328720510, -0.3431457505076173642, -4.000000000000000000 ) ) ;
#5229 = EDGE_LOOP ( 'NONE', ( #2617, #5584, #5044, #6479 ) ) ;
#5230 = CARTESIAN_POINT ( 'NONE',  ( 49.57213462533560744, -3.320554750080268125, -3.188101187500000933 ) ) ;
#5231 = CARTESIAN_POINT ( 'NONE',  ( 3.999999999999987121, 4.343749999999999112, -1.656854249492369924 ) ) ;
#5232 = DIRECTION ( 'NONE',  ( -1.000000000000000000, -0.000000000000000000, -0.000000000000000000 ) ) ;
#5233 = CARTESIAN_POINT ( 'NONE',  ( 6.744834450746182324E-15, 6.406250002048376579, 3.188101187499973399 ) ) ;
#5234 = CARTESIAN_POINT ( 'NONE',  ( -1.656854249492350162, 2.281249999999980460, 3.999999999999972911 ) ) ;
#5235 = EDGE_CURVE ( 'NONE', #3253, #802, #7258, .T. ) ;
#5236 = CARTESIAN_POINT ( 'NONE',  ( 2.828427124746214716, -4.374999995903225525, -2.828427124746171639 ) ) ;
#5237 = CARTESIAN_POINT ( 'NONE',  ( -3.999999999999957367, 3.593749999999972022, 1.656854249492372366 ) ) ;
#5238 = CARTESIAN_POINT ( 'NONE',  ( 28.75963462533560389, -0.6794452499197283224, -3.188101187499999600 ) ) ;
#5239 = CYLINDRICAL_SURFACE ( 'NONE', #3310, 4.000000000000000000 ) ;
#5240 = EDGE_LOOP ( 'NONE', ( #1989, #6388, #1927, #4848 ) ) ;
#5241 = CARTESIAN_POINT ( 'NONE',  ( 4.455427610528511581E-14, -4.843749997951625197, -3.188101187499973399 ) ) ;
#5242 = CARTESIAN_POINT ( 'NONE',  ( 27.16588462533560033, 1.188101187500002043, 1.952148957314875467E-16 ) ) ;
#5243 = CARTESIAN_POINT ( 'NONE',  ( -1.320554750080246365, 4.437500002048373027, 3.188101187499973399 ) ) ;
#5244 = VERTEX_POINT ( 'NONE', #777 ) ;
#5245 = CARTESIAN_POINT ( 'NONE',  ( 49.29088462533560033, -5.188101187499998268, -5.856446871944625661E-16 ) ) ;
#5246 = CARTESIAN_POINT ( 'NONE',  ( 41.22838462533560033, -4.254327968790133419, 2.254327968790134307 ) ) ;
#5247 = CARTESIAN_POINT ( 'NONE',  ( 2.828427124746222709, -6.437500000000005329, 2.828427124746171195 ) ) ;
#5248 = CC_DESIGN_PERSON_AND_ORGANIZATION_ASSIGNMENT ( #5156, #1262, ( #741 ) ) ;
#5249 = AXIS2_PLACEMENT_3D ( 'NONE', #7380, #5143, #3635 ) ;
#5250 = CARTESIAN_POINT ( 'NONE',  ( -3.999999999999953371, 2.187500004096751827, 0.000000000000000000 ) ) ;
#5251 = CARTESIAN_POINT ( 'NONE',  ( 11.21726834999293843, -9.793244026009258363, 1.826251342237009911 ) ) ;
#5252 = APPROVAL_STATUS ( 'not_yet_approved' ) ;
#5253 = CARTESIAN_POINT ( 'NONE',  ( 32.32213462533560744, -0.6794452499197284334, 3.188101187500000044 ) ) ;
#5254 = CARTESIAN_POINT ( 'NONE',  ( 33.35338462738398135, -5.999999999999997335, 1.656854249492381248 ) ) ;
#5255 = CARTESIAN_POINT ( 'NONE',  ( 40.66588462533560033, 1.188101187500002043, 1.952148957314875467E-16 ) ) ;
#5256 = CARTESIAN_POINT ( 'NONE',  ( 3.188101187500020917, -5.593749997951614539, -3.904297914629718393E-16 ) ) ;
#5257 = CARTESIAN_POINT ( 'NONE',  ( 48.44713462533560744, -0.6794452499197284334, 3.188101187499999600 ) ) ;
#5258 = CARTESIAN_POINT ( 'NONE',  ( 44.60338462328720510, 2.000000000000001776, 1.656854249492381026 ) ) ;
#5259 = ORIENTED_EDGE ( 'NONE', *, *, #3240, .F. ) ;
#5260 = LOCAL_TIME ( 2, 47, 55.00000000000000000, #6969 ) ;
#5261 = CARTESIAN_POINT ( 'NONE',  ( 25.91699307817514608, -5.999999999999998224, 0.5326949748581550903 ) ) ;
#5262 = CARTESIAN_POINT ( 'NONE',  ( -1.656854249492352604, 3.218749999999980016, -3.999999999999974243 ) ) ;
#5263 = CARTESIAN_POINT ( 'NONE',  ( -1.320554750080219497, -3.249999997951630082, -3.188101187499973843 ) ) ;
#5264 = CARTESIAN_POINT ( 'NONE',  ( 34.19713462738398135, 2.000000000000001776, 2.449293598294706414E-16 ) ) ;
#5265 = ADVANCED_FACE ( 'NONE', ( #4242 ), #4203, .T. ) ;
#5266 = CIRCLE ( 'NONE', #1720, 7.999999999999996447 ) ;
#5267 = CARTESIAN_POINT ( 'NONE',  ( 1.557679562849621911E-14, 3.874999999999985345, 3.999999999999974243 ) ) ;
#5268 = CARTESIAN_POINT ( 'NONE',  ( 4.000000000000024869, -6.156249995903222860, 1.656854249492369036 ) ) ;
#5269 = CARTESIAN_POINT ( 'NONE',  ( -3.999999999999957367, 3.499999999999972022, 0.000000000000000000 ) ) ;
#5270 = CARTESIAN_POINT ( 'NONE',  ( 47.13463462738398846, -4.828427124746188959, -2.828427124746190735 ) ) ;
#5271 = CARTESIAN_POINT ( 'NONE',  ( 29.41588462738398135, -0.3431457505076174197, -4.000000000000000000 ) ) ;
#5272 = EDGE_LOOP ( 'NONE', ( #6403, #278, #3968, #2999 ) ) ;
#5273 = CARTESIAN_POINT ( 'NONE',  ( 3.188101187500011591, -2.687499997951614095, 1.320554750080258577 ) ) ;
#5274 = CARTESIAN_POINT ( 'NONE',  ( -2.254327968790082348, -1.656249997951632080, -2.254327968790116099 ) ) ;
#5275 = CARTESIAN_POINT ( 'NONE',  ( 26.88463462533560033, -0.6794452499197279893, -3.188101187500000488 ) ) ;
#5276 = CARTESIAN_POINT ( 'NONE',  ( 1.320554750080278117, 3.125000002048379688, 3.188101187499972955 ) ) ;
#5277 = ORIENTED_EDGE ( 'NONE', *, *, #4265, .T. ) ;
#5278 = CARTESIAN_POINT ( 'NONE',  ( 38.32213462533560744, -0.6794452499197284334, 3.188101187499999600 ) ) ;
#5279 = CARTESIAN_POINT ( 'NONE',  ( 38.50963462533560033, -5.188101187499998268, -1.320554750080271900 ) ) ;
#5280 = CARTESIAN_POINT ( 'NONE',  ( 48.07213462738398846, -1.999999999999998224, 4.000000000000000000 ) ) ;
#5281 = EDGE_CURVE ( 'NONE', #4714, #3665, #6968, .T. ) ;
#5282 = CARTESIAN_POINT ( 'NONE',  ( 1.864627792714558474, -8.155527811867525401, 3.229758796179109215 ) ) ;
#5283 = CARTESIAN_POINT ( 'NONE',  ( 4.000000000000008882, -1.750000000000001554, -4.898587196589381274E-16 ) ) ;
#5284 = CARTESIAN_POINT ( 'NONE',  ( 4.644903661846813323E-14, -5.125000000000016875, 3.999999999999974243 ) ) ;
#5285 = CARTESIAN_POINT ( 'NONE',  ( 46.00963462533560033, -3.320554750080270345, 3.188101187499999156 ) ) ;
#5286 = SHAPE_DEFINITION_REPRESENTATION ( #1685, #5871 ) ;
#5287 = CARTESIAN_POINT ( 'NONE',  ( 32.69713462533560744, -5.188101187499998268, 1.320554750080270567 ) ) ;
#5288 = CARTESIAN_POINT ( 'NONE',  ( 35.32213462738398135, -1.999999999999997780, -4.000000000000000000 ) ) ;
#5289 = CARTESIAN_POINT ( 'NONE',  ( 43.47838462533560744, 0.2543279687901370267, -2.254327968790134751 ) ) ;
#5290 = CARTESIAN_POINT ( 'NONE',  ( 3.188101187500031131, -8.593749997951615427, -3.904297914629718393E-16 ) ) ;
#5291 = CARTESIAN_POINT ( 'NONE',  ( 3.999999999997201794, -1.562440428417912308, -3.278214128716870046E-06 ) ) ;
#5292 = CARTESIAN_POINT ( 'NONE',  ( 43.57213462328721221, -4.828427124746188959, 2.828427124746189403 ) ) ;
#5293 = VERTEX_POINT ( 'NONE', #3405 ) ;
#5294 = CARTESIAN_POINT ( 'NONE',  ( 25.88463462328719800, -5.860590493770665432, 1.046824263860733462 ) ) ;
#5295 = CARTESIAN_POINT ( 'NONE',  ( 3.999999999999974243, 8.201801801801815728, 4.898587196589381274E-16 ) ) ;
#5296 = CARTESIAN_POINT ( 'NONE',  ( -3.188101187499940536, -1.468749997951635411, 0.000000000000000000 ) ) ;
#5297 = CARTESIAN_POINT ( 'NONE',  ( 34.29088462328721221, -0.3431457505076359049, 4.000000000000018652 ) ) ;
#5298 = CARTESIAN_POINT ( 'NONE',  ( 1.656854249492375697, 6.968749999999991118, 3.999999999999972911 ) ) ;
#5299 = CARTESIAN_POINT ( 'NONE',  ( 5.609661191378137149E-14, -7.937499995903235295, 3.999999999999974243 ) ) ;
#5300 = EDGE_CURVE ( 'NONE', #2524, #2120, #2408, .T. ) ;
#5301 = CARTESIAN_POINT ( 'NONE',  ( 28.38463462738398491, 0.8284271247461921783, 2.828427124746190291 ) ) ;
#5302 = CARTESIAN_POINT ( 'NONE',  ( 46.10338462738399556, 2.000000000000001776, -1.656854249492380360 ) ) ;
#5303 = CARTESIAN_POINT ( 'NONE',  ( -3.999999999995076827, -5.312500528159440627, -6.229568302599286012E-06 ) ) ;
#5304 = ORIENTED_EDGE ( 'NONE', *, *, #316, .T. ) ;
#5305 = CARTESIAN_POINT ( 'NONE',  ( 1.320554750080283446, 1.625000002048380354, 3.188101187499972955 ) ) ;
#5306 = CARTESIAN_POINT ( 'NONE',  ( 0.000000000000000000, 0.000000000000000000, 0.000000000000000000 ) ) ;
#5307 = CARTESIAN_POINT ( 'NONE',  ( 28.29088462533560033, -1.999999999999997780, -3.188101187500000488 ) ) ;
#5308 = CARTESIAN_POINT ( 'NONE',  ( 3.188101187499994271, 2.000000002048386794, -1.320554750080259021 ) ) ;
#5309 = VERTEX_POINT ( 'NONE', #6702 ) ;
#5310 = CYLINDRICAL_SURFACE ( 'NONE', #2674, 4.000000000000000000 ) ;
#5311 = CARTESIAN_POINT ( 'NONE',  ( 38.50963462533560033, -3.320554750080270345, 3.188101187499999156 ) ) ;
#5312 = CARTESIAN_POINT ( 'NONE',  ( 31.47838462533560033, 0.2543279687901370267, -2.254327968790134751 ) ) ;
#5313 = CARTESIAN_POINT ( 'NONE',  ( -2.828427124746115240, -8.124999995903246841, 2.828427124746172083 ) ) ;
#5314 = CARTESIAN_POINT ( 'NONE',  ( -3.188101187499965850, 5.937500002048365033, -1.320554750080259021 ) ) ;
#5315 = CARTESIAN_POINT ( 'NONE',  ( 2.828427124746205390, -1.562500000000004885, -2.828427124746171639 ) ) ;
#5316 = DIRECTION ( 'NONE',  ( -3.430248998885766570E-15, 1.000000000000000000, -0.000000000000000000 ) ) ;
#5317 = CARTESIAN_POINT ( 'NONE',  ( 42.63463462533559323, 1.188101187500001599, 1.320554750080270123 ) ) ;
#5318 = CALENDAR_DATE ( 2026, 27, 9 ) ;
#5319 = CARTESIAN_POINT ( 'NONE',  ( 35.50963462738398846, 0.8284271247461921783, -2.828427124746189847 ) ) ;
#5320 = CARTESIAN_POINT ( 'NONE',  ( 49.66588462533560033, 1.188101187500002043, 1.952148957314875467E-16 ) ) ;
#5321 = CARTESIAN_POINT ( 'NONE',  ( 41.60338462533560033, -4.254327968790133419, -2.254327968790135639 ) ) ;
#5322 = CARTESIAN_POINT ( 'NONE',  ( 50.88463462328721221, -1.999999999999998224, 4.000000000000000000 ) ) ;
#5323 = CARTESIAN_POINT ( 'NONE',  ( 37.10338462328721221, 2.000000000000001776, 1.656854249492380804 ) ) ;
#5324 = CARTESIAN_POINT ( 'NONE',  ( 48.44713462328721221, -4.828427124746188959, -2.828427124746190735 ) ) ;
#5325 = ORIENTED_EDGE ( 'NONE', *, *, #4995, .F. ) ;
#5326 = ORIENTED_EDGE ( 'NONE', *, *, #298, .T. ) ;
#5327 = AXIS2_PLACEMENT_3D ( 'NONE', #3501, #2973, #1852 ) ;
#5328 = CARTESIAN_POINT ( 'NONE',  ( 46.85338462533560033, 0.2543279687901365826, -2.254327968790134307 ) ) ;
#5329 = CARTESIAN_POINT ( 'NONE',  ( 3.999999999999999112, 1.156249999999999334, 1.656854249492369036 ) ) ;
#5330 = CARTESIAN_POINT ( 'NONE',  ( -1.320554750080214612, -4.749999997951629638, -3.188101187499973843 ) ) ;
#5331 = CARTESIAN_POINT ( 'NONE',  ( 34.19713462328720510, 0.8284271247461921783, 2.828427124746190291 ) ) ;
#5332 = CARTESIAN_POINT ( 'NONE',  ( 2.828427124746186738, 4.062499999999995559, 2.828427124746171195 ) ) ;
#5333 = CARTESIAN_POINT ( 'NONE',  ( -3.999999999999917843, -8.312499995903250394, 0.000000000000000000 ) ) ;
#5334 = CARTESIAN_POINT ( 'NONE',  ( 3.999999999999983569, 4.343749999999999112, -1.656854249492373032 ) ) ;
#5335 = CARTESIAN_POINT ( 'NONE',  ( 47.79088462738398846, 2.000000000000001776, 1.656854249492381026 ) ) ;
#5336 = CARTESIAN_POINT ( 'NONE',  ( 29.97838462738398846, -0.3431457505076178638, 4.000000000000000000 ) ) ;
#5337 = ORIENTED_EDGE ( 'NONE', *, *, #546, .T. ) ;
#5338 = CARTESIAN_POINT ( 'NONE',  ( 3.040449898488133512E-14, -0.7187499979516253079, -3.188101187499973399 ) ) ;
#5339 = CARTESIAN_POINT ( 'NONE',  ( 3.188101187500029354, -8.124999997951613651, -1.320554750080259243 ) ) ;
#5340 = LINE ( 'NONE', #4235, #5967 ) ;
#5341 = EDGE_CURVE ( 'NONE', #2641, #2450, #5029, .T. ) ;
#5342 = CARTESIAN_POINT ( 'NONE',  ( 2.861267181864295022E-14, 0.03125000204837538598, 3.188101187499973399 ) ) ;
#5343 = VECTOR ( 'NONE', #3935, 1000.000000000000000 ) ;
#5344 = VERTEX_POINT ( 'NONE', #3837 ) ;
#5345 = ORIENTED_EDGE ( 'NONE', *, *, #307, .F. ) ;
#5346 = CARTESIAN_POINT ( 'NONE',  ( 37.57213462533560033, -3.320554750080268569, -3.188101187500000488 ) ) ;
#5347 = CARTESIAN_POINT ( 'NONE',  ( 32.79088462533560033, -1.999999999999997780, -3.188101187500000488 ) ) ;
#5348 = CARTESIAN_POINT ( 'NONE',  ( 29.22838462738398846, -3.656854249492378806, -4.000000000000000888 ) ) ;
#5349 = EDGE_CURVE ( 'NONE', #659, #184, #638, .T. ) ;
#5350 = ADVANCED_FACE ( 'NONE', ( #5665 ), #958, .T. ) ;
#5351 = CARTESIAN_POINT ( 'NONE',  ( 4.000000000000018652, -4.656250000000001776, -1.656854249492369924 ) ) ;
#5352 = DIRECTION ( 'NONE',  ( -1.000000000000000000, -0.000000000000000000, -0.000000000000000000 ) ) ;
#5353 = CARTESIAN_POINT ( 'NONE',  ( 36.07213462533560033, -3.320554750080268569, -3.188101187500000488 ) ) ;
#5354 = PERSON_AND_ORGANIZATION ( #6710, #6828 ) ;
#5355 = CARTESIAN_POINT ( 'NONE',  ( 27.82213462533560033, -0.6794452499197284334, 3.188101187500000044 ) ) ;
#5356 = CARTESIAN_POINT ( 'NONE',  ( 28.19713462738398491, 2.000000000000001776, 2.449293598294706414E-16 ) ) ;
#5357 = CARTESIAN_POINT ( 'NONE',  ( 34.75963462533560744, 1.188101187500002043, 1.320554750080270123 ) ) ;
#5358 = CIRCLE ( 'NONE', #5017, 4.000000000000000000 ) ;
#5359 = CARTESIAN_POINT ( 'NONE',  ( 3.999999999999982681, 5.750000000000000000, -4.898587196589381274E-16 ) ) ;
#5360 = CARTESIAN_POINT ( 'NONE',  ( 44.04088462533560744, -1.999999999999998224, 3.188101187500000044 ) ) ;
#5361 = EDGE_CURVE ( 'NONE', #5177, #3032, #1887, .T. ) ;
#5362 = CARTESIAN_POINT ( 'NONE',  ( 37.00963462328721221, 2.000000000000001776, 2.449293598294706414E-16 ) ) ;
#5363 = ADVANCED_BREP_SHAPE_REPRESENTATION ( '', ( #3929, #4195 ), #2310 ) ;
#5364 = ORIENTED_EDGE ( 'NONE', *, *, #2052, .T. ) ;
#5365 = ORIENTED_EDGE ( 'NONE', *, *, #507, .T. ) ;
#5366 = CARTESIAN_POINT ( 'NONE',  ( 45.91588462533560744, -1.999999999999998224, 3.188101187500000044 ) ) ;
#5367 = CARTESIAN_POINT ( 'NONE',  ( 27.54088462328720865, -3.656854249492377917, -4.000000000000000888 ) ) ;
#5368 = CARTESIAN_POINT ( 'NONE',  ( 1.320554750080267681, 6.125000002048381020, 3.188101187499972955 ) ) ;
#5369 = CARTESIAN_POINT ( 'NONE',  ( 1.320554750080292328, -0.9999999979516194237, 3.188101187499972955 ) ) ;
#5370 = CARTESIAN_POINT ( 'NONE',  ( 44.04088462738399556, -5.999999999999997335, -1.656854249492382580 ) ) ;
#5371 = EDGE_CURVE ( 'NONE', #4266, #7157, #1387, .T. ) ;
#5372 = CARTESIAN_POINT ( 'NONE',  ( 3.999999999999993339, 2.749999999999999112, -4.898587196589381274E-16 ) ) ;
#5373 = CARTESIAN_POINT ( 'NONE',  ( 2.456057629529271757, -9.279797237640350360, 3.200796619963132361 ) ) ;
#5374 = CARTESIAN_POINT ( 'NONE',  ( 49.57213462738398846, -1.999999999999998224, 4.000000000000000000 ) ) ;
#5375 = PRODUCT_RELATED_PRODUCT_CATEGORY ( 'detail', '', ( #3583 ) ) ;
#5376 = CARTESIAN_POINT ( 'NONE',  ( 48.35338462738398846, -5.999999999999997335, 1.656854249492381248 ) ) ;
#5377 = CARTESIAN_POINT ( 'NONE',  ( 12.93241375273440852, 0.5604488435306724803, -7.597209326495425685 ) ) ;
#5378 = ORIENTED_EDGE ( 'NONE', *, *, #2389, .T. ) ;
#5379 = DIRECTION ( 'NONE',  ( -1.000000000000000000, -0.000000000000000000, -0.000000000000000000 ) ) ;
#5380 = CARTESIAN_POINT ( 'NONE',  ( -1.320554750080233930, 0.8750000020483709173, -3.188101187499973843 ) ) ;
#5381 = DIRECTION ( 'NONE',  ( -1.000000000000000000, -3.469446951953636671E-15, 0.000000000000000000 ) ) ;
#5382 = CC_DESIGN_APPROVAL ( #4438, ( #7168 ) ) ;
#5383 = CARTESIAN_POINT ( 'NONE',  ( 26.04088462533560033, -1.999999999999998224, 3.188101187500000488 ) ) ;
#5384 = CARTESIAN_POINT ( 'NONE',  ( -3.188101187499959188, 4.250000002048365033, 1.320554750080261019 ) ) ;
#5385 = EDGE_LOOP ( 'NONE', ( #3705, #3116, #666, #3086 ) ) ;
#5386 = CARTESIAN_POINT ( 'NONE',  ( 30.63463462328720865, -1.999999999999997780, -4.000000000000000000 ) ) ;
#5387 = CARTESIAN_POINT ( 'NONE',  ( 31.00963462533560033, -5.188101187499997380, -1.320554750080271678 ) ) ;
#5388 = CARTESIAN_POINT ( 'NONE',  ( 41.22838462533560033, 0.2543279687901365826, 2.254327968790134751 ) ) ;
#5389 = ORIENTED_EDGE ( 'NONE', *, *, #1606, .T. ) ;
#5390 = CARTESIAN_POINT ( 'NONE',  ( 2.828427124746220489, -6.062500000000005329, -2.828427124746171639 ) ) ;
#5391 = CARTESIAN_POINT ( 'NONE',  ( 33.16588462533560033, 1.188101187500002043, 1.952148957314875467E-16 ) ) ;
#5392 = DIRECTION ( 'NONE',  ( -3.430248998885766570E-15, 1.000000000000000000, -0.000000000000000000 ) ) ;
#5393 = CARTESIAN_POINT ( 'NONE',  ( -3.188101187499960520, 4.625000002048365921, 1.320554750080261019 ) ) ;
#5394 = CARTESIAN_POINT ( 'NONE',  ( 1.656854249492416997, -5.031250000000011546, 3.999999999999972911 ) ) ;
#5395 = CARTESIAN_POINT ( 'NONE',  ( 3.999999999999855227, -4.562514301694934993, 7.923783292245884356E-07 ) ) ;
#5396 = CARTESIAN_POINT ( 'NONE',  ( 40.10338462533560033, -4.254327968790133419, 2.254327968790133863 ) ) ;
#5397 =( BOUNDED_CURVE ( )  B_SPLINE_CURVE ( 2, ( #1354, #7097, #877, #1467, #3154, #2037, #6534, #6571, #3718 ),
 .UNSPECIFIED., .F., .T. ) 
 B_SPLINE_CURVE_WITH_KNOTS ( ( 3, 2, 2, 2, 3 ),
 ( 0.04687395395262006909, 0.05859243713084055089, 0.07031092455700865829, 0.08202941198317675875, 0.09374792269661524902 ),
 .UNSPECIFIED. ) 
 CURVE ( )  GEOMETRIC_REPRESENTATION_ITEM ( )  RATIONAL_B_SPLINE_CURVE ( ( 1.000000000000000000, 0.9238795325112867385, 1.000000000000000000, 0.9238795325112867385, 1.000000000000000000, 0.9238795325112867385, 1.000000000000000000, 0.9238795325112867385, 1.000000000000000000 ) ) 
 REPRESENTATION_ITEM ( '' )  );
#5398 = COORDINATED_UNIVERSAL_TIME_OFFSET ( 8, 0, .AHEAD. ) ;
#5399 = EDGE_CURVE ( 'NONE', #5064, #6890, #6208, .T. ) ;
#5400 = CARTESIAN_POINT ( 'NONE',  ( 30.35338462738398135, -5.999999999999997335, 1.656854249492381248 ) ) ;
#5401 = CARTESIAN_POINT ( 'NONE',  ( 39.25963462533560744, 1.188101187500002043, 1.320554750080270123 ) ) ;
#5402 = CARTESIAN_POINT ( 'NONE',  ( 37.57213462738398846, -1.999999999999998224, 4.000000000000000000 ) ) ;
#5403 = CARTESIAN_POINT ( 'NONE',  ( 44.88463462533560033, -0.6794452499197283224, -3.188101187499999600 ) ) ;
#5404 = ORIENTED_EDGE ( 'NONE', *, *, #2835, .F. ) ;
#5405 = CARTESIAN_POINT ( 'NONE',  ( 42.35338462328720510, -5.999999999999997335, -1.656854249492382580 ) ) ;
#5406 = ORIENTED_EDGE ( 'NONE', *, *, #4104, .T. ) ;
#5407 = VERTEX_POINT ( 'NONE', #4505 ) ;
#5408 = CARTESIAN_POINT ( 'NONE',  ( 47.79088462533560033, -5.188101187499998268, -5.856446871944625661E-16 ) ) ;
#5409 = CARTESIAN_POINT ( 'NONE',  ( 1.656854249492376585, 6.031249999999992006, -3.999999999999974243 ) ) ;
#5410 = CARTESIAN_POINT ( 'NONE',  ( -3.188101187499959632, 4.156250002048365033, 0.000000000000000000 ) ) ;
#5411 = CARTESIAN_POINT ( 'NONE',  ( 3.188101187500008926, -2.124999997951613206, -1.320554750080259021 ) ) ;
#5412 = CARTESIAN_POINT ( 'NONE',  ( 50.88463462328721221, -1.999999999999998224, 4.000000000000000000 ) ) ;
#5413 = CARTESIAN_POINT ( 'NONE',  ( -2.828427124746144994, 0.6874999999999745759, 2.828427124746172083 ) ) ;
#5414 = CARTESIAN_POINT ( 'NONE',  ( -1.656854249492352382, 3.218749999999980460, -3.999999999999974243 ) ) ;
#5415 = CARTESIAN_POINT ( 'NONE',  ( 37.94713462328720510, -4.828427124746188959, -2.828427124746190735 ) ) ;
#5416 = EDGE_LOOP ( 'NONE', ( #2176, #4220, #5799, #3418 ) ) ;
#5417 = CARTESIAN_POINT ( 'NONE',  ( 3.999999999999972466, 7.343750000000000000, -1.656854249492375253 ) ) ;
#5418 = CARTESIAN_POINT ( 'NONE',  ( 3.188101187500004929, -1.093749997951614317, -3.904297914629718393E-16 ) ) ;
#5419 = CARTESIAN_POINT ( 'NONE',  ( 44.41588462328722642, 2.000000000000001776, -1.656854249492380138 ) ) ;
#5420 = CARTESIAN_POINT ( 'NONE',  ( 29.04088462328720865, -3.656854249492377917, -4.000000000000000888 ) ) ;
#5421 = CARTESIAN_POINT ( 'NONE',  ( 4.919416581195755753E-14, -5.968749997951626085, 3.188101187499973399 ) ) ;
#5422 = CARTESIAN_POINT ( 'NONE',  ( -1.656854249492316633, -7.281250000000021316, -3.999999999999974243 ) ) ;
#5423 = CARTESIAN_POINT ( 'NONE',  ( 1.652659323699860949E-14, 3.312500004096765593, -3.999999999999974243 ) ) ;
#5424 = CARTESIAN_POINT ( 'NONE',  ( 35.32213462533561454, -5.188101187499998268, 1.320554750080270345 ) ) ;
#5425 = CARTESIAN_POINT ( 'NONE',  ( 38.88463462533560033, -5.188101187499997380, -1.320554750080271678 ) ) ;
#5426 = VERTEX_POINT ( 'NONE', #6783 ) ;
#5427 = CARTESIAN_POINT ( 'NONE',  ( 34.29088462533559323, -1.999999999999997780, -3.188101187500000488 ) ) ;
#5428 = CARTESIAN_POINT ( 'NONE',  ( 1.656854249492422548, -7.281249995903230854, -3.999999999999974243 ) ) ;
#5429 = CARTESIAN_POINT ( 'NONE',  ( -2.254327968790108994, 6.218750002048368586, 2.254327968790116543 ) ) ;
#5430 =( BOUNDED_CURVE ( )  B_SPLINE_CURVE ( 2, ( #247, #1366, #7112, #3656, #5910, #3764, #926, #815, #1904 ),
 .UNSPECIFIED., .F., .T. ) 
 B_SPLINE_CURVE_WITH_KNOTS ( ( 3, 2, 2, 2, 3 ),
 ( 0.06250000000000004163, 0.07031250000000005551, 0.07812500000000005551, 0.08593750000000005551, 0.09375000000000006939 ),
 .UNSPECIFIED. ) 
 CURVE ( )  GEOMETRIC_REPRESENTATION_ITEM ( )  RATIONAL_B_SPLINE_CURVE ( ( 0.9999999999999995559, 0.9238795325112871826, 1.000000000000000000, 0.9238795325112867385, 1.000000000000000000, 0.9238795325112867385, 1.000000000000000000, 0.9238795325112860723, 1.000000000000000666 ) ) 
 REPRESENTATION_ITEM ( '' )  );
#5431 = CARTESIAN_POINT ( 'NONE',  ( 2.828427124746217380, -4.937500000000006217, 2.828427124746171195 ) ) ;
#5432 = LINE ( 'NONE', #2493, #162 ) ;
#5433 = CARTESIAN_POINT ( 'NONE',  ( 0.000000000000000000, 8.201801801801801517, 0.000000000000000000 ) ) ;
#5434 = CARTESIAN_POINT ( 'NONE',  ( 39.35338462533560033, 0.2543279687901365826, -2.254327968790134307 ) ) ;
#5435 = DATE_TIME_ROLE ( 'classification_date' ) ;
#5436 = CARTESIAN_POINT ( 'NONE',  ( 29.50963462738398491, 0.8284271247461921783, -2.828427124746189847 ) ) ;
#5437 = CARTESIAN_POINT ( 'NONE',  ( 38.88463462533560033, -0.6794452499197279893, -3.188101187500000488 ) ) ;
#5438 = PLANE ( 'NONE',  #3814 ) ;
#5439 = CARTESIAN_POINT ( 'NONE',  ( 45.25963462533561454, 1.188101187500001599, 1.320554750080270123 ) ) ;
#5440 = ORIENTED_EDGE ( 'NONE', *, *, #2845, .T. ) ;
#5441 = CARTESIAN_POINT ( 'NONE',  ( 37.29088462328721221, -0.3431457505076178638, 4.000000000000000000 ) ) ;
#5442 = ORIENTED_EDGE ( 'NONE', *, *, #4610, .F. ) ;
#5443 =( BOUNDED_CURVE ( )  B_SPLINE_CURVE ( 2, ( #2733, #2251, #4515, #6832, #3334, #5554, #968, #7355, #2287 ),
 .UNSPECIFIED., .F., .T. ) 
 B_SPLINE_CURVE_WITH_KNOTS ( ( 3, 2, 2, 2, 3 ),
 ( 0.7272727272727271819, 0.7386363636363635354, 0.7499999999999998890, 0.7613636363636362425, 0.7727272727272725961 ),
 .UNSPECIFIED. ) 
 CURVE ( )  GEOMETRIC_REPRESENTATION_ITEM ( )  RATIONAL_B_SPLINE_CURVE ( ( 1.000000000000000666, 0.9238795325112859613, 1.000000000000000000, 0.9238795325112867385, 1.000000000000000000, 0.9238795325112867385, 1.000000000000000000, 0.9238795325112875156, 0.9999999999999992228 ) ) 
 REPRESENTATION_ITEM ( '' )  );
#5444 = VERTEX_POINT ( 'NONE', #4946 ) ;
#5445 = CARTESIAN_POINT ( 'NONE',  ( 47.32213462533560744, -0.6794452499197284334, 3.188101187500000044 ) ) ;
#5446 = CARTESIAN_POINT ( 'NONE',  ( -2.254327968790096559, 2.468750002048368142, -2.254327968790116099 ) ) ;
#5447 = DIRECTION ( 'NONE',  ( 0.000000000000000000, 0.000000000000000000, 1.000000000000000000 ) ) ;
#5448 = CARTESIAN_POINT ( 'NONE',  ( 44.13463462738398846, -4.828427124746188959, -2.828427124746190735 ) ) ;
#5449 = EDGE_CURVE ( 'NONE', #257, #7131, #2903, .T. ) ;
#5450 = CARTESIAN_POINT ( 'NONE',  ( 2.586754262515351961E-14, 0.8749999999999851230, 3.999999999999974243 ) ) ;
#5451 = CARTESIAN_POINT ( 'NONE',  ( 39.07213462738398846, -1.999999999999998224, 4.000000000000000000 ) ) ;
#5452 = CARTESIAN_POINT ( 'NONE',  ( -2.828427124746149879, 1.812499999999974687, -2.828427124746171639 ) ) ;
#5453 = EDGE_LOOP ( 'NONE', ( #5794, #7095, #4032, #3558 ) ) ;
#5454 = CARTESIAN_POINT ( 'NONE',  ( 1.320554750080310091, -6.812499997951620756, -3.188101187499973843 ) ) ;
#5455 = CARTESIAN_POINT ( 'NONE',  ( 3.999999999999981792, 6.031250004096780692, -1.656854249492369924 ) ) ;
#5456 = CARTESIAN_POINT ( 'NONE',  ( -3.188101187499919220, -7.562499997951637631, -1.320554750080259021 ) ) ;
#5457 = CARTESIAN_POINT ( 'NONE',  ( 33.82213462328721221, 0.8284271247461921783, -2.828427124746189847 ) ) ;
#5458 = EDGE_CURVE ( 'NONE', #2618, #5147, #2319, .T. ) ;
#5459 = CARTESIAN_POINT ( 'NONE',  ( 3.188101187500006262, -1.187499997951614317, 1.320554750080258577 ) ) ;
#5460 = CARTESIAN_POINT ( 'NONE',  ( -1.656854249492361264, 5.468750004096760264, 3.999999999999972911 ) ) ;
#5461 = CARTESIAN_POINT ( 'NONE',  ( 11.37204627314278937, -8.919261262423223258, -4.024029673113005856 ) ) ;
#5462 = CARTESIAN_POINT ( 'NONE',  ( 32.60338462533560033, -4.254327968790132530, -2.254327968790135195 ) ) ;
#5463 = CARTESIAN_POINT ( 'NONE',  ( 34.10338462533560033, -4.254327968790133419, 2.254327968790133863 ) ) ;
#5464 = ORIENTED_EDGE ( 'NONE', *, *, #6917, .T. ) ;
#5465 = CARTESIAN_POINT ( 'NONE',  ( -3.999999999999920952, -6.906250000000031086, 1.656854249492372588 ) ) ;
#5466 = CARTESIAN_POINT ( 'NONE',  ( 32.13463462533560033, -3.320554750080270345, 3.188101187499999156 ) ) ;
#5467 = CYLINDRICAL_SURFACE ( 'NONE', #726, 3.999999999999974243 ) ;
#5468 = CARTESIAN_POINT ( 'NONE',  ( 45.91588462738398846, -0.3431457505076354608, -4.000000000000018652 ) ) ;
#5469 = CARTESIAN_POINT ( 'NONE',  ( 3.196271373198456497E-14, -1.187499995903235517, -3.999999999999974243 ) ) ;
#5470 = CIRCLE ( 'NONE', #6662, 15.00000000000000000 ) ;
#5471 = CARTESIAN_POINT ( 'NONE',  ( 3.999999999999974243, 8.201801801801815728, 4.898587196589381274E-16 ) ) ;
#5472 = CARTESIAN_POINT ( 'NONE',  ( 34.75963462533560744, -0.6794452499197283224, -3.188101187499999600 ) ) ;
#5473 = APPROVAL_STATUS ( 'not_yet_approved' ) ;
#5474 = CARTESIAN_POINT ( 'NONE',  ( 26.88463462738398491, 0.8284271247461921783, 2.828427124746190291 ) ) ;
#5475 = CARTESIAN_POINT ( 'NONE',  ( 36.16588462533560033, 1.188101187500002043, 1.952148957314875467E-16 ) ) ;
#5476 = CARTESIAN_POINT ( 'NONE',  ( 4.000000000000001776, 7.999999999999996447, 0.000000000000000000 ) ) ;
#5477 = CARTESIAN_POINT ( 'NONE',  ( 43.94713462533560033, -0.6794452499197284334, 3.188101187499999600 ) ) ;
#5478 = CARTESIAN_POINT ( 'NONE',  ( 40.19713462328721221, 0.8284271247461921783, 2.828427124746190291 ) ) ;
#5479 = ORIENTED_EDGE ( 'NONE', *, *, #316, .F. ) ;
#5480 = VERTEX_POINT ( 'NONE', #588 ) ;
#5481 = CARTESIAN_POINT ( 'NONE',  ( 44.50963462533560033, -3.320554750080270345, 3.188101187499999156 ) ) ;
#5482 = CARTESIAN_POINT ( 'NONE',  ( -2.828427124746160537, 5.187499999999975131, 2.828427124746172083 ) ) ;
#5483 = CARTESIAN_POINT ( 'NONE',  ( -2.254327968790101888, 3.968750002048368586, -2.254327968790116099 ) ) ;
#5484 = CARTESIAN_POINT ( 'NONE',  ( 49.57213462738398846, -1.999999999999998224, 4.000000000000000000 ) ) ;
#5485 = LINE ( 'NONE', #7246, #846 ) ;
#5486 =( BOUNDED_CURVE ( )  B_SPLINE_CURVE ( 2, ( #1464, #4371, #5452, #983, #5531, #7251, #4413, #6689, #1582 ),
 .UNSPECIFIED., .F., .T. ) 
 B_SPLINE_CURVE_WITH_KNOTS ( ( 3, 2, 2, 2, 3 ),
 ( 0.3636363636363635909, 0.3749999999999999445, 0.3863636363636362980, 0.3977272727272726516, 0.4090909090909090606 ),
 .UNSPECIFIED. ) 
 CURVE ( )  GEOMETRIC_REPRESENTATION_ITEM ( )  RATIONAL_B_SPLINE_CURVE ( ( 1.000000000000000444, 0.9238795325112864054, 1.000000000000000000, 0.9238795325112867385, 1.000000000000000000, 0.9238795325112867385, 1.000000000000000000, 0.9238795325112870716, 0.9999999999999996669 ) ) 
 REPRESENTATION_ITEM ( '' )  );
#5487 = AXIS2_PLACEMENT_3D ( 'NONE', #2547, #4260, #1422 ) ;
#5488 = CARTESIAN_POINT ( 'NONE',  ( 43.47838462738399556, -0.3431457505076359049, 4.000000000000018652 ) ) ;
#5489 = CARTESIAN_POINT ( 'NONE',  ( 50.13463462328721221, -1.999999999999997780, -4.000000000000000000 ) ) ;
#5490 = CARTESIAN_POINT ( 'NONE',  ( 13.15092250411616526, 1.986381273162975525, -6.940967891696528724 ) ) ;
#5491 = ADVANCED_FACE ( 'NONE', ( #3004 ), #4147, .T. ) ;
#5492 = ORIENTED_EDGE ( 'NONE', *, *, #6327, .F. ) ;
#5493 = CARTESIAN_POINT ( 'NONE',  ( -3.188101187499928990, -4.843749997951636743, 0.000000000000000000 ) ) ;
#5494 = CARTESIAN_POINT ( 'NONE',  ( -3.999999999999939160, -5.593750000000028422, -1.656854249492357489 ) ) ;
#5495 = CARTESIAN_POINT ( 'NONE',  ( 2.254327968790147185, -0.9062499979516176474, -2.254327968790116099 ) ) ;
#5496 = CARTESIAN_POINT ( 'NONE',  ( 6.235846240341308989E-15, 6.312500004096765593, -3.999999999999974243 ) ) ;
#5497 = CARTESIAN_POINT ( 'NONE',  ( -3.999999999999941824, -1.000000000000028644, 0.000000000000000000 ) ) ;
#5498 = CARTESIAN_POINT ( 'NONE',  ( 32.22838462533560033, -4.254327968790133419, 2.254327968790133863 ) ) ;
#5499 = CARTESIAN_POINT ( 'NONE',  ( 34.38463462533560033, -5.188101187499997380, -1.320554750080271678 ) ) ;
#5500 = CARTESIAN_POINT ( 'NONE',  ( 35.69713462738398135, 2.000000000000001776, 2.449293598294706414E-16 ) ) ;
#5501 = LOCAL_TIME ( 2, 47, 55.00000000000000000, #3522 ) ;
#5502 = ORIENTED_EDGE ( 'NONE', *, *, #177, .T. ) ;
#5503 = CARTESIAN_POINT ( 'NONE',  ( 30.54088462533560033, -1.999999999999998224, 3.188101187500000488 ) ) ;
#5504 = CARTESIAN_POINT ( 'NONE',  ( 30.54088462738398491, -5.999999999999997335, -1.656854249492382580 ) ) ;
#5505 = CARTESIAN_POINT ( 'NONE',  ( -3.188101187499945421, -0.06249999795163597299, -1.320554750080259021 ) ) ;
#5506 = CARTESIAN_POINT ( 'NONE',  ( 1.656854249492396569, 0.2187500040967708392, -3.999999999999974243 ) ) ;
#5507 = AXIS2_PLACEMENT_3D ( 'NONE', #4821, #1497, #1538 ) ;
#5508 = CARTESIAN_POINT ( 'NONE',  ( -3.999999999995337063, 5.187499659853971323, -6.083825333786885543E-06 ) ) ;
#5509 = DIRECTION ( 'NONE',  ( 0.000000000000000000, 0.000000000000000000, 1.000000000000000000 ) ) ;
#5510 = CARTESIAN_POINT ( 'NONE',  ( 37.38463462533560033, -5.188101187499997380, -1.320554750080271678 ) ) ;
#5511 = CARTESIAN_POINT ( 'NONE',  ( 49.38463462533560744, -5.188101187499997380, -1.320554750080271678 ) ) ;
#5512 = ADVANCED_FACE ( 'NONE', ( #3998 ), #155, .F. ) ;
#5513 = CARTESIAN_POINT ( 'NONE',  ( 49.29088462533560033, -1.999999999999997780, -3.188101187500000488 ) ) ;
#5514 = CARTESIAN_POINT ( 'NONE',  ( 35.50963462533560033, -5.188101187499998268, -1.320554750080271900 ) ) ;
#5515 = CARTESIAN_POINT ( 'NONE',  ( 50.88463462328721221, -1.999999999999998224, 0.000000000000000000 ) ) ;
#5516 = CARTESIAN_POINT ( 'NONE',  ( 46.57213462533560033, 1.188101187500001599, -1.320554750080269679 ) ) ;
#5517 = CARTESIAN_POINT ( 'NONE',  ( 38.69713462328720510, 0.8284271247461921783, 2.828427124746190291 ) ) ;
#5518 = ORIENTED_EDGE ( 'NONE', *, *, #1973, .T. ) ;
#5519 = ORIENTED_EDGE ( 'NONE', *, *, #648, .T. ) ;
#5520 = DATE_AND_TIME ( #3255, #7051 ) ;
#5521 = CARTESIAN_POINT ( 'NONE',  ( 42.44713462533560033, 1.188101187500001599, -1.320554750080269679 ) ) ;
#5522 = CARTESIAN_POINT ( 'NONE',  ( 43.85338462738398135, -5.999999999999997335, 1.656854249492381248 ) ) ;
#5523 = CARTESIAN_POINT ( 'NONE',  ( -1.656854249492368147, 7.718749999999980460, -3.999999999999974243 ) ) ;
#5524 = CARTESIAN_POINT ( 'NONE',  ( 27.44713462328720865, -4.828427124746188959, -2.828427124746190735 ) ) ;
#5525 = CARTESIAN_POINT ( 'NONE',  ( 1.496837848989537648E-14, 3.781250002048376135, -3.188101187499973399 ) ) ;
#5526 = CARTESIAN_POINT ( 'NONE',  ( 3.188101187500029798, -8.218749997951615427, -3.904297914629718393E-16 ) ) ;
#5527 = CARTESIAN_POINT ( 'NONE',  ( 43.85338462738398846, -5.999999999999997335, 1.656854249492381248 ) ) ;
#5528 = CARTESIAN_POINT ( 'NONE',  ( 3.188101187499978284, 6.781250002048388126, -3.904297914629718393E-16 ) ) ;
#5529 = CARTESIAN_POINT ( 'NONE',  ( 47.32213462533560744, -0.6794452499197284334, 3.188101187499999600 ) ) ;
#5530 = DIRECTION ( 'NONE',  ( -1.000000000000000000, -3.430248998885765387E-15, 0.000000000000000000 ) ) ;
#5531 = CARTESIAN_POINT ( 'NONE',  ( 2.231513843667132040E-14, 1.624999999999984901, -3.999999999999974243 ) ) ;
#5532 = ORIENTED_EDGE ( 'NONE', *, *, #383, .T. ) ;
#5533 = CARTESIAN_POINT ( 'NONE',  ( 5.098599297819592981E-14, -6.718749997951625197, -3.188101187499973399 ) ) ;
#5534 = DIRECTION ( 'NONE',  ( -3.430248998885766570E-15, 1.000000000000000000, -0.000000000000000000 ) ) ;
#5535 = CARTESIAN_POINT ( 'NONE',  ( 32.41588462328720510, 2.000000000000001776, -1.656854249492380360 ) ) ;
#5536 = CARTESIAN_POINT ( 'NONE',  ( -3.188101187499928546, -4.937499997951636743, -1.320554750080258799 ) ) ;
#5537 = CARTESIAN_POINT ( 'NONE',  ( -3.999999999999963141, 5.281250004096751383, 1.656854249492372588 ) ) ;
#5538 = CARTESIAN_POINT ( 'NONE',  ( 11.18985415460543997, -9.946875970297094582, -1.059617852037159080 ) ) ;
#5539 = CARTESIAN_POINT ( 'NONE',  ( 32.88463462533560033, -0.6794452499197283224, -3.188101187499999600 ) ) ;
#5540 = CARTESIAN_POINT ( 'NONE',  ( 32.04088462533560033, 1.188101187500001599, 1.952148957314875220E-16 ) ) ;
#5541 = CARTESIAN_POINT ( 'NONE',  ( 31.19713462533560389, -5.188101187499998268, 1.320554750080270567 ) ) ;
#5542 = EDGE_LOOP ( 'NONE', ( #863, #1488, #4620, #2720, #729 ) ) ;
#5543 = CARTESIAN_POINT ( 'NONE',  ( 4.000000000000028422, -7.656250000000002665, -1.656854249492369924 ) ) ;
#5544 = CARTESIAN_POINT ( 'NONE',  ( 29.22838462533560033, -4.254327968790133419, 2.254327968790134307 ) ) ;
#5545 = CARTESIAN_POINT ( 'NONE',  ( 33.54088462738398846, -5.999999999999997335, -1.656854249492382580 ) ) ;
#5546 = CARTESIAN_POINT ( 'NONE',  ( 1.320554750080287221, 0.5000000020483801322, 3.188101187499972955 ) ) ;
#5547 = CARTESIAN_POINT ( 'NONE',  ( 3.036974442213811551E-14, -0.4374999959032349062, 3.999999999999974243 ) ) ;
#5548 = ORIENTED_EDGE ( 'NONE', *, *, #7202, .T. ) ;
#5549 = CARTESIAN_POINT ( 'NONE',  ( 2.007899742548081185E-14, 2.562500004096765149, 3.999999999999974243 ) ) ;
#5550 = CARTESIAN_POINT ( 'NONE',  ( -3.999999999999968914, 6.593750004096754047, -1.656854249492369702 ) ) ;
#5551 = CARTESIAN_POINT ( 'NONE',  ( 32.04088462533560033, 1.188101187500001599, 1.952148957314875220E-16 ) ) ;
#5552 = CARTESIAN_POINT ( 'NONE',  ( 28.85338462533560033, 0.2543279687901365826, 2.254327968790134751 ) ) ;
#5553 = CARTESIAN_POINT ( 'NONE',  ( 45.35338462533560033, 0.2543279687901370267, 2.254327968790135195 ) ) ;
#5554 = CARTESIAN_POINT ( 'NONE',  ( 1.656854249492412778, -4.468750000000010658, -3.999999999999974243 ) ) ;
#5555 = CARTESIAN_POINT ( 'NONE',  ( 37.85338462533560033, 0.2543279687901365826, 2.254327968790134751 ) ) ;
#5556 = CARTESIAN_POINT ( 'NONE',  ( 36.44713462328720510, -4.828427124746188959, -2.828427124746190735 ) ) ;
#5557 = EDGE_CURVE ( 'NONE', #7157, #5177, #2978, .T. ) ;
#5558 = ORIENTED_EDGE ( 'NONE', *, *, #5300, .F. ) ;
#5559 = CARTESIAN_POINT ( 'NONE',  ( 26.88463462328720865, -1.999999999999998224, 4.000000000000000000 ) ) ;
#5560 = VECTOR ( 'NONE', #1389, 1000.000000000000000 ) ;
#5561 = PERSON_AND_ORGANIZATION ( #6710, #6828 ) ;
#5562 = CARTESIAN_POINT ( 'NONE',  ( 40.00963462533560744, -3.320554750080270345, 3.188101187499999156 ) ) ;
#5563 = CARTESIAN_POINT ( 'NONE',  ( -3.999999999999973355, 7.906249999999972466, -1.656854249492369702 ) ) ;
#5564 = CARTESIAN_POINT ( 'NONE',  ( 40.19713462738398846, 2.000000000000001776, 2.449293598294706414E-16 ) ) ;
#5565 = CARTESIAN_POINT ( 'NONE',  ( 50.04088462533560033, -1.999999999999998224, 3.188101187500000488 ) ) ;
#5566 = CARTESIAN_POINT ( 'NONE',  ( -3.188101187499939204, -1.843749997951635855, 0.000000000000000000 ) ) ;
#5567 = CARTESIAN_POINT ( 'NONE',  ( 3.188101187500025802, -6.812499997951613651, 1.320554750080258577 ) ) ;
#5568 = CARTESIAN_POINT ( 'NONE',  ( 47.13463462738398846, -4.828427124746188959, -2.828427124746190735 ) ) ;
#5569 = CARTESIAN_POINT ( 'NONE',  ( 3.188101187499989386, 3.687500002048387238, 1.320554750080258577 ) ) ;
#5570 = CARTESIAN_POINT ( 'NONE',  ( 42.91588462738398846, -0.3431457505075994341, -3.999999999999981792 ) ) ;
#5571 = CARTESIAN_POINT ( 'NONE',  ( 13.15161808716779035, 1.990186086908954488, 6.953404669665293802 ) ) ;
#5572 = CARTESIAN_POINT ( 'NONE',  ( 41.69713462328721221, 0.8284271247461921783, 2.828427124746190291 ) ) ;
#5573 = ORIENTED_EDGE ( 'NONE', *, *, #1492, .T. ) ;
#5574 = CARTESIAN_POINT ( 'NONE',  ( 5.613136647652459110E-14, -8.218749997951626085, -3.188101187499973399 ) ) ;
#5575 = CARTESIAN_POINT ( 'NONE',  ( 42.07213462738398846, -1.999999999999998224, 4.000000000000000000 ) ) ;
#5576 = CARTESIAN_POINT ( 'NONE',  ( 30.63463462328720865, -1.999999999999997780, -4.000000000000000000 ) ) ;
#5577 = CARTESIAN_POINT ( 'NONE',  ( -1.320554750080220607, -3.062499997951629638, 3.188101187499973399 ) ) ;
#5578 = CARTESIAN_POINT ( 'NONE',  ( 1.656854249492380804, 5.656250004096772699, 3.999999999999972911 ) ) ;
#5579 = CARTESIAN_POINT ( 'NONE',  ( 12.11494582601587311, -4.557444148856657051, -7.584690931323197383 ) ) ;
#5580 = DIRECTION ( 'NONE',  ( -1.000000000000000000, -0.000000000000000000, -0.000000000000000000 ) ) ;
#5581 = CARTESIAN_POINT ( 'NONE',  ( 32.22838462533560033, 0.2543279687901365826, 2.254327968790134751 ) ) ;
#5582 = CARTESIAN_POINT ( 'NONE',  ( 27.44713462533560033, 1.188101187500001599, -1.320554750080269679 ) ) ;
#5583 = CARTESIAN_POINT ( 'NONE',  ( 28.29088462328720865, -0.3431457505076178638, 4.000000000000000000 ) ) ;
#5584 = ORIENTED_EDGE ( 'NONE', *, *, #5371, .T. ) ;
#5585 = CARTESIAN_POINT ( 'NONE',  ( -3.999999999999927169, -5.500000000000029310, 0.000000000000000000 ) ) ;
#5586 = CARTESIAN_POINT ( 'NONE',  ( 29.97838462533560033, 0.2543279687901370267, -2.254327968790134751 ) ) ;
#5587 = CARTESIAN_POINT ( 'NONE',  ( 4.066049141879541916E-14, -3.437499995903235739, 3.999999999999974243 ) ) ;
#5588 = EDGE_CURVE ( 'NONE', #2543, #1224, #873, .T. ) ;
#5589 = CARTESIAN_POINT ( 'NONE',  ( -1.320554750080230155, -0.2499999979516291937, -3.188101187499973399 ) ) ;
#5590 = CARTESIAN_POINT ( 'NONE',  ( -1.656854249492340836, -0.5312499959032410679, 3.999999999999972911 ) ) ;
#5591 = CARTESIAN_POINT ( 'NONE',  ( 30.54088462533560033, 1.188101187500001599, 1.952148957314875220E-16 ) ) ;
#5592 = CARTESIAN_POINT ( 'NONE',  ( 28.38463462533560033, -0.6794452499197283224, -3.188101187499999600 ) ) ;
#5593 = CARTESIAN_POINT ( 'NONE',  ( 43.94713462533560033, -0.6794452499197284334, 3.188101187500000044 ) ) ;
#5594 = CARTESIAN_POINT ( 'NONE',  ( 34.19713462533560033, -3.320554750080268125, -3.188101187500001377 ) ) ;
#5595 = CARTESIAN_POINT ( 'NONE',  ( -2.828427124746118793, -7.187500000000027534, -2.828427124746171639 ) ) ;
#5596 = EDGE_CURVE ( 'NONE', #5830, #1791, #2645, .T. ) ;
#5597 = CARTESIAN_POINT ( 'NONE',  ( 37.66588462533560033, 1.188101187500001599, 1.952148957314875220E-16 ) ) ;
#5598 = CARTESIAN_POINT ( 'NONE',  ( 34.85338462328720510, -5.999999999999997335, -1.656854249492382580 ) ) ;
#5599 = CIRCLE ( 'NONE', #2625, 3.999999999999946265 ) ;
#5600 = VERTEX_POINT ( 'NONE', #4184 ) ;
#5601 = CARTESIAN_POINT ( 'NONE',  ( -3.999999999999974243, 8.201801801801787306, 0.000000000000000000 ) ) ;
#5602 = DIRECTION ( 'NONE',  ( 1.000000000000000000, 0.000000000000000000, 0.000000000000000000 ) ) ;
#5603 = CARTESIAN_POINT ( 'NONE',  ( 41.88463462533560744, -5.188101187499997380, -1.320554750080271678 ) ) ;
#5604 = CARTESIAN_POINT ( 'NONE',  ( -3.999999999999974243, 8.201801801801787306, 0.000000000000000000 ) ) ;
#5605 = CARTESIAN_POINT ( 'NONE',  ( 39.72838462738398135, -3.656854249492377917, -4.000000000000000888 ) ) ;
#5606 = CARTESIAN_POINT ( 'NONE',  ( 32.88463462328721221, -1.999999999999998224, 4.000000000000000000 ) ) ;
#5607 = CARTESIAN_POINT ( 'NONE',  ( -2.254327968790076131, -3.531249997951633635, -2.254327968790116099 ) ) ;
#5608 = FACE_OUTER_BOUND ( 'NONE', #1541, .T. ) ;
#5609 = CARTESIAN_POINT ( 'NONE',  ( 1.656854249492381248, 5.468749999999991118, 3.999999999999973355 ) ) ;
#5610 = CARTESIAN_POINT ( 'NONE',  ( 3.188101187499994271, 2.187500002048386794, 1.320554750080258577 ) ) ;
#5611 = CARTESIAN_POINT ( 'NONE',  ( 49.29088462328721221, -0.3431457505076178638, 4.000000000000000000 ) ) ;
#5612 = CARTESIAN_POINT ( 'NONE',  ( 12.52996408614166235, -1.999999999999998224, -8.000000000000008882 ) ) ;
#5613 = CARTESIAN_POINT ( 'NONE',  ( 1.656854249492376807, 6.031249999999992006, -3.999999999999974243 ) ) ;
#5614 = CARTESIAN_POINT ( 'NONE',  ( 5.286048631838917825E-15, 6.874999999999985789, 3.999999999999974243 ) ) ;
#5615 = EDGE_CURVE ( 'NONE', #3066, #4414, #5699, .T. ) ;
#5616 = VERTEX_POINT ( 'NONE', #4779 ) ;
#5617 = CARTESIAN_POINT ( 'NONE',  ( -3.188101187499923217, -6.437499997951636743, -1.320554750080258799 ) ) ;
#5618 = VECTOR ( 'NONE', #4930, 1000.000000000000000 ) ;
#5619 = DIRECTION ( 'NONE',  ( 0.000000000000000000, 0.000000000000000000, -1.000000000000000000 ) ) ;
#5620 =( BOUNDED_CURVE ( )  B_SPLINE_CURVE ( 2, ( #6314, #5063, #4059, #3441, #1676, #5732, #5695, #621, #2349 ),
 .UNSPECIFIED., .F., .T. ) 
 B_SPLINE_CURVE_WITH_KNOTS ( ( 3, 2, 2, 2, 3 ),
 ( 0.5000000000000001110, 0.5078125000000001110, 0.5156250000000001110, 0.5234375000000001110, 0.5312500000000001110 ),
 .UNSPECIFIED. ) 
 CURVE ( )  GEOMETRIC_REPRESENTATION_ITEM ( )  RATIONAL_B_SPLINE_CURVE ( ( 0.9999999999999988898, 0.9238795325112878487, 1.000000000000000000, 0.9238795325112867385, 1.000000000000000000, 0.9238795325112867385, 1.000000000000000000, 0.9238795325112856283, 1.000000000000001110 ) ) 
 REPRESENTATION_ITEM ( '' )  );
#5621 = LINE ( 'NONE', #2797, #2926 ) ;
#5622 = CARTESIAN_POINT ( 'NONE',  ( -1.656854249492335507, -2.031249995903240624, 3.999999999999972911 ) ) ;
#5623 = DIRECTION ( 'NONE',  ( -1.000000000000000000, -3.469446951953618133E-15, 0.000000000000000000 ) ) ;
#5624 = CARTESIAN_POINT ( 'NONE',  ( 35.60338462533560744, -4.254327968790133419, 2.254327968790133863 ) ) ;
#5625 = CARTESIAN_POINT ( 'NONE',  ( 50.88463462328721221, -1.999999999999997780, -4.000000000000000000 ) ) ;
#5626 = VERTEX_POINT ( 'NONE', #7055 ) ;
#5627 = CARTESIAN_POINT ( 'NONE',  ( 4.000000000000018652, -4.750000000000002665, -4.898587196589381274E-16 ) ) ;
#5628 = CARTESIAN_POINT ( 'NONE',  ( 29.69713462533560744, -3.320554750080268569, -3.188101187500000933 ) ) ;
#5629 = CARTESIAN_POINT ( 'NONE',  ( 33.63463462738398846, -4.828427124746188959, -2.828427124746190735 ) ) ;
#5630 = CARTESIAN_POINT ( 'NONE',  ( 3.188101187499993827, 2.375000002048386794, -1.320554750080259243 ) ) ;
#5631 = CARTESIAN_POINT ( 'NONE',  ( -2.254327968790067693, -5.781249997951632302, 2.254327968790116543 ) ) ;
#5632 = CARTESIAN_POINT ( 'NONE',  ( 2.828427124746209387, -2.874999995903225969, -2.828427124746171639 ) ) ;
#5633 = CARTESIAN_POINT ( 'NONE',  ( 3.999999999997201794, -1.562440428417912308, -3.278214128716870046E-06 ) ) ;
#5634 = CARTESIAN_POINT ( 'NONE',  ( 31.10338462533560033, -4.254327968790133419, 2.254327968790133863 ) ) ;
#5635 = CARTESIAN_POINT ( 'NONE',  ( 26.79088462533560033, -1.999999999999997780, -3.188101187500000044 ) ) ;
#5636 = CIRCLE ( 'NONE', #5035, 13.74772708486751682 ) ;
#5637 = CARTESIAN_POINT ( 'NONE',  ( 43.66588462533560744, 1.188101187500002043, 1.952148957314875467E-16 ) ) ;
#5638 = CARTESIAN_POINT ( 'NONE',  ( 31.29088462533560033, -1.999999999999997780, -3.188101187500000488 ) ) ;
#5639 = CARTESIAN_POINT ( 'NONE',  ( 5.318737942664321874E-14, -7.375000000000016875, -3.999999999999974243 ) ) ;
#5640 = CARTESIAN_POINT ( 'NONE',  ( 37.10338462533560033, -4.254327968790132530, -2.254327968790135195 ) ) ;
#5641 = ORIENTED_EDGE ( 'NONE', *, *, #5449, .T. ) ;
#5642 = CARTESIAN_POINT ( 'NONE',  ( 27.54088462738398491, -5.999999999999997335, -1.656854249492382580 ) ) ;
#5643 = CARTESIAN_POINT ( 'NONE',  ( 39.82213462533560033, -0.6794452499197284334, 3.188101187500000044 ) ) ;
#5644 = CARTESIAN_POINT ( 'NONE',  ( 38.69713462738398846, 2.000000000000001776, 2.449293598294706414E-16 ) ) ;
#5645 = CARTESIAN_POINT ( 'NONE',  ( 25.88463462328721221, -1.999999999999997335, -4.000000000000000000 ) ) ;
#5646 = CARTESIAN_POINT ( 'NONE',  ( -3.188101187499948974, 1.062500002048364145, -1.320554750080259021 ) ) ;
#5647 = LINE ( 'NONE', #1292, #6539 ) ;
#5648 = CARTESIAN_POINT ( 'NONE',  ( 2.254327968790130310, 3.968750002048384129, -2.254327968790116099 ) ) ;
#5649 = CARTESIAN_POINT ( 'NONE',  ( 48.91588462328722642, 2.000000000000001776, -1.656854249492380360 ) ) ;
#5650 = CARTESIAN_POINT ( 'NONE',  ( 49.85338462533560033, 0.2543279687901365826, -2.254327968790134307 ) ) ;
#5651 = CARTESIAN_POINT ( 'NONE',  ( 13.64326342130761383, 5.284604905468317959, 3.317085941249730663 ) ) ;
#5652 = VECTOR ( 'NONE', #7337, 1000.000000000000000 ) ;
#5653 = CARTESIAN_POINT ( 'NONE',  ( 29.88463462328720510, -1.999999999999998224, 4.000000000000000000 ) ) ;
#5654 = CARTESIAN_POINT ( 'NONE',  ( 2.254327968790130310, 3.968750002048384129, -2.254327968790116099 ) ) ;
#5655 = CARTESIAN_POINT ( 'NONE',  ( 41.69713462738398846, 2.000000000000001776, 2.449293598294706414E-16 ) ) ;
#5656 = AXIS2_PLACEMENT_3D ( 'NONE', #1124, #7228, #5032 ) ;
#5657 = CARTESIAN_POINT ( 'NONE',  ( 3.188101187500025802, -7.093749997951614539, -3.904297914629718393E-16 ) ) ;
#5658 = EDGE_CURVE ( 'NONE', #5426, #184, #1957, .T. ) ;
#5659 = CARTESIAN_POINT ( 'NONE',  ( 4.000000000000003553, -0.1562499959032208063, 1.656854249492369036 ) ) ;
#5660 = CARTESIAN_POINT ( 'NONE',  ( 44.60338462738398846, 2.000000000000001776, -1.656854249492380138 ) ) ;
#5661 = CARTESIAN_POINT ( 'NONE',  ( 29.32213462533559678, -0.6794452499197284334, 3.188101187499999600 ) ) ;
#5662 = EDGE_LOOP ( 'NONE', ( #2291, #222, #3402, #2841 ) ) ;
#5663 = CARTESIAN_POINT ( 'NONE',  ( 2.828427124746210275, -3.062500000000004441, -2.828427124746171639 ) ) ;
#5664 = CARTESIAN_POINT ( 'NONE',  ( 29.50963462533559678, -5.188101187499998268, -1.320554750080271900 ) ) ;
#5665 = FACE_OUTER_BOUND ( 'NONE', #5453, .T. ) ;
#5666 =( BOUNDED_CURVE ( )  B_SPLINE_CURVE ( 2, ( #5858, #4188, #691, #3075, #763, #1890, #7022, #5334, #232 ),
 .UNSPECIFIED., .F., .F. ) 
 B_SPLINE_CURVE_WITH_KNOTS ( ( 3, 2, 2, 2, 3 ),
 ( 0.1818181818181818232, 0.1931818181818181768, 0.2045454545454545303, 0.2159090909090908839, 0.2272727272727272374 ),
 .UNSPECIFIED. ) 
 CURVE ( )  GEOMETRIC_REPRESENTATION_ITEM ( )  RATIONAL_B_SPLINE_CURVE ( ( 1.000000000000000000, 0.9238795325112867385, 1.000000000000000000, 0.9238795325112867385, 1.000000000000000000, 0.9238795325112867385, 1.000000000000000000, 0.9238795325112869605, 0.9999999999999997780 ) ) 
 REPRESENTATION_ITEM ( '' )  );
#5667 = CARTESIAN_POINT ( 'NONE',  ( 1.320554750080288331, -0.4374999979516206450, -3.188101187499973399 ) ) ;
#5668 = CARTESIAN_POINT ( 'NONE',  ( 2.254327968790150738, -2.031249997951616759, -2.254327968790116099 ) ) ;
#5669 = CARTESIAN_POINT ( 'NONE',  ( 4.677631493238076773E-15, 6.781250002048376579, -3.188101187499973399 ) ) ;
#5670 = CARTESIAN_POINT ( 'NONE',  ( 2.828427124746183630, 4.625000004096775363, -2.828427124746171639 ) ) ;
#5671 = CARTESIAN_POINT ( 'NONE',  ( 29.79088462533560033, -5.188101187499998268, -5.856446871944625661E-16 ) ) ;
#5672 = CARTESIAN_POINT ( 'NONE',  ( 43.75963462533561454, -0.6794452499197283224, -3.188101187499999600 ) ) ;
#5673 = CARTESIAN_POINT ( 'NONE',  ( 45.63463462533560033, -3.320554750080270345, 3.188101187499999156 ) ) ;
#5674 = CARTESIAN_POINT ( 'NONE',  ( 45.72838462328721221, -0.3431457505076445091, -4.000000000000027534 ) ) ;
#5675 = CARTESIAN_POINT ( 'NONE',  ( 38.32213462533560744, -5.188101187499998268, 1.320554750080270345 ) ) ;
#5676 = ORIENTED_EDGE ( 'NONE', *, *, #4814, .F. ) ;
#5677 = CARTESIAN_POINT ( 'NONE',  ( -2.828427124746129895, -3.999999995903245953, -2.828427124746171639 ) ) ;
#5678 =( NAMED_UNIT ( * ) SI_UNIT ( $, .STERADIAN. ) SOLID_ANGLE_UNIT ( ) );
#5679 = CARTESIAN_POINT ( 'NONE',  ( 40.57213462533560033, -3.320554750080268125, -3.188101187500000933 ) ) ;
#5680 = CARTESIAN_POINT ( 'NONE',  ( 40.57213462738398846, -1.999999999999998224, 4.000000000000000000 ) ) ;
#5681 = CARTESIAN_POINT ( 'NONE',  ( 47.50963462533560744, -5.188101187499998268, -1.320554750080271900 ) ) ;
#5682 = CARTESIAN_POINT ( 'NONE',  ( 3.188101187500010258, -2.593749997951614095, -3.904297914629718393E-16 ) ) ;
#5683 = FACE_OUTER_BOUND ( 'NONE', #7106, .T. ) ;
#5684 = DIRECTION ( 'NONE',  ( -1.000000000000000000, -0.000000000000000000, -0.000000000000000000 ) ) ;
#5685 = CARTESIAN_POINT ( 'NONE',  ( 1.320554750080278117, 2.562500002048380132, -3.188101187499973843 ) ) ;
#5686 = CARTESIAN_POINT ( 'NONE',  ( 46.19713462533560744, -5.188101187499998268, 1.320554750080270345 ) ) ;
#5687 = CARTESIAN_POINT ( 'NONE',  ( 34.85338462328720510, -5.999999999999997335, -1.656854249492382580 ) ) ;
#5688 = CARTESIAN_POINT ( 'NONE',  ( 50.88463462328721221, -1.999999999999998224, 0.000000000000000000 ) ) ;
#5689 = CARTESIAN_POINT ( 'NONE',  ( 3.188101187499994271, 2.187500002048386794, 1.320554750080258577 ) ) ;
#5690 = CARTESIAN_POINT ( 'NONE',  ( 39.07213462328720510, -4.828427124746188959, 2.828427124746189403 ) ) ;
#5691 = CYLINDRICAL_SURFACE ( 'NONE', #7073, 3.999999999999974243 ) ;
#5692 = CARTESIAN_POINT ( 'NONE',  ( -2.828427124746135224, -2.124999995903244177, 2.828427124746172083 ) ) ;
#5693 =( BOUNDED_CURVE ( )  B_SPLINE_CURVE ( 2, ( #2693, #4956, #1802, #669, #6933, #3487, #5742, #5833, #5280 ),
 .UNSPECIFIED., .F., .T. ) 
 B_SPLINE_CURVE_WITH_KNOTS ( ( 3, 2, 2, 2, 3 ),
 ( 0.03125000000000002082, 0.03906250000000002776, 0.04687500000000002776, 0.05468750000000003469, 0.06250000000000004163 ),
 .UNSPECIFIED. ) 
 CURVE ( )  GEOMETRIC_REPRESENTATION_ITEM ( )  RATIONAL_B_SPLINE_CURVE ( ( 0.9999999999999997780, 0.9238795325112869605, 1.000000000000000000, 0.9238795325112867385, 1.000000000000000000, 0.9238795325112867385, 1.000000000000000000, 0.9238795325112862944, 1.000000000000000444 ) ) 
 REPRESENTATION_ITEM ( '' )  );
#5694 = CARTESIAN_POINT ( 'NONE',  ( 29.22838462533560033, 0.2543279687901365826, 2.254327968790134751 ) ) ;
#5695 = CARTESIAN_POINT ( 'NONE',  ( 38.32213462328720510, 0.8284271247461921783, -2.828427124746189847 ) ) ;
#5696 = ORIENTED_EDGE ( 'NONE', *, *, #6507, .T. ) ;
#5697 = CARTESIAN_POINT ( 'NONE',  ( 4.000000000000013323, -3.156250000000001776, -1.656854249492369924 ) ) ;
#5698 = CARTESIAN_POINT ( 'NONE',  ( -3.188101187499959188, 4.062500002048365033, -1.320554750080258799 ) ) ;
#5699 = LINE ( 'NONE', #3072, #2771 ) ;
#5700 = EDGE_CURVE ( 'NONE', #6081, #5616, #6921, .T. ) ;
#5701 = CARTESIAN_POINT ( 'NONE',  ( -2.254327968790062364, -7.281249997951634079, 2.254327968790116543 ) ) ;
#5702 = CARTESIAN_POINT ( 'NONE',  ( -1.320554750080211726, -5.687499997951630526, 3.188101187499973399 ) ) ;
#5703 = CARTESIAN_POINT ( 'NONE',  ( 3.188101187499981393, 6.312500002048388126, 1.320554750080258577 ) ) ;
#5704 = AXIS2_PLACEMENT_3D ( 'NONE', #4672, #719, #4639 ) ;
#5705 = CARTESIAN_POINT ( 'NONE',  ( 31.47838462533560033, -4.254327968790132530, -2.254327968790135195 ) ) ;
#5706 = CARTESIAN_POINT ( 'NONE',  ( 48.91588462533560033, -1.999999999999998224, 3.188101187500000044 ) ) ;
#5707 = CARTESIAN_POINT ( 'NONE',  ( 37.38463462533560033, -0.6794452499197279893, -3.188101187500000044 ) ) ;
#5708 = CARTESIAN_POINT ( 'NONE',  ( 4.000000000000037303, -6.343750000000001776, 1.656854249492356823 ) ) ;
#5709 = DIRECTION ( 'NONE',  ( -1.000000000000000000, -0.000000000000000000, -0.000000000000000000 ) ) ;
#5710 = CARTESIAN_POINT ( 'NONE',  ( 31.75963462328720865, -5.999999999999998224, -7.347880794884119736E-16 ) ) ;
#5711 = APPROVAL ( #4624, 'UNKNOWN' ) ;
#5712 = APPLICATION_PROTOCOL_DEFINITION ( 'international standard', 'config_control_design', 1994, #3840 ) ;
#5713 = CARTESIAN_POINT ( 'NONE',  ( 31.47838462533560033, -4.254327968790132530, -2.254327968790135195 ) ) ;
#5714 = CARTESIAN_POINT ( 'NONE',  ( 40.66588462738398846, -3.656854249492381914, 3.999999999999999112 ) ) ;
#5715 = CARTESIAN_POINT ( 'NONE',  ( 46.66588462533560033, 1.188101187500002043, 1.952148957314875467E-16 ) ) ;
#5716 = CARTESIAN_POINT ( 'NONE',  ( 2.525912548655268014E-14, 0.7812500020483751362, -3.188101187499973399 ) ) ;
#5717 = CYLINDRICAL_SURFACE ( 'NONE', #116, 3.999999999999974243 ) ;
#5718 = CARTESIAN_POINT ( 'NONE',  ( 30.25963462328720865, -5.999999999999998224, -7.347880794884119736E-16 ) ) ;
#5719 = CARTESIAN_POINT ( 'NONE',  ( -3.188101187499944977, 0.1250000020483642005, 1.320554750080261019 ) ) ;
#5720 = AXIS2_PLACEMENT_3D ( 'NONE', #2003, #275, #199 ) ;
#5721 = VECTOR ( 'NONE', #1790, 1000.000000000000114 ) ;
#5722 = CARTESIAN_POINT ( 'NONE',  ( 45.44713462533560033, 1.188101187500001599, -1.320554750080269679 ) ) ;
#5723 = CARTESIAN_POINT ( 'NONE',  ( 29.41588462328720510, 2.000000000000001776, -1.656854249492380138 ) ) ;
#5724 = PRODUCT_DEFINITION_FORMATION_WITH_SPECIFIED_SOURCE ( 'ANY', '', #4590, .NOT_KNOWN. ) ;
#5725 = CARTESIAN_POINT ( 'NONE',  ( 0.000000000000000000, 8.201801801801801517, 0.000000000000000000 ) ) ;
#5726 = CARTESIAN_POINT ( 'NONE',  ( 2.218095494573213307E-14, 1.906250002048376135, 3.188101187499973399 ) ) ;
#5727 = DIRECTION ( 'NONE',  ( 0.000000000000000000, 0.000000000000000000, 1.000000000000000000 ) ) ;
#5728 = CARTESIAN_POINT ( 'NONE',  ( 27.16588462328720865, -5.999999999999997335, 1.656854249492381248 ) ) ;
#5729 = CARTESIAN_POINT ( 'NONE',  ( 3.999999999999996447, 1.531250004096778916, -1.656854249492369924 ) ) ;
#5730 = CARTESIAN_POINT ( 'NONE',  ( 50.88463462328721221, -1.999999999999998224, 4.000000000000000000 ) ) ;
#5731 = CARTESIAN_POINT ( 'NONE',  ( 26.97838462533560033, -4.254327968790132530, -2.254327968790135195 ) ) ;
#5732 = CARTESIAN_POINT ( 'NONE',  ( 38.41588462328720510, 2.000000000000001776, -1.656854249492380138 ) ) ;
#5733 = ORIENTED_EDGE ( 'NONE', *, *, #1306, .F. ) ;
#5734 = CARTESIAN_POINT ( 'NONE',  ( 50.41588462533560033, -1.999999999999998224, 3.188101187500000044 ) ) ;
#5735 = CARTESIAN_POINT ( 'NONE',  ( 4.790782243737539221E-14, -5.593749997951626085, 3.188101187499973399 ) ) ;
#5736 = CARTESIAN_POINT ( 'NONE',  ( 1.320554750080307427, -5.499999997951621644, 3.188101187499972955 ) ) ;
#5737 = CARTESIAN_POINT ( 'NONE',  ( 2.828427124746219601, -5.874999995903226413, -2.828427124746171639 ) ) ;
#5738 =( BOUNDED_CURVE ( )  B_SPLINE_CURVE ( 2, ( #4049, #2376, #4083, #6074, #3107, #1459, #1491, #831, #867 ),
 .UNSPECIFIED., .F., .T. ) 
 B_SPLINE_CURVE_WITH_KNOTS ( ( 3, 2, 2, 2, 3 ),
 ( 0.09375000000000006939, 0.1015625000000000694, 0.1093750000000000833, 0.1171875000000000833, 0.1250000000000000833 ),
 .UNSPECIFIED. ) 
 CURVE ( )  GEOMETRIC_REPRESENTATION_ITEM ( )  RATIONAL_B_SPLINE_CURVE ( ( 0.9999999999999993339, 0.9238795325112874046, 1.000000000000000000, 0.9238795325112867385, 1.000000000000000000, 0.9238795325112867385, 1.000000000000000000, 0.9238795325112859613, 1.000000000000000888 ) ) 
 REPRESENTATION_ITEM ( '' )  );
#5739 = ORIENTED_EDGE ( 'NONE', *, *, #4635, .F. ) ;
#5740 = CARTESIAN_POINT ( 'NONE',  ( 49.19713462533560744, -5.188101187499998268, 1.320554750080270345 ) ) ;
#5741 = CARTESIAN_POINT ( 'NONE',  ( 43.19713462533560744, -3.320554750080268569, -3.188101187500000933 ) ) ;
#5742 = CARTESIAN_POINT ( 'NONE',  ( 48.25963462738398846, -4.828427124746188959, 2.828427124746189403 ) ) ;
#5743 = CARTESIAN_POINT ( 'NONE',  ( 4.000000000000015099, -3.343750000000001776, 1.656854249492369036 ) ) ;
#5744 = EDGE_CURVE ( 'NONE', #4517, #1154, #5485, .T. ) ;
#5745 = CALENDAR_DATE ( 2026, 27, 9 ) ;
#5746 = CARTESIAN_POINT ( 'NONE',  ( 36.63463462533560033, 1.188101187500001599, 1.320554750080270123 ) ) ;
#5747 = CARTESIAN_POINT ( 'NONE',  ( 31.38463462738398491, 0.8284271247461921783, 2.828427124746190291 ) ) ;
#5748 = CARTESIAN_POINT ( 'NONE',  ( 42.35338462533560033, 0.2543279687901370267, 2.254327968790135195 ) ) ;
#5749 = CARTESIAN_POINT ( 'NONE',  ( -2.254327968790065917, -6.531249997951633190, -2.254327968790116099 ) ) ;
#5750 = CC_DESIGN_APPROVAL ( #6468, ( #2656 ) ) ;
#5751 = CARTESIAN_POINT ( 'NONE',  ( 49.75963462533561454, 1.188101187500001599, 1.320554750080270123 ) ) ;
#5752 = CARTESIAN_POINT ( 'NONE',  ( 3.426352910862781847E-14, -1.843749997951624531, -3.188101187499973399 ) ) ;
#5753 = CARTESIAN_POINT ( 'NONE',  ( 47.69713462328721221, 0.8284271247461921783, 2.828427124746190291 ) ) ;
#5754 = DIRECTION ( 'NONE',  ( 0.000000000000000000, 0.000000000000000000, 1.000000000000000000 ) ) ;
#5755 = CYLINDRICAL_SURFACE ( 'NONE', #5327, 3.999999999999974243 ) ;
#5756 = CARTESIAN_POINT ( 'NONE',  ( -1.320554750080237483, 1.812500002048371694, 3.188101187499973399 ) ) ;
#5757 = CC_DESIGN_DATE_AND_TIME_ASSIGNMENT ( #5520, #498, ( #7316 ) ) ;
#5758 = CARTESIAN_POINT ( 'NONE',  ( 26.88463462328720865, -1.999999999999998224, 4.000000000000000000 ) ) ;
#5759 = CARTESIAN_POINT ( 'NONE',  ( 4.000000000000007105, -1.468749995903221972, -1.656854249492369924 ) ) ;
#5760 = CARTESIAN_POINT ( 'NONE',  ( 3.775125893165726642E-14, -2.875000000000014655, -3.999999999999974243 ) ) ;
#5761 = CARTESIAN_POINT ( 'NONE',  ( 30.35338462533560033, 0.2543279687901365826, -2.254327968790134307 ) ) ;
#5762 = CYLINDRICAL_SURFACE ( 'NONE', #599, 3.999999999999974243 ) ;
#5763 =( BOUNDED_CURVE ( )  B_SPLINE_CURVE ( 2, ( #4133, #6394, #3521, #2925, #72, #602, #4626, #1232, #5221 ),
 .UNSPECIFIED., .F., .T. ) 
 B_SPLINE_CURVE_WITH_KNOTS ( ( 3, 2, 2, 2, 3 ),
 ( 0.4375000000000000000, 0.4453125000000000000, 0.4531250000000000000, 0.4609375000000000555, 0.4687500000000000555 ),
 .UNSPECIFIED. ) 
 CURVE ( )  GEOMETRIC_REPRESENTATION_ITEM ( )  RATIONAL_B_SPLINE_CURVE ( ( 1.000000000000000000, 0.9238795325112867385, 1.000000000000000000, 0.9238795325112867385, 1.000000000000000000, 0.9238795325112867385, 1.000000000000000000, 0.9238795325112861834, 1.000000000000000444 ) ) 
 REPRESENTATION_ITEM ( '' )  );
#5764 = ORIENTED_EDGE ( 'NONE', *, *, #5821, .F. ) ;
#5765 = CARTESIAN_POINT ( 'NONE',  ( 1.832192482198564657E-14, 3.031250002048375247, 3.188101187499973399 ) ) ;
#5766 = CARTESIAN_POINT ( 'NONE',  ( 1.320554750080307649, -5.499999997951621644, 3.188101187499972955 ) ) ;
#5767 = CARTESIAN_POINT ( 'NONE',  ( 1.320554750080308759, -6.437499997951619868, -3.188101187499973843 ) ) ;
#5768 = CARTESIAN_POINT ( 'NONE',  ( -3.999999999999922284, -6.906249995903249506, -1.656854249492369702 ) ) ;
#5769 = CIRCLE ( 'NONE', #652, 4.000000000000000000 ) ;
#5770 = ORIENTED_EDGE ( 'NONE', *, *, #4725, .F. ) ;
#5771 = CARTESIAN_POINT ( 'NONE',  ( 45.25963462533561454, -0.6794452499197283224, -3.188101187499999600 ) ) ;
#5772 = CARTESIAN_POINT ( 'NONE',  ( 40.94713462533560033, -0.6794452499197284334, 3.188101187500000044 ) ) ;
#5773 = CARTESIAN_POINT ( 'NONE',  ( 32.22838462328721221, -0.3431457505076174197, -4.000000000000000000 ) ) ;
#5774 = CARTESIAN_POINT ( 'NONE',  ( 11.18955448857654034, -9.948552926584644851, 1.048757373794490411 ) ) ;
#5775 = SECURITY_CLASSIFICATION_LEVEL ( 'unclassified' ) ;
#5776 = CARTESIAN_POINT ( 'NONE',  ( 32.50963462533560033, -3.320554750080270345, 3.188101187499999156 ) ) ;
#5777 = CARTESIAN_POINT ( 'NONE',  ( 31.66588462738398491, -3.656854249492381914, 3.999999999999999112 ) ) ;
#5778 = CARTESIAN_POINT ( 'NONE',  ( 41.22838462533560033, -4.254327968790133419, 2.254327968790134307 ) ) ;
#5779 = CARTESIAN_POINT ( 'NONE',  ( -2.254327968790066361, -6.156249997951632302, 2.254327968790116543 ) ) ;
#5780 = DIRECTION ( 'NONE',  ( -3.430248998885766570E-15, 1.000000000000000000, -0.000000000000000000 ) ) ;
#5781 = ADVANCED_FACE ( 'NONE', ( #6525 ), #7166, .T. ) ;
#5782 = CARTESIAN_POINT ( 'NONE',  ( 44.50963462328721221, 2.000000000000001776, 2.449293598294706414E-16 ) ) ;
#5783 = ORIENTED_EDGE ( 'NONE', *, *, #2918, .T. ) ;
#5784 = CYLINDRICAL_SURFACE ( 'NONE', #350, 3.999999999999974243 ) ;
#5785 = CARTESIAN_POINT ( 'NONE',  ( 2.828427124746186738, 4.062499999999995559, 2.828427124746171195 ) ) ;
#5786 = LINE ( 'NONE', #5295, #813 ) ;
#5787 = CARTESIAN_POINT ( 'NONE',  ( -1.320554750080247475, 4.812500002048373027, 3.188101187499973399 ) ) ;
#5788 = EDGE_CURVE ( 'NONE', #2543, #1696, #423, .T. ) ;
#5789 = CARTESIAN_POINT ( 'NONE',  ( -2.828427124746165422, 6.312499999999976019, -2.828427124746171639 ) ) ;
#5790 = CARTESIAN_POINT ( 'NONE',  ( -3.999999999999922284, -6.718749995903248617, 1.656854249492372588 ) ) ;
#5791 = AXIS2_PLACEMENT_3D ( 'NONE', #5688, #3350, #4492 ) ;
#5792 = CARTESIAN_POINT ( 'NONE',  ( 48.82213462738398846, -1.999999999999997780, -4.000000000000000000 ) ) ;
#5793 = CARTESIAN_POINT ( 'NONE',  ( -2.828427124746125454, -5.124999995903245065, 2.828427124746172083 ) ) ;
#5794 = ORIENTED_EDGE ( 'NONE', *, *, #2270, .T. ) ;
#5795 = CARTESIAN_POINT ( 'NONE',  ( 3.188101187499979616, 6.406250002048388126, -3.904297914629718393E-16 ) ) ;
#5796 = CARTESIAN_POINT ( 'NONE',  ( -2.254327968790073022, -4.281249997951633190, 2.254327968790116543 ) ) ;
#5797 = CARTESIAN_POINT ( 'NONE',  ( 45.35338462738398846, -5.999999999999997335, 1.656854249492381248 ) ) ;
#5798 = CARTESIAN_POINT ( 'NONE',  ( 2.254327968790133419, 3.218750002048383241, 2.254327968790115655 ) ) ;
#5799 = ORIENTED_EDGE ( 'NONE', *, *, #1737, .F. ) ;
#5800 = CARTESIAN_POINT ( 'NONE',  ( 28.47838462533560033, -4.254327968790132530, -2.254327968790135195 ) ) ;
#5801 = CARTESIAN_POINT ( 'NONE',  ( 44.50963462533560033, -3.320554750080270345, 3.188101187499999156 ) ) ;
#5802 = CARTESIAN_POINT ( 'NONE',  ( 37.75963462533560744, 1.188101187500002043, 1.320554750080270123 ) ) ;
#5803 = CARTESIAN_POINT ( 'NONE',  ( 50.88463462328721221, -1.999999999999998224, 0.000000000000000000 ) ) ;
#5804 = CARTESIAN_POINT ( 'NONE',  ( 11.76604481434852190, -6.640386611815294771, 6.521876957685564413 ) ) ;
#5805 = DATE_TIME_ROLE ( 'classification_date' ) ;
#5806 = ADVANCED_FACE ( 'NONE', ( #2586 ), #2067, .F. ) ;
#5807 = CARTESIAN_POINT ( 'NONE',  ( 35.22838462533560744, 0.2543279687901365826, 2.254327968790134751 ) ) ;
#5808 = CARTESIAN_POINT ( 'NONE',  ( 35.50963462738398846, 0.8284271247461921783, -2.828427124746189847 ) ) ;
#5809 = CARTESIAN_POINT ( 'NONE',  ( 40.85338462533560033, 0.2543279687901370267, 2.254327968790135195 ) ) ;
#5810 = CARTESIAN_POINT ( 'NONE',  ( 2.254327968790159176, -4.281249997951617203, 2.254327968790115655 ) ) ;
#5811 = DIRECTION ( 'NONE',  ( -1.000000000000000000, -0.000000000000000000, -0.000000000000000000 ) ) ;
#5812 = CARTESIAN_POINT ( 'NONE',  ( 46.85338462328720510, -5.999999999999997335, -1.656854249492382580 ) ) ;
#5813 = VERTEX_POINT ( 'NONE', #3181 ) ;
#5814 = CARTESIAN_POINT ( 'NONE',  ( 1.594011603008238964, -8.843027048847000415, 2.760999129140405906 ) ) ;
#5815 = CARTESIAN_POINT ( 'NONE',  ( -2.828427124746144550, 0.3124999999999742428, -2.828427124746171639 ) ) ;
#5816 = CARTESIAN_POINT ( 'NONE',  ( 41.50963462328721221, 2.000000000000001776, 2.449293598294706414E-16 ) ) ;
#5817 = CARTESIAN_POINT ( 'NONE',  ( 3.188101187500004485, -0.6249999979516140947, -1.320554750080259021 ) ) ;
#5818 = CARTESIAN_POINT ( 'NONE',  ( 27.91588462328721221, 2.000000000000001776, -1.656854249492380138 ) ) ;
#5819 = CARTESIAN_POINT ( 'NONE',  ( -1.656854249492363262, 6.218749999999981348, -3.999999999999974243 ) ) ;
#5820 = CARTESIAN_POINT ( 'NONE',  ( 1.656854249492426545, -7.843749995903230854, 3.999999999999972911 ) ) ;
#5821 = EDGE_CURVE ( 'NONE', #2618, #5344, #1346, .T. ) ;
#5822 = CARTESIAN_POINT ( 'NONE',  ( -3.999999999984719778, 2.187499514265025535, -1.103922892200548771E-05 ) ) ;
#5823 = CARTESIAN_POINT ( 'NONE',  ( 46.85338462738398846, -5.999999999999997335, 1.656854249492381248 ) ) ;
#5824 = CARTESIAN_POINT ( 'NONE',  ( 29.60338462738398491, 2.000000000000001776, -1.656854249492380138 ) ) ;
#5825 = ORIENTED_EDGE ( 'NONE', *, *, #30, .T. ) ;
#5826 = CARTESIAN_POINT ( 'NONE',  ( -3.188101187499964961, 5.656250002048365033, 0.000000000000000000 ) ) ;
#5827 = CARTESIAN_POINT ( 'NONE',  ( -3.188101187499940092, -1.562499997951635633, -1.320554750080259021 ) ) ;
#5828 = CARTESIAN_POINT ( 'NONE',  ( 28.38463462533560033, -0.6794452499197279893, -3.188101187500000488 ) ) ;
#5829 = CARTESIAN_POINT ( 'NONE',  ( -3.188101187499964961, 5.656250002048365033, 0.000000000000000000 ) ) ;
#5830 = VERTEX_POINT ( 'NONE', #6037 ) ;
#5831 = CARTESIAN_POINT ( 'NONE',  ( 38.69713462533560033, -5.188101187499998268, 1.320554750080270345 ) ) ;
#5832 = CARTESIAN_POINT ( 'NONE',  ( 39.07213462533560744, 1.188101187500002043, -1.320554750080270123 ) ) ;
#5833 = CARTESIAN_POINT ( 'NONE',  ( 48.16588462738398846, -3.656854249492375253, 4.000000000000005329 ) ) ;
#5834 = CARTESIAN_POINT ( 'NONE',  ( 6.922304286040448871E-16, 7.999999999999979572, 0.000000000000000000 ) ) ;
#5835 = CIRCLE ( 'NONE', #1214, 9.999999999999996447 ) ;
#5836 = CARTESIAN_POINT ( 'NONE',  ( -2.828427124746134336, -2.312500000000026201, 2.828427124746172083 ) ) ;
#5837 = CARTESIAN_POINT ( 'NONE',  ( 2.828427124746217380, -4.937500000000006217, 2.828427124746171195 ) ) ;
#5838 = CARTESIAN_POINT ( 'NONE',  ( 44.22838462533560744, 0.2543279687901365826, 2.254327968790134751 ) ) ;
#5839 = DATE_AND_TIME ( #2960, #5260 ) ;
#5840 = CARTESIAN_POINT ( 'NONE',  ( 33.82213462533560033, -0.6794452499197284334, 3.188101187500000044 ) ) ;
#5841 = CARTESIAN_POINT ( 'NONE',  ( 31.75963462738398846, -4.828427124746188959, 2.828427124746189403 ) ) ;
#5842 = CARTESIAN_POINT ( 'NONE',  ( 45.63463462533560033, -3.320554750080270345, 3.188101187499999156 ) ) ;
#5843 = CARTESIAN_POINT ( 'NONE',  ( 1.320554750080304984, -5.312499997951621644, -3.188101187499973399 ) ) ;
#5844 = CARTESIAN_POINT ( 'NONE',  ( 49.47838462533560033, 0.2543279687901365826, -2.254327968790134307 ) ) ;
#5845 = CARTESIAN_POINT ( 'NONE',  ( 45.63463462328720510, -1.999999999999997780, -4.000000000000000000 ) ) ;
#5846 = EDGE_CURVE ( 'NONE', #3826, #5960, #2171, .T. ) ;
#5847 = ORIENTED_EDGE ( 'NONE', *, *, #272, .T. ) ;
#5848 = LOCAL_TIME ( 2, 47, 55.00000000000000000, #4105 ) ;
#5849 = CARTESIAN_POINT ( 'NONE',  ( 25.88463462328721221, -1.999999999999998224, 0.000000000000000000 ) ) ;
#5850 = CARTESIAN_POINT ( 'NONE',  ( -3.999999999999947153, 0.4999999999999709677, 0.000000000000000000 ) ) ;
#5851 = CARTESIAN_POINT ( 'NONE',  ( 29.04088462328721576, -3.656854249492361042, -4.000000000000019540 ) ) ;
#5852 = CARTESIAN_POINT ( 'NONE',  ( 3.940890260695646083E-14, -3.343749997951624309, -3.188101187499973399 ) ) ;
#5853 = CARTESIAN_POINT ( 'NONE',  ( 34.10338462738398846, 2.000000000000001776, -1.656854249492380138 ) ) ;
#5854 = AXIS2_PLACEMENT_3D ( 'NONE', #3909, #515, #3991 ) ;
#5855 = CARTESIAN_POINT ( 'NONE',  ( -1.656854249492352604, 3.218749999999980016, -3.999999999999974243 ) ) ;
#5856 = CARTESIAN_POINT ( 'NONE',  ( -3.999999999999889866, -0.8125000326420408481, -6.492956484424249619E-07 ) ) ;
#5857 = B_SPLINE_CURVE_WITH_KNOTS ( 'NONE', 3,
 ( #1850, #2468, #3500, #5814 ),
 .UNSPECIFIED., .F., .F.,
 ( 4, 4 ),
 ( 0.000000000000000000, 1.000000000000000000 ),
 .UNSPECIFIED. ) ;
#5858 = CARTESIAN_POINT ( 'NONE',  ( -3.999999999999962697, 4.999999999999971578, 0.000000000000000000 ) ) ;
#5859 = CARTESIAN_POINT ( 'NONE',  ( 44.60338462738398846, 2.000000000000001776, -1.656854249492380360 ) ) ;
#5860 = CARTESIAN_POINT ( 'NONE',  ( -1.656854249492322628, -5.593749995903241512, -3.999999999999974243 ) ) ;
#5861 = ORIENTED_EDGE ( 'NONE', *, *, #4475, .F. ) ;
#5862 = CARTESIAN_POINT ( 'NONE',  ( 1.320554750080288109, 0.1250000020483797991, 3.188101187499972955 ) ) ;
#5863 = CARTESIAN_POINT ( 'NONE',  ( 44.79088462328721931, -0.3431457505076359049, 4.000000000000018652 ) ) ;
#5864 = CARTESIAN_POINT ( 'NONE',  ( -2.254327968790113434, 7.343750002048368586, -2.254327968790116099 ) ) ;
#5865 = CARTESIAN_POINT ( 'NONE',  ( -3.188101187499964961, 5.750000002048365033, 1.320554750080261019 ) ) ;
#5866 = EDGE_LOOP ( 'NONE', ( #6336, #4922, #3122, #386 ) ) ;
#5867 = CARTESIAN_POINT ( 'NONE',  ( -2.828427124746129895, -3.812500000000025757, 2.828427124746172083 ) ) ;
#5868 = CARTESIAN_POINT ( 'NONE',  ( 40.47838462533560033, -4.254327968790132530, -2.254327968790135195 ) ) ;
#5869 = VECTOR ( 'NONE', #2361, 1000.000000000000000 ) ;
#5870 = CARTESIAN_POINT ( 'NONE',  ( 34.38463462533560033, -0.6794452499197279893, -3.188101187500000044 ) ) ;
#5871 = SHAPE_REPRESENTATION ( 'Assem1', ( #3383, #1579, #2907 ), #6332 ) ;
#5872 = CARTESIAN_POINT ( 'NONE',  ( 4.000000000000032863, -8.968749995903221972, -1.656854249492370146 ) ) ;
#5873 = CARTESIAN_POINT ( 'NONE',  ( -3.999999999999952482, 1.999999999999971356, 0.000000000000000000 ) ) ;
#5874 = CARTESIAN_POINT ( 'NONE',  ( 4.289663242998592140E-14, -4.375000000000015987, -3.999999999999974243 ) ) ;
#5875 = PERSON_AND_ORGANIZATION_ROLE ( 'classification_officer' ) ;
#5876 = LINE ( 'NONE', #3729, #6243 ) ;
#5877 = CARTESIAN_POINT ( 'NONE',  ( 41.60338462533560033, -4.254327968790133419, 2.254327968790133863 ) ) ;
#5878 = CALENDAR_DATE ( 2026, 27, 9 ) ;
#5879 = CARTESIAN_POINT ( 'NONE',  ( 30.25963462533560033, -0.6794452499197282114, -3.188101187500000044 ) ) ;
#5880 = CARTESIAN_POINT ( 'NONE',  ( 27.25963462738398491, -4.828427124746188959, 2.828427124746189403 ) ) ;
#5881 = CARTESIAN_POINT ( 'NONE',  ( 42.63463462533560033, -3.320554750080270345, 3.188101187499999156 ) ) ;
#5882 = CARTESIAN_POINT ( 'NONE',  ( -3.999999999997621902, 3.687499759437375957, -4.323891263408920803E-06 ) ) ;
#5883 = CARTESIAN_POINT ( 'NONE',  ( 42.82213462328721221, 0.8284271247461921783, -2.828427124746189847 ) ) ;
#5884 = VERTEX_POINT ( 'NONE', #3220 ) ;
#5885 = ORIENTED_EDGE ( 'NONE', *, *, #490, .F. ) ;
#5886 = CARTESIAN_POINT ( 'NONE',  ( 43.47838462533560744, -4.254327968790132530, -2.254327968790135195 ) ) ;
#5887 = CARTESIAN_POINT ( 'NONE',  ( 3.999999999999988898, 4.156249999999999112, 1.656854249492369036 ) ) ;
#5888 = DIRECTION ( 'NONE',  ( 1.000000000000000000, -0.000000000000000000, -0.000000000000000000 ) ) ;
#5889 = EDGE_CURVE ( 'NONE', #2061, #2165, #380, .T. ) ;
#5890 = CARTESIAN_POINT ( 'NONE',  ( 3.188101187499999600, 0.6875000020483872376, 1.320554750080258577 ) ) ;
#5891 = CARTESIAN_POINT ( 'NONE',  ( 34.00963462738398846, 0.8284271247461921783, -2.828427124746189847 ) ) ;
#5892 = CARTESIAN_POINT ( 'NONE',  ( 3.999999999999977351, 7.343749999999999112, -1.656854249492369924 ) ) ;
#5893 = CARTESIAN_POINT ( 'NONE',  ( 2.828427124746224930, -7.374999995903226413, -2.828427124746171639 ) ) ;
#5894 = CARTESIAN_POINT ( 'NONE',  ( 28.19713462738398491, 2.000000000000001776, 2.449293598294706414E-16 ) ) ;
#5895 = CARTESIAN_POINT ( 'NONE',  ( 43.66588462738398846, -3.656854249492381914, 3.999999999999999112 ) ) ;
#5896 = CARTESIAN_POINT ( 'NONE',  ( 50.88463462328721221, -1.999999999999998224, 0.000000000000000000 ) ) ;
#5897 = ORIENTED_EDGE ( 'NONE', *, *, #2732, .T. ) ;
#5898 = CARTESIAN_POINT ( 'NONE',  ( 3.375804531697159889E-14, -1.468749997951624309, 3.188101187499973399 ) ) ;
#5899 = CARTESIAN_POINT ( 'NONE',  ( 45.07213462738398846, -1.999999999999998224, 4.000000000000000000 ) ) ;
#5900 = CARTESIAN_POINT ( 'NONE',  ( 29.22838462533560033, -4.254327968790133419, 2.254327968790134307 ) ) ;
#5901 = CARTESIAN_POINT ( 'NONE',  ( -1.320554750080238815, 2.375000002048372139, -3.188101187499973843 ) ) ;
#5902 = ORIENTED_EDGE ( 'NONE', *, *, #6909, .F. ) ;
#5903 = CARTESIAN_POINT ( 'NONE',  ( -3.999999999999932498, -4.000000000000029310, 0.000000000000000000 ) ) ;
#5904 = CARTESIAN_POINT ( 'NONE',  ( 39.35338462533560033, 0.2543279687901365826, -2.254327968790134307 ) ) ;
#5905 = EDGE_CURVE ( 'NONE', #2317, #1132, #2124, .T. ) ;
#5906 = CARTESIAN_POINT ( 'NONE',  ( 37.10338462533560033, -4.254327968790133419, -2.254327968790135639 ) ) ;
#5907 = CARTESIAN_POINT ( 'NONE',  ( 2.254327968790127201, 5.093750002048384573, 2.254327968790115655 ) ) ;
#5908 = CARTESIAN_POINT ( 'NONE',  ( 5.159441011679677559E-14, -6.625000000000015987, 3.999999999999974243 ) ) ;
#5909 = DATE_TIME_ROLE ( 'classification_date' ) ;
#5910 = CARTESIAN_POINT ( 'NONE',  ( 47.69713462738398846, 2.000000000000001776, 2.449293598294706414E-16 ) ) ;
#5911 = CARTESIAN_POINT ( 'NONE',  ( 45.91588462533560744, -1.999999999999998224, 3.188101187500000044 ) ) ;
#5912 = PERSON_AND_ORGANIZATION_ROLE ( 'design_owner' ) ;
#5913 = CARTESIAN_POINT ( 'NONE',  ( 28.47838462533560033, -4.254327968790132530, -2.254327968790135195 ) ) ;
#5914 = CARTESIAN_POINT ( 'NONE',  ( 27.72838462738399201, -3.656854249492377917, -4.000000000000000888 ) ) ;
#5915 = CARTESIAN_POINT ( 'NONE',  ( 34.94713462533559323, -0.6794452499197284334, 3.188101187500000488 ) ) ;
#5916 = CARTESIAN_POINT ( 'NONE',  ( 6.922304286040214185E-16, 7.999999999999986677, 0.000000000000000000 ) ) ;
#5917 = CARTESIAN_POINT ( 'NONE',  ( 45.16588462533560744, 1.188101187500001599, 1.952148957314875220E-16 ) ) ;
#5918 = ORIENTED_EDGE ( 'NONE', *, *, #3520, .T. ) ;
#5919 = CARTESIAN_POINT ( 'NONE',  ( 37.85338462328721221, -5.999999999999997335, -1.656854249492382580 ) ) ;
#5920 = ORIENTED_EDGE ( 'NONE', *, *, #30, .F. ) ;
#5921 = AXIS2_PLACEMENT_3D ( 'NONE', #3669, #1381, #3709 ) ;
#5922 = CARTESIAN_POINT ( 'NONE',  ( 48.44713462533560744, 1.188101187500001599, -1.320554750080269679 ) ) ;
#5923 = CARTESIAN_POINT ( 'NONE',  ( 3.999999999999978240, 7.156250000000000000, 1.656854249492369036 ) ) ;
#5924 = CARTESIAN_POINT ( 'NONE',  ( -2.254327968790107661, 5.843750002048368586, 2.254327968790116543 ) ) ;
#5925 = CARTESIAN_POINT ( 'NONE',  ( 2.254327968790160952, -5.031249997951618091, -2.254327968790116099 ) ) ;
#5926 = CARTESIAN_POINT ( 'NONE',  ( 33.82213462738398135, -1.999999999999997780, -4.000000000000000000 ) ) ;
#5927 =( BOUNDED_CURVE ( )  B_SPLINE_CURVE ( 2, ( #1502, #6169, #6772, #3269, #1110, #3227, #2796, #1069, #3394 ),
 .UNSPECIFIED., .F., .T. ) 
 B_SPLINE_CURVE_WITH_KNOTS ( ( 3, 2, 2, 2, 3 ),
 ( 0.2812499999999998890, 0.2890624999999998890, 0.2968749999999998890, 0.3046874999999999445, 0.3124999999999999445 ),
 .UNSPECIFIED. ) 
 CURVE ( )  GEOMETRIC_REPRESENTATION_ITEM ( )  RATIONAL_B_SPLINE_CURVE ( ( 1.000000000000001110, 0.9238795325112856283, 1.000000000000000000, 0.9238795325112867385, 1.000000000000000000, 0.9238795325112867385, 1.000000000000000000, 0.9238795325112872936, 0.9999999999999994449 ) ) 
 REPRESENTATION_ITEM ( '' )  );
#5928 = FACE_OUTER_BOUND ( 'NONE', #6285, .T. ) ;
#5929 = CARTESIAN_POINT ( 'NONE',  ( -3.999999999999922284, -6.906249995903249506, -1.656854249492369702 ) ) ;
#5930 = FACE_OUTER_BOUND ( 'NONE', #4154, .T. ) ;
#5931 = CARTESIAN_POINT ( 'NONE',  ( 45.44713462738398846, -5.999999999999998224, -7.347880794884119736E-16 ) ) ;
#5932 = CARTESIAN_POINT ( 'NONE',  ( 50.88463462328721221, -1.999999999999998224, 0.000000000000000000 ) ) ;
#5933 = VERTEX_POINT ( 'NONE', #1577 ) ;
#5934 = CARTESIAN_POINT ( 'NONE',  ( -1.320554750080225714, -1.562499997951628972, 3.188101187499973399 ) ) ;
#5935 = CARTESIAN_POINT ( 'NONE',  ( 0.000000000000000000, 8.201801801801801517, 0.000000000000000000 ) ) ;
#5936 = CARTESIAN_POINT ( 'NONE',  ( 28.94713462533560033, -0.6794452499197284334, 3.188101187500000488 ) ) ;
#5937 = CARTESIAN_POINT ( 'NONE',  ( 3.188101187499995604, 1.812500002048386794, 1.320554750080258577 ) ) ;
#5938 = LOCAL_TIME ( 2, 47, 55.00000000000000000, #7037 ) ;
#5939 = ADVANCED_FACE ( 'NONE', ( #3859, #6115 ), #1021, .F. ) ;
#5940 = ORIENTED_EDGE ( 'NONE', *, *, #4719, .F. ) ;
#5941 = CARTESIAN_POINT ( 'NONE',  ( 31.19713462328720865, 0.8284271247461921783, 2.828427124746190291 ) ) ;
#5942 = CARTESIAN_POINT ( 'NONE',  ( 32.50963462533560033, -5.188101187499997380, -1.320554750080271678 ) ) ;
#5943 = CARTESIAN_POINT ( 'NONE',  ( 42.44713462533560033, 1.188101187500001599, -1.320554750080269679 ) ) ;
#5944 = ORIENTED_EDGE ( 'NONE', *, *, #3084, .F. ) ;
#5945 = CARTESIAN_POINT ( 'NONE',  ( 37.19713462533560033, -3.320554750080268569, -3.188101187500000933 ) ) ;
#5946 = CARTESIAN_POINT ( 'NONE',  ( 2.828427124746229815, -8.874999995903227301, -2.828427124746171639 ) ) ;
#5947 = CARTESIAN_POINT ( 'NONE',  ( 2.254327968790119652, 6.968750002048384573, -2.254327968790116099 ) ) ;
#5948 = CARTESIAN_POINT ( 'NONE',  ( -2.828427124746129451, -4.187500000000026645, -2.828427124746171639 ) ) ;
#5949 = CARTESIAN_POINT ( 'NONE',  ( 50.88463462328721221, -1.999999999999998224, 0.000000000000000000 ) ) ;
#5950 = CARTESIAN_POINT ( 'NONE',  ( 40.19713462533560033, -5.188101187499998268, 1.320554750080270345 ) ) ;
#5951 = COORDINATED_UNIVERSAL_TIME_OFFSET ( 8, 0, .AHEAD. ) ;
#5952 = CARTESIAN_POINT ( 'NONE',  ( 28.94713462738398491, -5.999999999999998224, -7.347880794884119736E-16 ) ) ;
#5953 = CARTESIAN_POINT ( 'NONE',  ( 40.10338462533560033, -4.254327968790133419, -2.254327968790135639 ) ) ;
#5954 = VECTOR ( 'NONE', #3372, 1000.000000000000000 ) ;
#5955 = FACE_OUTER_BOUND ( 'NONE', #7277, .T. ) ;
#5956 = CARTESIAN_POINT ( 'NONE',  ( 46.85338462533560033, 0.2543279687901365826, 2.254327968790134751 ) ) ;
#5957 = CARTESIAN_POINT ( 'NONE',  ( 42.16588462328721221, -5.999999999999997335, 1.656854249492381248 ) ) ;
#5958 = ADVANCED_FACE ( 'NONE', ( #5964 ), #4599, .T. ) ;
#5959 = VERTEX_POINT ( 'NONE', #3979 ) ;
#5960 = VERTEX_POINT ( 'NONE', #4015 ) ;
#5961 = CARTESIAN_POINT ( 'NONE',  ( 46.66588462533560033, -1.999999999999997780, -3.188101187500000044 ) ) ;
#5962 = CARTESIAN_POINT ( 'NONE',  ( -2.254327968790102332, 4.343750002048368586, 2.254327968790116543 ) ) ;
#5963 = CARTESIAN_POINT ( 'NONE',  ( 1.320554750080293438, -1.937499997951620534, -3.188101187499973843 ) ) ;
#5964 = FACE_OUTER_BOUND ( 'NONE', #7341, .T. ) ;
#5965 = CARTESIAN_POINT ( 'NONE',  ( 2.231513843667132040E-14, 1.624999999999984901, -3.999999999999974243 ) ) ;
#5966 = CARTESIAN_POINT ( 'NONE',  ( 27.35338462738398491, -5.999999999999997335, 1.656854249492381248 ) ) ;
#5967 = VECTOR ( 'NONE', #239, 1000.000000000000000 ) ;
#5968 = CARTESIAN_POINT ( 'NONE',  ( 3.999999999999993339, 2.749999999999999112, -4.898587196589381274E-16 ) ) ;
#5969 = CYLINDRICAL_SURFACE ( 'NONE', #6154, 4.000000000000000000 ) ;
#5970 = VERTEX_POINT ( 'NONE', #3936 ) ;
#5971 = CARTESIAN_POINT ( 'NONE',  ( -3.188101187499944533, -0.3437499979516362436, 0.000000000000000000 ) ) ;
#5972 = CC_DESIGN_PERSON_AND_ORGANIZATION_ASSIGNMENT ( #3457, #1771, ( #3849 ) ) ;
#5973 = CARTESIAN_POINT ( 'NONE',  ( 1.957520271668814482, -8.436049226551869396, 2.551135665911474337 ) ) ;
#5974 = CARTESIAN_POINT ( 'NONE',  ( 29.69713462328720510, 0.8284271247461921783, 2.828427124746190291 ) ) ;
#5975 = CARTESIAN_POINT ( 'NONE',  ( -2.254327968790081016, -2.031249997951632302, -2.254327968790116099 ) ) ;
#5976 = CARTESIAN_POINT ( 'NONE',  ( 11.53201153196275719, -8.003387409948523157, -5.294137357469187677 ) ) ;
#5977 = CARTESIAN_POINT ( 'NONE',  ( 33.35338462533560033, 0.2543279687901365826, 2.254327968790134751 ) ) ;
#5978 = CARTESIAN_POINT ( 'NONE',  ( 42.72838462533560744, 0.2543279687901365826, 2.254327968790134751 ) ) ;
#5979 = CARTESIAN_POINT ( 'NONE',  ( 36.63463462533560033, -3.320554750080270345, 3.188101187499999156 ) ) ;
#5980 = CARTESIAN_POINT ( 'NONE',  ( 28.94713462738398491, -5.999999999999998224, -7.347880794884119736E-16 ) ) ;
#5981 = B_SPLINE_CURVE_WITH_KNOTS ( 'NONE', 1,
 ( #1594, #1757 ),
 .UNSPECIFIED., .F., .F.,
 ( 2, 2 ),
 ( 0.000000000000000000, 1.000000000000000000 ),
 .UNSPECIFIED. ) ;
#5982 = ADVANCED_FACE ( 'NONE', ( #5011 ), #1777, .F. ) ;
#5983 = CARTESIAN_POINT ( 'NONE',  ( 1.729357121990836799, -8.999276284649464941, 2.995357355389386633 ) ) ;
#5984 = CARTESIAN_POINT ( 'NONE',  ( 4.000000000000014211, -3.343750000000001776, 1.656854249492369036 ) ) ;
#5985 = CARTESIAN_POINT ( 'NONE',  ( 40.94713462738398846, -5.999999999999998224, -7.347880794884119736E-16 ) ) ;
#5986 = CARTESIAN_POINT ( 'NONE',  ( 35.97838462533560744, -4.254327968790132530, -2.254327968790135195 ) ) ;
#5987 = DATE_AND_TIME ( #3731, #1111 ) ;
#5988 = CARTESIAN_POINT ( 'NONE',  ( 49.94713462533560744, -0.6794452499197284334, 3.188101187500000044 ) ) ;
#5989 = CARTESIAN_POINT ( 'NONE',  ( 37.29088462533560033, -1.999999999999997780, -3.188101187500000488 ) ) ;
#5990 = CARTESIAN_POINT ( 'NONE',  ( 5.799182036218510175E-14, -10.00000000000001599, 0.000000000000000000 ) ) ;
#5991 =( BOUNDED_CURVE ( )  B_SPLINE_CURVE ( 2, ( #5565, #6721, #7284, #4484, #1775, #1703, #2825, #3461, #1057, #4596, #459, #6759, #3423, #6875, #1614, #5008, #1660, #1098, #4041, #3302, #3381, #5084, #7362, #2257, #6158, #6231, #1137, #5681, #2862, #5120, #2297, #1740, #6841, #4012, #1172, #6268, #5715, #1265, #145, #786, #1842, #4699, #6399, #2428, #1909, #7044, #1236, #5842, #5195, #5225, #3027, #1809, #3589, #4138, #4108, #3494, #747, #6939, #709, #6906, #1336, #4076, #2398, #1944, #4768, #2367, #6330, #112, #1300, #6301, #5289, #6972, #77, #1209, #6367, #3625, #180, #3525, #1876, #5881, #2463, #4174, #5748, #643, #4732, #3062, #4664, #217, #7004, #6436, #5321, #2498, #2930, #4630, #5778, #677, #2964, #3554, #5809, #2995, #5255, #3171, #858, #6626, #1410, #2613, #5953, #7153, #7115, #7233, #3136, #7080, #1484, #4323, #3207, #5401, #292, #6514, #4359, #5437, #2094, #2056, #4806, #4286, #3098, #1985, #6589, #2575, #3700, #7196, #3733, #4214, #2653, #1521, #370, #6476, #5989, #332, #3770, #4843, #1371, #4250, #4917, #4880, #2019, #6551, #930, #6025, #5475, #3805, #1448, #892, #6066, #967, #3248, #5514, #410, #2692, #252, #4955, #3661, #5915, #821, #5357, #2537, #1165, #3333, #2817, #7313, #5594, #6712, #6668, #6261, #449, #2731, #4434, #529, #1604, #3291, #1648, #6146, #1565, #4997, #4473, #3371, #3845, #5037, #7354, #7272, #492, #2212, #6101, #2853, #1009, #2777, #2170, #3884, #1049, #6750, #6224, #5638, #3923, #1693, #6185, #1087, #5076, #2250, #6792, #4514, #1128, #5112, #7390, #2286, #661, #6419, #2004, #1321, #6386, #3645, #3573, #4717, #3681, #5900, #1286, #1930, #5936, #805, #200, #2448, #732, #4684, #5828, #5307, #4196, #2482, #3012, #4752, #2417, #3047, #7066, #7028, #842, #1255, #6989, #5242, #3120, #7098, #5275, #3082, #6458, #6499, #165, #1896, #6957, #1971, #1355, #5383 ),
 .UNSPECIFIED., .F., .T. ) 
 B_SPLINE_CURVE_WITH_KNOTS ( ( 3, 2, 2, 2, 2, 2, 2, 2, 2, 2, 2, 2, 2, 2, 2, 2, 2, 2, 2, 2, 2, 2, 2, 2, 2, 2, 2, 2, 2, 2, 2, 2, 2, 2, 2, 2, 2, 2, 2, 2, 2, 2, 2, 2, 2, 2, 2, 2, 2, 2, 2, 2, 2, 2, 2, 2, 2, 2, 2, 2, 2, 2, 2, 2, 2, 2, 2, 2, 2, 2, 2, 2, 2, 2, 2, 2, 2, 2, 2, 2, 2, 2, 2, 2, 2, 2, 2, 2, 2, 2, 2, 2, 2, 2, 2, 2, 2, 2, 2, 2, 2, 2, 2, 2, 2, 2, 2, 2, 2, 2, 2, 2, 2, 2, 2, 2, 2, 2, 2, 2, 2, 2, 2, 2, 2, 2, 2, 2, 3 ),
 ( 0.000000000000000000, 0.007812500000000000000, 0.01562500000000000000, 0.02343750000000000000, 0.03125000000000000000, 0.03906250000000000000, 0.04687500000000000000, 0.05468750000000000000, 0.06250000000000000000, 0.07031250000000000000, 0.07812500000000000000, 0.08593750000000000000, 0.09375000000000000000, 0.1015625000000000000, 0.1093750000000000000, 0.1171875000000000000, 0.1250000000000000000, 0.1328125000000000000, 0.1406250000000000000, 0.1484375000000000000, 0.1562500000000000000, 0.1640625000000000000, 0.1718750000000000000, 0.1796875000000000000, 0.1875000000000000000, 0.1953125000000000000, 0.2031250000000000000, 0.2109375000000000000, 0.2187500000000000000, 0.2265625000000000000, 0.2343750000000000000, 0.2421875000000000000, 0.2500000000000000000, 0.2578125000000000000, 0.2656250000000000000, 0.2734375000000000000, 0.2812500000000000000, 0.2890625000000000000, 0.2968750000000000000, 0.3046875000000000000, 0.3125000000000000000, 0.3203125000000000000, 0.3281250000000000000, 0.3359375000000000000, 0.3437500000000000000, 0.3515625000000000000, 0.3593750000000000000, 0.3671875000000000000, 0.3750000000000000000, 0.3828125000000000000, 0.3906250000000000000, 0.3984375000000000000, 0.4062500000000000000, 0.4140625000000000000, 0.4218750000000000000, 0.4296875000000000000, 0.4375000000000000000, 0.4453125000000000000, 0.4531250000000000000, 0.4609375000000000000, 0.4687500000000000000, 0.4765625000000000000, 0.4843750000000000000, 0.4921875000000000000, 0.5000000000000000000, 0.5078125000000000000, 0.5156250000000000000, 0.5234375000000000000, 0.5312500000000000000, 0.5390625000000000000, 0.5468750000000000000, 0.5546875000000000000, 0.5625000000000000000, 0.5703125000000000000, 0.5781250000000000000, 0.5859375000000000000, 0.5937500000000000000, 0.6015625000000000000, 0.6093750000000000000, 0.6171875000000000000, 0.6250000000000000000, 0.6328125000000000000, 0.6406250000000000000, 0.6484375000000000000, 0.6562500000000000000, 0.6640625000000000000, 0.6718750000000000000, 0.6796875000000000000, 0.6875000000000000000, 0.6953125000000000000, 0.7031250000000000000, 0.7109375000000000000, 0.7187500000000000000, 0.7265625000000000000, 0.7343750000000000000, 0.7421875000000000000, 0.7500000000000000000, 0.7578125000000000000, 0.7656250000000000000, 0.7734375000000000000, 0.7812500000000000000, 0.7890625000000000000, 0.7968750000000000000, 0.8046875000000000000, 0.8125000000000000000, 0.8203125000000000000, 0.8281250000000000000, 0.8359375000000000000, 0.8437500000000000000, 0.8515625000000000000, 0.8593750000000000000, 0.8671875000000000000, 0.8750000000000000000, 0.8828125000000000000, 0.8906250000000000000, 0.8984375000000000000, 0.9062500000000000000, 0.9140625000000000000, 0.9218750000000000000, 0.9296875000000000000, 0.9375000000000000000, 0.9453125000000000000, 0.9531250000000000000, 0.9609375000000000000, 0.9687500000000000000, 0.9765625000000000000, 0.9843750000000000000, 0.9921875000000000000, 1.000000000000000000 ),
 .UNSPECIFIED. ) 
 CURVE ( )  GEOMETRIC_REPRESENTATION_ITEM ( )  RATIONAL_B_SPLINE_CURVE ( ( 1.000000000000000000, 0.9238795325112867385, 1.000000000000000000, 0.9238795325112867385, 1.000000000000000000, 0.9238795325112867385, 1.000000000000000000, 0.9238795325112867385, 1.000000000000000000, 0.9238795325112867385, 1.000000000000000000, 0.9238795325112867385, 1.000000000000000000, 0.9238795325112867385, 1.000000000000000000, 0.9238795325112867385, 1.000000000000000000, 0.9238795325112867385, 1.000000000000000000, 0.9238795325112867385, 1.000000000000000000, 0.9238795325112867385, 1.000000000000000000, 0.9238795325112867385, 1.000000000000000000, 0.9238795325112867385, 1.000000000000000000, 0.9238795325112867385, 1.000000000000000000, 0.9238795325112867385, 1.000000000000000000, 0.9238795325112867385, 1.000000000000000000, 0.9238795325112867385, 1.000000000000000000, 0.9238795325112867385, 1.000000000000000000, 0.9238795325112867385, 1.000000000000000000, 0.9238795325112867385, 1.000000000000000000, 0.9238795325112867385, 1.000000000000000000, 0.9238795325112867385, 1.000000000000000000, 0.9238795325112867385, 1.000000000000000000, 0.9238795325112867385, 1.000000000000000000, 0.9238795325112867385, 1.000000000000000000, 0.9238795325112867385, 1.000000000000000000, 0.9238795325112867385, 1.000000000000000000, 0.9238795325112867385, 1.000000000000000000, 0.9238795325112867385, 1.000000000000000000, 0.9238795325112867385, 1.000000000000000000, 0.9238795325112867385, 1.000000000000000000, 0.9238795325112867385, 1.000000000000000000, 0.9238795325112867385, 1.000000000000000000, 0.9238795325112867385, 1.000000000000000000, 0.9238795325112867385, 1.000000000000000000, 0.9238795325112867385, 1.000000000000000000, 0.9238795325112867385, 1.000000000000000000, 0.9238795325112867385, 1.000000000000000000, 0.9238795325112867385, 1.000000000000000000, 0.9238795325112867385, 1.000000000000000000, 0.9238795325112867385, 1.000000000000000000, 0.9238795325112867385, 1.000000000000000000, 0.9238795325112867385, 1.000000000000000000, 0.9238795325112867385, 1.000000000000000000, 0.9238795325112867385, 1.000000000000000000, 0.9238795325112867385, 1.000000000000000000, 0.9238795325112867385, 1.000000000000000000, 0.9238795325112867385, 1.000000000000000000, 0.9238795325112867385, 1.000000000000000000, 0.9238795325112867385, 1.000000000000000000, 0.9238795325112867385, 1.000000000000000000, 0.9238795325112867385, 1.000000000000000000, 0.9238795325112867385, 1.000000000000000000, 0.9238795325112867385, 1.000000000000000000, 0.9238795325112867385, 1.000000000000000000, 0.9238795325112867385, 1.000000000000000000, 0.9238795325112867385, 1.000000000000000000, 0.9238795325112867385, 1.000000000000000000, 0.9238795325112867385, 1.000000000000000000, 0.9238795325112867385, 1.000000000000000000, 0.9238795325112867385, 1.000000000000000000, 0.9238795325112867385, 1.000000000000000000, 0.9238795325112867385, 1.000000000000000000, 0.9238795325112867385, 1.000000000000000000, 0.9238795325112867385, 1.000000000000000000, 0.9238795325112867385, 1.000000000000000000, 0.9238795325112867385, 1.000000000000000000, 0.9238795325112867385, 1.000000000000000000, 0.9238795325112867385, 1.000000000000000000, 0.9238795325112867385, 1.000000000000000000, 0.9238795325112867385, 1.000000000000000000, 0.9238795325112867385, 1.000000000000000000, 0.9238795325112867385, 1.000000000000000000, 0.9238795325112867385, 1.000000000000000000, 0.9238795325112867385, 1.000000000000000000, 0.9238795325112867385, 1.000000000000000000, 0.9238795325112867385, 1.000000000000000000, 0.9238795325112867385, 1.000000000000000000, 0.9238795325112867385, 1.000000000000000000, 0.9238795325112867385, 1.000000000000000000, 0.9238795325112867385, 1.000000000000000000, 0.9238795325112867385, 1.000000000000000000, 0.9238795325112867385, 1.000000000000000000, 0.9238795325112867385, 1.000000000000000000, 0.9238795325112867385, 1.000000000000000000, 0.9238795325112867385, 1.000000000000000000, 0.9238795325112867385, 1.000000000000000000, 0.9238795325112867385, 1.000000000000000000, 0.9238795325112867385, 1.000000000000000000, 0.9238795325112867385, 1.000000000000000000, 0.9238795325112867385, 1.000000000000000000, 0.9238795325112867385, 1.000000000000000000, 0.9238795325112867385, 1.000000000000000000, 0.9238795325112867385, 1.000000000000000000, 0.9238795325112867385, 1.000000000000000000, 0.9238795325112867385, 1.000000000000000000, 0.9238795325112867385, 1.000000000000000000, 0.9238795325112867385, 1.000000000000000000, 0.9238795325112867385, 1.000000000000000000, 0.9238795325112867385, 1.000000000000000000, 0.9238795325112867385, 1.000000000000000000, 0.9238795325112867385, 1.000000000000000000, 0.9238795325112867385, 1.000000000000000000, 0.9238795325112867385, 1.000000000000000000, 0.9238795325112867385, 1.000000000000000000, 0.9238795325112867385, 1.000000000000000000, 0.9238795325112867385, 1.000000000000000000, 0.9238795325112867385, 1.000000000000000000, 0.9238795325112867385, 1.000000000000000000, 0.9238795325112867385, 1.000000000000000000, 0.9238795325112867385, 1.000000000000000000, 0.9238795325112867385, 1.000000000000000000, 0.9238795325112867385, 1.000000000000000000, 0.9238795325112867385, 1.000000000000000000, 0.9238795325112867385, 1.000000000000000000, 0.9238795325112867385, 1.000000000000000000, 0.9238795325112867385, 1.000000000000000000, 0.9238795325112867385, 1.000000000000000000, 0.9238795325112867385, 1.000000000000000000, 0.9238795325112867385, 1.000000000000000000, 0.9238795325112867385, 1.000000000000000000, 0.9238795325112867385, 1.000000000000000000, 0.9238795325112867385, 1.000000000000000000, 0.9238795325112867385, 1.000000000000000000, 0.9238795325112867385, 1.000000000000000000, 0.9238795325112867385, 1.000000000000000000, 0.9238795325112867385, 1.000000000000000000, 0.9238795325112867385, 1.000000000000000000 ) ) 
 REPRESENTATION_ITEM ( '' )  );
#5992 = VECTOR ( 'NONE', #6755, 1000.000000000000000 ) ;
#5993 = CARTESIAN_POINT ( 'NONE',  ( 45.63463462533560033, -3.320554750080270345, 3.188101187499999156 ) ) ;
#5994 = CARTESIAN_POINT ( 'NONE',  ( 38.97838462328721931, -3.656854249492381914, 3.999999999999999112 ) ) ;
#5995 = ORIENTED_EDGE ( 'NONE', *, *, #3449, .T. ) ;
#5996 = ORIENTED_EDGE ( 'NONE', *, *, #4187, .T. ) ;
#5997 = CARTESIAN_POINT ( 'NONE',  ( 46.19713462533560033, -5.188101187499998268, 1.320554750080270567 ) ) ;
#5998 = CARTESIAN_POINT ( 'NONE',  ( 5.286048631838917825E-15, 6.874999999999985789, 3.999999999999974243 ) ) ;
#5999 = CARTESIAN_POINT ( 'NONE',  ( 2.254327968790128534, 4.718750002048383685, 2.254327968790115655 ) ) ;
#6000 = EDGE_CURVE ( 'NONE', #4328, #600, #3647, .T. ) ;
#6001 = CARTESIAN_POINT ( 'NONE',  ( -3.188101187499919220, -7.562499997951637631, -1.320554750080258799 ) ) ;
#6002 = CARTESIAN_POINT ( 'NONE',  ( 50.88463462328721221, -1.999999999999998224, 0.000000000000000000 ) ) ;
#6003 =( BOUNDED_CURVE ( )  B_SPLINE_CURVE ( 2, ( #6515, #7155, #6553, #3209, #1411, #3701, #822, #6026, #931 ),
 .UNSPECIFIED., .F., .F. ) 
 B_SPLINE_CURVE_WITH_KNOTS ( ( 3, 2, 2, 2, 3 ),
 ( 0.7187499999999998890, 0.7265624999999998890, 0.7343750000000000000, 0.7421875000000000000, 0.7500000000000000000 ),
 .UNSPECIFIED. ) 
 CURVE ( )  GEOMETRIC_REPRESENTATION_ITEM ( )  RATIONAL_B_SPLINE_CURVE ( ( 1.000000000000001110, 0.9238795325112856283, 1.000000000000000000, 0.9238795325112867385, 1.000000000000000000, 0.9238795325112867385, 1.000000000000000000, 0.9238795325112867385, 1.000000000000000000 ) ) 
 REPRESENTATION_ITEM ( '' )  );
#6004 = CARTESIAN_POINT ( 'NONE',  ( -2.828427124746139665, -0.8125000000000249800, 2.828427124746172083 ) ) ;
#6005 = CARTESIAN_POINT ( 'NONE',  ( -15.00199999999999712, -1.999999999999998224, -8.000000000000008882 ) ) ;
#6006 = CARTESIAN_POINT ( 'NONE',  ( 13.04396069366519306, 1.285882013358690568, -7.298722583577051282 ) ) ;
#6007 = ORIENTED_EDGE ( 'NONE', *, *, #1795, .F. ) ;
#6008 = CARTESIAN_POINT ( 'NONE',  ( 2.254327968790169390, -7.281249997951618091, 2.254327968790115655 ) ) ;
#6009 = CARTESIAN_POINT ( 'NONE',  ( 9.788250428823511355E-15, 5.562500004096766482, 3.999999999999974243 ) ) ;
#6010 = CYLINDRICAL_SURFACE ( 'NONE', #3812, 3.999999999999974243 ) ;
#6011 = CARTESIAN_POINT ( 'NONE',  ( 30.82213462328720865, 0.8284271247461921783, -2.828427124746189847 ) ) ;
#6012 = CARTESIAN_POINT ( 'NONE',  ( 1.320554750080294992, -2.312499997951620756, -3.188101187499973843 ) ) ;
#6013 = CARTESIAN_POINT ( 'NONE',  ( -3.999999999999968914, 6.687500004096752271, 0.000000000000000000 ) ) ;
#6014 = CARTESIAN_POINT ( 'NONE',  ( 5.799182036218517748E-14, -10.00000000000004086, 0.000000000000000000 ) ) ;
#6015 = CARTESIAN_POINT ( 'NONE',  ( 33.44713462533560033, -0.6794452499197284334, 3.188101187499999600 ) ) ;
#6016 = CARTESIAN_POINT ( 'NONE',  ( 35.04088462533560033, 1.188101187500001599, 1.952148957314875220E-16 ) ) ;
#6017 = CARTESIAN_POINT ( 'NONE',  ( 35.88463462533560744, -0.6794452499197279893, -3.188101187500000044 ) ) ;
#6018 = CARTESIAN_POINT ( 'NONE',  ( 32.79088462738398135, 2.000000000000001776, 1.656854249492380804 ) ) ;
#6019 = CARTESIAN_POINT ( 'NONE',  ( 32.04088462738398135, -5.999999999999997335, -1.656854249492382580 ) ) ;
#6020 = CARTESIAN_POINT ( 'NONE',  ( -2.828427124746134780, -2.499999995903244621, -2.828427124746171639 ) ) ;
#6021 = CARTESIAN_POINT ( 'NONE',  ( 40.66588462738398846, -3.656854249492381914, 3.999999999999999112 ) ) ;
#6022 = CARTESIAN_POINT ( 'NONE',  ( 36.63463462533560033, 1.188101187500001599, 1.320554750080270123 ) ) ;
#6023 = SECURITY_CLASSIFICATION_LEVEL ( 'unclassified' ) ;
#6024 = CARTESIAN_POINT ( 'NONE',  ( 26.97838462738399201, -0.3431457505076178638, 4.000000000000000000 ) ) ;
#6025 = CARTESIAN_POINT ( 'NONE',  ( 36.25963462533560033, 1.188101187500002043, 1.320554750080270123 ) ) ;
#6026 = CARTESIAN_POINT ( 'NONE',  ( 32.97838462328721221, -3.656854249492381914, 3.999999999999999112 ) ) ;
#6027 = CARTESIAN_POINT ( 'NONE',  ( 47.79088462533560033, -1.999999999999997780, -3.188101187500000044 ) ) ;
#6028 = ORIENTED_EDGE ( 'NONE', *, *, #383, .F. ) ;
#6029 = CARTESIAN_POINT ( 'NONE',  ( 41.41588462328721221, 2.000000000000001776, -1.656854249492380360 ) ) ;
#6030 = EDGE_LOOP ( 'NONE', ( #773, #4502, #875, #1763 ) ) ;
#6031 = ORIENTED_EDGE ( 'NONE', *, *, #5052, .T. ) ;
#6032 = EDGE_CURVE ( 'NONE', #5626, #3186, #3165, .T. ) ;
#6033 = CARTESIAN_POINT ( 'NONE',  ( 43.94713462533560033, 1.188101187500001599, -1.320554750080269679 ) ) ;
#6034 = CARTESIAN_POINT ( 'NONE',  ( -3.999999999999967137, 6.593749999999972466, 1.656854249492372588 ) ) ;
#6035 = CARTESIAN_POINT ( 'NONE',  ( 35.32213462738398135, -1.999999999999997780, -4.000000000000000000 ) ) ;
#6036 = CARTESIAN_POINT ( 'NONE',  ( 1.957520271668814482, -8.436049226551867619, 2.551135665911474337 ) ) ;
#6037 = CARTESIAN_POINT ( 'NONE',  ( 28.38463462328720865, -1.999999999999998224, 4.000000000000000000 ) ) ;
#6038 = CARTESIAN_POINT ( 'NONE',  ( -1.656854249492347497, 1.718749999999979794, -3.999999999999974243 ) ) ;
#6039 = CARTESIAN_POINT ( 'NONE',  ( 49.00963462533560744, -3.320554750080270345, 3.188101187499999156 ) ) ;
#6040 = CARTESIAN_POINT ( 'NONE',  ( 5.512808175320844316E-14, -9.165151389911690316, 0.000000000000000000 ) ) ;
#6041 = CARTESIAN_POINT ( 'NONE',  ( 13.70991162812443953, 5.740362276450440504, -2.089109757512036314 ) ) ;
#6042 = VERTEX_POINT ( 'NONE', #1175 ) ;
#6043 = CARTESIAN_POINT ( 'NONE',  ( -1.320554750080215944, -4.562499997951628750, 3.188101187499973399 ) ) ;
#6044 = CARTESIAN_POINT ( 'NONE',  ( 1.656854249492380804, 5.656250004096772699, 3.999999999999972911 ) ) ;
#6045 = CARTESIAN_POINT ( 'NONE',  ( -2.828427124746124122, -5.687500000000025757, -2.828427124746171639 ) ) ;
#6046 = CARTESIAN_POINT ( 'NONE',  ( 29.41588462328721221, 2.000000000000001776, -1.656854249492380360 ) ) ;
#6047 = CARTESIAN_POINT ( 'NONE',  ( 4.069524598153862615E-14, -3.718749997951624309, -3.188101187499973399 ) ) ;
#6048 = EDGE_CURVE ( 'NONE', #3683, #3748, #2218, .T. ) ;
#6049 = CARTESIAN_POINT ( 'NONE',  ( -3.999999999999958256, 3.687500004096751827, 0.000000000000000000 ) ) ;
#6050 = DIRECTION ( 'NONE',  ( -3.430248998885765781E-15, 1.000000000000000000, -0.000000000000000000 ) ) ;
#6051 = CARTESIAN_POINT ( 'NONE',  ( 33.82213462533560033, -5.188101187499998268, 1.320554750080270345 ) ) ;
#6052 = CARTESIAN_POINT ( 'NONE',  ( 35.50963462533560033, -3.320554750080270345, 3.188101187499999156 ) ) ;
#6053 = CARTESIAN_POINT ( 'NONE',  ( 33.07213462738398135, -1.999999999999998224, 4.000000000000000000 ) ) ;
#6054 = CARTESIAN_POINT ( 'NONE',  ( 2.828427124746222709, -6.437500000000005329, 2.828427124746171195 ) ) ;
#6055 = CARTESIAN_POINT ( 'NONE',  ( 26.32213462533560033, -5.188101187499998268, 1.320554750080270567 ) ) ;
#6056 = CARTESIAN_POINT ( 'NONE',  ( 2.828427124746211607, -3.249999995903225969, 2.828427124746171195 ) ) ;
#6057 = CARTESIAN_POINT ( 'NONE',  ( 3.391288118655913027E-15, 7.156250002048376579, -3.188101187499973399 ) ) ;
#6058 = CARTESIAN_POINT ( 'NONE',  ( -1.656854249492343278, 0.4062500040967588766, -3.999999999999974243 ) ) ;
#6059 = VECTOR ( 'NONE', #3594, 1000.000000000000000 ) ;
#6060 = CARTESIAN_POINT ( 'NONE',  ( 2.828427124746226706, -7.749999995903226413, 2.828427124746171195 ) ) ;
#6061 = LINE ( 'NONE', #1004, #2430 ) ;
#6062 = APPROVAL_PERSON_ORGANIZATION ( #330, #2068, #7001 ) ;
#6063 = CARTESIAN_POINT ( 'NONE',  ( 40.29088462533560033, -5.188101187499998268, -5.856446871944625661E-16 ) ) ;
#6064 = CARTESIAN_POINT ( 'NONE',  ( 49.57213462533560033, -3.320554750080268569, -3.188101187500000488 ) ) ;
#6065 = CARTESIAN_POINT ( 'NONE',  ( 46.66588462533560033, 1.188101187500002043, 1.952148957314875467E-16 ) ) ;
#6066 = CARTESIAN_POINT ( 'NONE',  ( 35.79088462533560033, -1.999999999999997780, -3.188101187500000488 ) ) ;
#6067 = DIRECTION ( 'NONE',  ( 0.000000000000000000, 0.000000000000000000, 1.000000000000000000 ) ) ;
#6068 = CARTESIAN_POINT ( 'NONE',  ( 46.66588462533560033, 1.188101187500001599, 1.952148957314875220E-16 ) ) ;
#6069 = CARTESIAN_POINT ( 'NONE',  ( 38.79088462328721221, -0.3431457505076178638, 4.000000000000000000 ) ) ;
#6070 = EDGE_LOOP ( 'NONE', ( #2578, #1527, #3851, #6812 ) ) ;
#6071 = VERTEX_POINT ( 'NONE', #2865 ) ;
#6072 = CARTESIAN_POINT ( 'NONE',  ( 38.50963462533560033, -3.320554750080270345, 3.188101187499999156 ) ) ;
#6073 = CARTESIAN_POINT ( 'NONE',  ( 45.25963462738398846, -4.828427124746188959, 2.828427124746189403 ) ) ;
#6074 = CARTESIAN_POINT ( 'NONE',  ( 48.35338462328720510, -5.999999999999997335, -1.656854249492382580 ) ) ;
#6075 = CARTESIAN_POINT ( 'NONE',  ( -1.320554750080209283, -6.249999997951630526, -3.188101187499973843 ) ) ;
#6076 = CARTESIAN_POINT ( 'NONE',  ( 43.57213462738398846, -1.999999999999998224, 4.000000000000000000 ) ) ;
#6077 = ADVANCED_FACE ( 'NONE', ( #4448 ), #538, .T. ) ;
#6078 = CARTESIAN_POINT ( 'NONE',  ( 3.188101187499993827, 2.375000002048386794, -1.320554750080259021 ) ) ;
#6079 = CARTESIAN_POINT ( 'NONE',  ( 49.47838462533560033, -4.254327968790132530, -2.254327968790135195 ) ) ;
#6080 = CARTESIAN_POINT ( 'NONE',  ( 50.88463462328721221, -1.999999999999998224, 4.000000000000000000 ) ) ;
#6081 = VERTEX_POINT ( 'NONE', #5087 ) ;
#6082 = CARTESIAN_POINT ( 'NONE',  ( 3.188101187500022249, -5.687499997951614539, 1.320554750080258577 ) ) ;
#6083 = CARTESIAN_POINT ( 'NONE',  ( 50.88463462328721221, -1.999999999999998224, 0.000000000000000000 ) ) ;
#6084 = CARTESIAN_POINT ( 'NONE',  ( 33.07213462328721221, -4.828427124746188959, 2.828427124746189403 ) ) ;
#6085 = CARTESIAN_POINT ( 'NONE',  ( 1.320554750080299877, -3.812499997951619868, -3.188101187499973843 ) ) ;
#6086 = CARTESIAN_POINT ( 'NONE',  ( -2.828427124746156096, 3.875000004096756268, 2.828427124746172083 ) ) ;
#6087 = CARTESIAN_POINT ( 'NONE',  ( 12.52996408614166235, -1.999999999999998224, -8.000000000000008882 ) ) ;
#6088 = CARTESIAN_POINT ( 'NONE',  ( 35.88463462533560744, -0.6794452499197283224, -3.188101187499999600 ) ) ;
#6089 = CARTESIAN_POINT ( 'NONE',  ( 33.54088462533560033, 1.188101187500001599, 1.952148957314875220E-16 ) ) ;
#6090 = CARTESIAN_POINT ( 'NONE',  ( 27.63463462533559678, 1.188101187500001599, 1.320554750080270123 ) ) ;
#6091 = APPROVAL_PERSON_ORGANIZATION ( #6265, #6468, #6872 ) ;
#6092 = CARTESIAN_POINT ( 'NONE',  ( 30.16588462533560033, 1.188101187500002043, 1.952148957314875467E-16 ) ) ;
#6093 = CARTESIAN_POINT ( 'NONE',  ( -2.828427124746130339, -3.624999995903245509, 2.828427124746172083 ) ) ;
#6094 = CARTESIAN_POINT ( 'NONE',  ( -3.188101187499950306, 1.437500002048364589, -1.320554750080259021 ) ) ;
#6095 = CARTESIAN_POINT ( 'NONE',  ( 2.681734023365591314E-14, 0.3125000040967648718, -3.999999999999974243 ) ) ;
#6096 = CARTESIAN_POINT ( 'NONE',  ( -3.999999999999942712, -0.9062499959032491725, -1.656854249492369702 ) ) ;
#6097 = CARTESIAN_POINT ( 'NONE',  ( 0.000000000000000000, 0.000000000000000000, 0.000000000000000000 ) ) ;
#6098 = CARTESIAN_POINT ( 'NONE',  ( 34.38463462533560033, -5.188101187499997380, -1.320554750080271678 ) ) ;
#6099 = CARTESIAN_POINT ( 'NONE',  ( 29.88463462533560033, -0.6794452499197283224, -3.188101187499999600 ) ) ;
#6100 = CARTESIAN_POINT ( 'NONE',  ( 47.69713462533560744, -3.320554750080268569, -3.188101187500000933 ) ) ;
#6101 = CARTESIAN_POINT ( 'NONE',  ( 32.13463462533560033, -3.320554750080270345, 3.188101187499999156 ) ) ;
#6102 = CARTESIAN_POINT ( 'NONE',  ( 46.00963462328720510, 2.000000000000001776, 2.449293598294706414E-16 ) ) ;
#6103 = CARTESIAN_POINT ( 'NONE',  ( 40.94713462533560033, -0.6794452499197284334, 3.188101187499999600 ) ) ;
#6104 = CARTESIAN_POINT ( 'NONE',  ( 34.10338462328720510, 2.000000000000001776, 1.656854249492381026 ) ) ;
#6105 = ORIENTED_EDGE ( 'NONE', *, *, #3505, .F. ) ;
#6106 = ORIENTED_EDGE ( 'NONE', *, *, #4051, .F. ) ;
#6107 = CARTESIAN_POINT ( 'NONE',  ( 27.25963462738398491, -4.828427124746188959, 2.828427124746189403 ) ) ;
#6108 = APPLICATION_CONTEXT ( 'configuration controlled 3d designs of mechanical parts and assemblies' ) ;
#6109 = CC_DESIGN_PERSON_AND_ORGANIZATION_ASSIGNMENT ( #7040, #4247, ( #1799 ) ) ;
#6110 = CARTESIAN_POINT ( 'NONE',  ( 40.94713462533560033, 1.188101187500001599, -1.320554750080269679 ) ) ;
#6111 = CARTESIAN_POINT ( 'NONE',  ( 3.999999999999844125, -3.062485365710386542, -8.102065404370279155E-07 ) ) ;
#6112 = CARTESIAN_POINT ( 'NONE',  ( 38.79088462738398846, 2.000000000000001776, 1.656854249492381026 ) ) ;
#6113 = CARTESIAN_POINT ( 'NONE',  ( -3.188101187499944089, -0.4374999979516362991, -1.320554750080259021 ) ) ;
#6114 = CARTESIAN_POINT ( 'NONE',  ( -3.188101187499919220, -7.374999997951637631, 1.320554750080261019 ) ) ;
#6115 = FACE_BOUND ( 'NONE', #4066, .T. ) ;
#6116 = SHAPE_REPRESENTATION ( 'ball_box', ( #4195 ), #2310 ) ;
#6117 = CARTESIAN_POINT ( 'NONE',  ( 3.188101187499982725, 5.375000002048387238, -1.320554750080259021 ) ) ;
#6118 = AXIS2_PLACEMENT_3D ( 'NONE', #1612, #4405, #3777 ) ;
#6119 = ADVANCED_FACE ( 'NONE', ( #5049 ), #5163, .T. ) ;
#6120 = CARTESIAN_POINT ( 'NONE',  ( 13.50487328916549679, 4.344931593031852834, 4.900845122195987003 ) ) ;
#6121 = CARTESIAN_POINT ( 'NONE',  ( 41.88463462328721221, -1.999999999999998224, 4.000000000000000000 ) ) ;
#6122 = ORIENTED_EDGE ( 'NONE', *, *, #6430, .F. ) ;
#6123 = CARTESIAN_POINT ( 'NONE',  ( 2.254327968790119652, 6.968750002048384573, -2.254327968790116099 ) ) ;
#6124 = DIRECTION ( 'NONE',  ( -0.9497491959645796289, 3.833290512097739679E-17, -0.3130119243170051968 ) ) ;
#6125 = CARTESIAN_POINT ( 'NONE',  ( 32.22838462328721221, -0.3431457505076173642, -4.000000000000000000 ) ) ;
#6126 = CARTESIAN_POINT ( 'NONE',  ( -3.188101187499943201, -0.2499999979516361326, 1.320554750080261019 ) ) ;
#6127 = CARTESIAN_POINT ( 'NONE',  ( 3.999999999999982681, 5.843750004096779804, 1.656854249492369036 ) ) ;
#6128 = CARTESIAN_POINT ( 'NONE',  ( -3.999999999997621902, 3.687499759437375957, -4.323891263408920803E-06 ) ) ;
#6129 = EDGE_CURVE ( 'NONE', #1455, #5444, #7307, .T. ) ;
#6130 = DIRECTION ( 'NONE',  ( 1.000000000000000000, 3.430248998885766570E-15, 0.000000000000000000 ) ) ;
#6131 = CARTESIAN_POINT ( 'NONE',  ( 37.10338462533560744, -4.254327968790133419, 2.254327968790133863 ) ) ;
#6132 = CARTESIAN_POINT ( 'NONE',  ( 31.29088462533560033, -5.188101187499998268, -5.856446871944625661E-16 ) ) ;
#6133 = ORIENTED_EDGE ( 'NONE', *, *, #2887, .T. ) ;
#6134 = CARTESIAN_POINT ( 'NONE',  ( -1.656854249492324405, -5.218750000000019540, 3.999999999999972911 ) ) ;
#6135 = CARTESIAN_POINT ( 'NONE',  ( 31.19713462533560389, -3.320554750080268569, -3.188101187500000933 ) ) ;
#6136 = CARTESIAN_POINT ( 'NONE',  ( 50.22838462533560033, -1.999999999999998224, 4.000000000000000000 ) ) ;
#6137 = CARTESIAN_POINT ( 'NONE',  ( -2.254327968790093450, 1.718750002048368142, 2.254327968790116543 ) ) ;
#6138 = CARTESIAN_POINT ( 'NONE',  ( -2.828427124746135224, -2.124999995903244177, 2.828427124746172083 ) ) ;
#6139 = ORIENTED_EDGE ( 'NONE', *, *, #5188, .T. ) ;
#6140 = CARTESIAN_POINT ( 'NONE',  ( -3.999999999999921840, -6.718749995903249506, 1.656854249492372366 ) ) ;
#6141 = DIRECTION ( 'NONE',  ( -0.9497491959645796289, 0.000000000000000000, 0.3130119243170051968 ) ) ;
#6142 = EDGE_CURVE ( 'NONE', #2914, #3253, #5599, .T. ) ;
#6143 = CARTESIAN_POINT ( 'NONE',  ( 31.29088462533560033, -5.188101187499998268, -5.856446871944625661E-16 ) ) ;
#6144 = CARTESIAN_POINT ( 'NONE',  ( 49.94713462533560744, 1.188101187500001599, -1.320554750080269679 ) ) ;
#6145 = CARTESIAN_POINT ( 'NONE',  ( 44.88463462533560033, -0.6794452499197279893, -3.188101187500000044 ) ) ;
#6146 = CARTESIAN_POINT ( 'NONE',  ( 33.16588462533560033, 1.188101187500002043, 1.952148957314875467E-16 ) ) ;
#6147 = CARTESIAN_POINT ( 'NONE',  ( 39.54088462738400267, -5.999999999999997335, -1.656854249492382580 ) ) ;
#6148 = CARTESIAN_POINT ( 'NONE',  ( 38.41588462533560033, -5.188101187499998268, -5.856446871944625661E-16 ) ) ;
#6149 = CARTESIAN_POINT ( 'NONE',  ( 35.60338462328720510, 2.000000000000001776, 1.656854249492381026 ) ) ;
#6150 = VERTEX_POINT ( 'NONE', #1238 ) ;
#6151 = ORIENTED_EDGE ( 'NONE', *, *, #2290, .T. ) ;
#6152 = CARTESIAN_POINT ( 'NONE',  ( 50.88463462328721221, -1.999999999999997780, -4.000000000000000000 ) ) ;
#6153 = EDGE_CURVE ( 'NONE', #5933, #2024, #3734, .T. ) ;
#6154 = AXIS2_PLACEMENT_3D ( 'NONE', #2033, #908, #839 ) ;
#6155 = MECHANICAL_CONTEXT ( 'NONE', #299, 'mechanical' ) ;
#6156 = CARTESIAN_POINT ( 'NONE',  ( 42.72838462533560744, 0.2543279687901365826, 2.254327968790134751 ) ) ;
#6157 = CARTESIAN_POINT ( 'NONE',  ( 37.85338462738398846, -5.999999999999997335, 1.656854249492381248 ) ) ;
#6158 = CARTESIAN_POINT ( 'NONE',  ( 47.79088462533560033, -1.999999999999997780, -3.188101187500000488 ) ) ;
#6159 = CARTESIAN_POINT ( 'NONE',  ( -2.254327968790086345, -0.5312499979516329685, -2.254327968790116099 ) ) ;
#6160 = LINE ( 'NONE', #7286, #1199 ) ;
#6161 = CARTESIAN_POINT ( 'NONE',  ( 3.999999999999982681, 5.750000000000000000, -4.898587196589381274E-16 ) ) ;
#6162 = CARTESIAN_POINT ( 'NONE',  ( -1.320554750080245476, 4.250000002048373027, -3.188101187499973843 ) ) ;
#6163 = CARTESIAN_POINT ( 'NONE',  ( 49.38463462328721221, -1.999999999999998224, 4.000000000000000000 ) ) ;
#6164 = CARTESIAN_POINT ( 'NONE',  ( 50.41588462533560033, -1.999999999999998224, 3.188101187500000044 ) ) ;
#6165 = CARTESIAN_POINT ( 'NONE',  ( 12.81493430450363924, -0.1947604384346913187, 7.797962578786371779 ) ) ;
#6166 = CYLINDRICAL_SURFACE ( 'NONE', #5791, 4.000000000000000000 ) ;
#6167 = ORIENTED_EDGE ( 'NONE', *, *, #5596, .F. ) ;
#6168 = CARTESIAN_POINT ( 'NONE',  ( -3.188101187499923661, -6.343749997951636743, 0.000000000000000000 ) ) ;
#6169 = CARTESIAN_POINT ( 'NONE',  ( 44.04088462328721931, -3.656854249492361042, -4.000000000000019540 ) ) ;
#6170 = CARTESIAN_POINT ( 'NONE',  ( 2.828427124746178301, 6.125000004096775363, -2.828427124746171639 ) ) ;
#6171 = CARTESIAN_POINT ( 'NONE',  ( 47.04088462328721221, -3.656854249492395681, -3.999999999999982681 ) ) ;
#6172 = CARTESIAN_POINT ( 'NONE',  ( 31.94713462533560744, 1.188101187500001599, -1.320554750080269679 ) ) ;
#6173 = CARTESIAN_POINT ( 'NONE',  ( 7.999999999999994671, 5.999999999999990230, 0.000000000000000000 ) ) ;
#6174 = ORIENTED_EDGE ( 'NONE', *, *, #5889, .T. ) ;
#6175 = CARTESIAN_POINT ( 'NONE',  ( 1.656854249492412334, -3.531250000000010214, 3.999999999999972911 ) ) ;
#6176 = CARTESIAN_POINT ( 'NONE',  ( 27.54088462533560033, -1.999999999999998224, 3.188101187500000488 ) ) ;
#6177 = DIRECTION ( 'NONE',  ( 0.000000000000000000, 0.000000000000000000, 1.000000000000000000 ) ) ;
#6178 = CARTESIAN_POINT ( 'NONE',  ( -3.188101187499940092, -1.374999997951635633, 1.320554750080261019 ) ) ;
#6179 = CARTESIAN_POINT ( 'NONE',  ( 4.000000000000016875, -4.468749995903220196, -1.656854249492369924 ) ) ;
#6180 = CARTESIAN_POINT ( 'NONE',  ( 39.82213462738398846, -1.999999999999997780, -4.000000000000000000 ) ) ;
#6181 = CARTESIAN_POINT ( 'NONE',  ( -3.999999999999968914, 6.687500004096752271, 0.000000000000000000 ) ) ;
#6182 = CARTESIAN_POINT ( 'NONE',  ( 34.47838462533560033, -4.254327968790132530, -2.254327968790135195 ) ) ;
#6183 = CARTESIAN_POINT ( 'NONE',  ( 27.16588462533560033, 1.188101187500001599, 1.952148957314875220E-16 ) ) ;
#6184 = CARTESIAN_POINT ( 'NONE',  ( 44.69713462533560744, -3.320554750080268569, -3.188101187500000933 ) ) ;
#6185 = CARTESIAN_POINT ( 'NONE',  ( 31.00963462533560033, -5.188101187499998268, -1.320554750080271900 ) ) ;
#6186 = CARTESIAN_POINT ( 'NONE',  ( 45.91588462328722642, 2.000000000000001776, -1.656854249492380138 ) ) ;
#6187 = CARTESIAN_POINT ( 'NONE',  ( 37.94713462533560033, -0.6794452499197284334, 3.188101187499999600 ) ) ;
#6188 = CIRCLE ( 'NONE', #3349, 10.00000000000000000 ) ;
#6189 = ORIENTED_EDGE ( 'NONE', *, *, #6142, .F. ) ;
#6190 = DIRECTION ( 'NONE',  ( -1.000000000000000000, -3.469446951953659154E-15, 0.000000000000000000 ) ) ;
#6191 = APPROVAL_STATUS ( 'not_yet_approved' ) ;
#6192 = CARTESIAN_POINT ( 'NONE',  ( 40.10338462533560033, -4.254327968790133419, 2.254327968790133863 ) ) ;
#6193 = FACE_OUTER_BOUND ( 'NONE', #2138, .T. ) ;
#6194 = CARTESIAN_POINT ( 'NONE',  ( 37.00963462738398135, 0.8284271247461921783, -2.828427124746189847 ) ) ;
#6195 = DIRECTION ( 'NONE',  ( -3.430248998885765781E-15, 1.000000000000000000, -0.000000000000000000 ) ) ;
#6196 = CARTESIAN_POINT ( 'NONE',  ( -1.320554750080231043, -0.06249999795162903410, 3.188101187499972955 ) ) ;
#6197 = CARTESIAN_POINT ( 'NONE',  ( 50.88463462328721221, -1.999999999999998224, 4.000000000000000000 ) ) ;
#6198 = CARTESIAN_POINT ( 'NONE',  ( 0.000000000000000000, 8.201801801801801517, 0.000000000000000000 ) ) ;
#6199 = CARTESIAN_POINT ( 'NONE',  ( -3.188101187499960520, 4.437500002048365033, -1.320554750080258799 ) ) ;
#6200 = CARTESIAN_POINT ( 'NONE',  ( 49.66588462328721221, -5.999999999999997335, 1.656854249492381248 ) ) ;
#6201 = CARTESIAN_POINT ( 'NONE',  ( 12.85419331754351546, 0.05719629543948480388, 7.735370865547560371 ) ) ;
#6202 = DIRECTION ( 'NONE',  ( -0.5000201178893955989, 0.000000000000000000, -0.8660137884040154388 ) ) ;
#6203 = CARTESIAN_POINT ( 'NONE',  ( -2.254327968790103220, 4.343750002048368586, -2.254327968790116099 ) ) ;
#6204 = CYLINDRICAL_SURFACE ( 'NONE', #3944, 4.000000000000000000 ) ;
#6205 = CARTESIAN_POINT ( 'NONE',  ( 2.254327968790169390, -7.281249997951618091, 2.254327968790115655 ) ) ;
#6206 = CARTESIAN_POINT ( 'NONE',  ( -3.999999999999948042, 0.7812500040967513826, 1.656854249492372588 ) ) ;
#6207 = CARTESIAN_POINT ( 'NONE',  ( 3.999999999999991562, 3.031250004096778916, -1.656854249492370146 ) ) ;
#6208 =( BOUNDED_CURVE ( )  B_SPLINE_CURVE ( 2, ( #4464, #6215, #6617, #5504, #3916, #2806, #401, #2684, #5067 ),
 .UNSPECIFIED., .F., .T. ) 
 B_SPLINE_CURVE_WITH_KNOTS ( ( 3, 2, 2, 2, 3 ),
 ( 0.7812500000000000000, 0.7890625000000000000, 0.7968750000000000000, 0.8046875000000000000, 0.8125000000000000000 ),
 .UNSPECIFIED. ) 
 CURVE ( )  GEOMETRIC_REPRESENTATION_ITEM ( )  RATIONAL_B_SPLINE_CURVE ( ( 1.000000000000000000, 0.9238795325112867385, 1.000000000000000000, 0.9238795325112867385, 1.000000000000000000, 0.9238795325112867385, 1.000000000000000000, 0.9238795325112867385, 1.000000000000000000 ) ) 
 REPRESENTATION_ITEM ( '' )  );
#6209 = LINE ( 'NONE', #5730, #4565 ) ;
#6210 = CARTESIAN_POINT ( 'NONE',  ( 30.44713462533560389, 1.188101187500001599, -1.320554750080269679 ) ) ;
#6211 = CARTESIAN_POINT ( 'NONE',  ( -1.656854249492345721, 0.9687500040967593762, 3.999999999999973355 ) ) ;
#6212 = ORIENTED_EDGE ( 'NONE', *, *, #4587, .T. ) ;
#6213 = CARTESIAN_POINT ( 'NONE',  ( -2.828427124746129895, -3.812500000000025757, 2.828427124746172083 ) ) ;
#6214 = CARTESIAN_POINT ( 'NONE',  ( 30.72838462533560033, -4.254327968790133419, 2.254327968790134307 ) ) ;
#6215 = CARTESIAN_POINT ( 'NONE',  ( 30.72838462738398846, -3.656854249492378806, -4.000000000000000888 ) ) ;
#6216 = CARTESIAN_POINT ( 'NONE',  ( 2.254327968790135195, 2.468750002048383685, -2.254327968790116099 ) ) ;
#6217 = CARTESIAN_POINT ( 'NONE',  ( -2.254327968790067249, -6.156249997951632302, -2.254327968790116099 ) ) ;
#6218 = CARTESIAN_POINT ( 'NONE',  ( 2.254327968790123204, 6.218750002048384573, 2.254327968790115655 ) ) ;
#6219 = CARTESIAN_POINT ( 'NONE',  ( 3.196271373198456497E-14, -1.187499995903235517, -3.999999999999974243 ) ) ;
#6220 = CC_DESIGN_APPROVAL ( #925, ( #6765 ) ) ;
#6221 = CARTESIAN_POINT ( 'NONE',  ( 29.88463462533560033, -5.188101187499997380, -1.320554750080271678 ) ) ;
#6222 = CARTESIAN_POINT ( 'NONE',  ( 30.82213462533560033, -5.188101187499998268, 1.320554750080270345 ) ) ;
#6223 = CARTESIAN_POINT ( 'NONE',  ( 47.13463462533560033, -3.320554750080270345, 3.188101187499999156 ) ) ;
#6224 = CARTESIAN_POINT ( 'NONE',  ( 31.38463462533559678, -0.6794452499197279893, -3.188101187500000488 ) ) ;
#6225 = CARTESIAN_POINT ( 'NONE',  ( 38.97838462533560033, 0.2543279687901365826, -2.254327968790134307 ) ) ;
#6226 = VECTOR ( 'NONE', #3603, 1000.000000000000000 ) ;
#6227 = ORIENTED_EDGE ( 'NONE', *, *, #6748, .F. ) ;
#6228 = DIRECTION ( 'NONE',  ( -3.430248998885766570E-15, 1.000000000000000000, -0.000000000000000000 ) ) ;
#6229 = CARTESIAN_POINT ( 'NONE',  ( 39.25963462533560744, -0.6794452499197282114, -3.188101187500000044 ) ) ;
#6230 = CARTESIAN_POINT ( 'NONE',  ( 41.50963462738398846, 0.8284271247461921783, -2.828427124746189847 ) ) ;
#6231 = CARTESIAN_POINT ( 'NONE',  ( 47.69713462533560744, -3.320554750080268125, -3.188101187500001377 ) ) ;
#6232 = CARTESIAN_POINT ( 'NONE',  ( -1.320554750080228601, -0.6249999979516295268, -3.188101187499973399 ) ) ;
#6233 = DIRECTION ( 'NONE',  ( -3.430248998885766570E-15, 1.000000000000000000, -0.000000000000000000 ) ) ;
#6234 = CARTESIAN_POINT ( 'NONE',  ( 1.320554750080276563, 3.500000002048380132, 3.188101187499972955 ) ) ;
#6235 = CARTESIAN_POINT ( 'NONE',  ( 46.29088462533560033, -5.188101187499998268, -5.856446871944625661E-16 ) ) ;
#6236 = EDGE_CURVE ( 'NONE', #1357, #1154, #3208, .T. ) ;
#6237 = CARTESIAN_POINT ( 'NONE',  ( 35.13463462328721221, -1.999999999999997780, -4.000000000000000000 ) ) ;
#6238 = CARTESIAN_POINT ( 'NONE',  ( 36.63463462738398135, -4.828427124746188959, -2.828427124746190735 ) ) ;
#6239 = ORIENTED_EDGE ( 'NONE', *, *, #6371, .F. ) ;
#6240 = CARTESIAN_POINT ( 'NONE',  ( 1.320554750080266349, 6.500000002048381020, 3.188101187499972955 ) ) ;
#6241 =( BOUNDED_CURVE ( )  B_SPLINE_CURVE ( 2, ( #2959, #6902, #5837, #742, #5284, #1735, #4008, #2893, #1805 ),
 .UNSPECIFIED., .F., .T. ) 
 B_SPLINE_CURVE_WITH_KNOTS ( ( 3, 2, 2, 2, 3 ),
 ( 0.7727272727272725961, 0.7840909090909089496, 0.7954545454545453032, 0.8068181818181816567, 0.8181818181818181213 ),
 .UNSPECIFIED. ) 
 CURVE ( )  GEOMETRIC_REPRESENTATION_ITEM ( )  RATIONAL_B_SPLINE_CURVE ( ( 1.000000000000000666, 0.9238795325112859613, 1.000000000000000000, 0.9238795325112867385, 1.000000000000000000, 0.9238795325112867385, 1.000000000000000000, 0.9238795325112875156, 0.9999999999999992228 ) ) 
 REPRESENTATION_ITEM ( '' )  );
#6242 = CARTESIAN_POINT ( 'NONE',  ( 38.97838462328721931, -3.656854249492364151, 4.000000000000017764 ) ) ;
#6243 = VECTOR ( 'NONE', #5352, 1000.000000000000000 ) ;
#6244 = FACE_OUTER_BOUND ( 'NONE', #5416, .T. ) ;
#6245 = CARTESIAN_POINT ( 'NONE',  ( -3.999999999999937828, -2.312499995903248617, 0.000000000000000000 ) ) ;
#6246 = CARTESIAN_POINT ( 'NONE',  ( 46.85338462328720510, -5.999999999999997335, -1.656854249492382580 ) ) ;
#6247 = CARTESIAN_POINT ( 'NONE',  ( 28.00963462533560389, -3.320554750080270345, 3.188101187499999156 ) ) ;
#6248 = DIRECTION ( 'NONE',  ( 0.000000000000000000, 0.000000000000000000, 1.000000000000000000 ) ) ;
#6249 = ORIENTED_EDGE ( 'NONE', *, *, #2595, .T. ) ;
#6250 = CARTESIAN_POINT ( 'NONE',  ( 1.656854249492416997, -5.031250000000011546, 3.999999999999972911 ) ) ;
#6251 = CARTESIAN_POINT ( 'NONE',  ( 2.254327968790128534, 4.718750002048383685, 2.254327968790115655 ) ) ;
#6252 = CARTESIAN_POINT ( 'NONE',  ( 34.38463462738398846, 0.8284271247461921783, 2.828427124746190291 ) ) ;
#6253 = CARTESIAN_POINT ( 'NONE',  ( 1.320554750080312756, -6.999999997951622532, 3.188101187499972955 ) ) ;
#6254 = CARTESIAN_POINT ( 'NONE',  ( 3.761707544071808224E-14, -2.593749997951625197, 3.188101187499973399 ) ) ;
#6255 = CLOSED_SHELL ( 'NONE', ( #1919, #5491, #1107, #1834, #2247, #5350, #949, #4372, #4673, #5265, #816, #7179, #734, #3515, #7224, #3378, #6582, #6547, #3810, #4948, #5781, #1820, #221, #3674, #3436, #7018, #73, #4070, #540, #6119, #5958, #2894, #3183, #2977, #7130, #6966, #5806, #1960, #6289, #2798, #4913, #2651, #3264, #169, #595, #4284, #6077, #2961, #7394, #1149, #5512, #514, #6343, #6355 ) ) ;
#6256 = CARTESIAN_POINT ( 'NONE',  ( 5.095123841545272282E-14, -6.437499995903237071, 3.999999999999974243 ) ) ;
#6257 = VERTEX_POINT ( 'NONE', #2465 ) ;
#6258 = CARTESIAN_POINT ( 'NONE',  ( 29.41588462533560033, -1.999999999999998224, 3.188101187500000044 ) ) ;
#6259 = CARTESIAN_POINT ( 'NONE',  ( 47.41588462533560033, -1.999999999999998224, 3.188101187500000044 ) ) ;
#6260 = CARTESIAN_POINT ( 'NONE',  ( 38.69713462533560033, -3.320554750080268569, -3.188101187500000933 ) ) ;
#6261 = CARTESIAN_POINT ( 'NONE',  ( 33.91588462533559323, -5.188101187499998268, -5.856446871944625661E-16 ) ) ;
#6262 = LINE ( 'NONE', #598, #3110 ) ;
#6263 = CARTESIAN_POINT ( 'NONE',  ( 49.85338462328720510, -5.999999999999997335, -1.656854249492382580 ) ) ;
#6264 = CARTESIAN_POINT ( 'NONE',  ( 31.94713462328720865, -4.828427124746188959, -2.828427124746190735 ) ) ;
#6265 = PERSON_AND_ORGANIZATION ( #6710, #6828 ) ;
#6266 = CARTESIAN_POINT ( 'NONE',  ( 34.75963462533560744, -0.6794452499197282114, -3.188101187500000044 ) ) ;
#6267 = CARTESIAN_POINT ( 'NONE',  ( 42.44713462738398846, -5.999999999999998224, -7.347880794884119736E-16 ) ) ;
#6268 = CARTESIAN_POINT ( 'NONE',  ( 46.75963462533560744, 1.188101187500002043, 1.320554750080270123 ) ) ;
#6269 = CARTESIAN_POINT ( 'NONE',  ( 2.011375198822402831E-14, 2.281250002048375691, -3.188101187499973399 ) ) ;
#6270 = CARTESIAN_POINT ( 'NONE',  ( 3.999999999999993339, 2.749999999999999112, -4.898587196589381274E-16 ) ) ;
#6271 = CARTESIAN_POINT ( 'NONE',  ( 46.57213462738398846, -1.999999999999998224, 4.000000000000000000 ) ) ;
#6272 = CARTESIAN_POINT ( 'NONE',  ( -3.188101187499945421, -0.06249999795163597299, -1.320554750080258799 ) ) ;
#6273 = CARTESIAN_POINT ( 'NONE',  ( 26.50963462533560033, -3.320554750080270345, 3.188101187499999156 ) ) ;
#6274 = EDGE_CURVE ( 'NONE', #5293, #1791, #3591, .T. ) ;
#6275 = CARTESIAN_POINT ( 'NONE',  ( 46.57213462533560033, -3.320554750080268569, -3.188101187500000488 ) ) ;
#6276 = CARTESIAN_POINT ( 'NONE',  ( 34.38463462328721221, -1.999999999999998224, 4.000000000000000000 ) ) ;
#6277 = CARTESIAN_POINT ( 'NONE',  ( 35.41588462328720510, 2.000000000000001776, -1.656854249492380138 ) ) ;
#6278 = CARTESIAN_POINT ( 'NONE',  ( 3.188101187499988054, 3.875000002048387238, -1.320554750080259021 ) ) ;
#6279 =( NAMED_UNIT ( * ) PLANE_ANGLE_UNIT ( ) SI_UNIT ( $, .RADIAN. ) );
#6280 = CARTESIAN_POINT ( 'NONE',  ( 1.320554750080310091, -6.812499997951620756, -3.188101187499973843 ) ) ;
#6281 = CARTESIAN_POINT ( 'NONE',  ( 1.656854249492411446, -3.343749995903229966, 3.999999999999972911 ) ) ;
#6282 = CYLINDRICAL_SURFACE ( 'NONE', #388, 4.000000000000000000 ) ;
#6283 = CARTESIAN_POINT ( 'NONE',  ( 29.41588462533560033, -1.999999999999998224, 3.188101187500000044 ) ) ;
#6284 = DIRECTION ( 'NONE',  ( -1.000000000000000000, -0.000000000000000000, -0.000000000000000000 ) ) ;
#6285 = EDGE_LOOP ( 'NONE', ( #310, #6189, #5259 ) ) ;
#6286 = CARTESIAN_POINT ( 'NONE',  ( 1.496837848989537648E-14, 3.781250002048376135, -3.188101187499973399 ) ) ;
#6287 = CARTESIAN_POINT ( 'NONE',  ( -2.254327968790077463, -2.781249997951633190, 2.254327968790116543 ) ) ;
#6288 = CARTESIAN_POINT ( 'NONE',  ( -2.254327968790072578, -4.656249997951633190, -2.254327968790116099 ) ) ;
#6289 = ADVANCED_FACE ( 'NONE', ( #1946 ), #1267, .T. ) ;
#6290 = CARTESIAN_POINT ( 'NONE',  ( 5.768958122362782726E-14, -8.687499995903236183, -3.999999999999974243 ) ) ;
#6291 = AXIS2_PLACEMENT_3D ( 'NONE', #1918, #5232, #756 ) ;
#6292 = ORIENTED_EDGE ( 'NONE', *, *, #1869, .F. ) ;
#6293 = CARTESIAN_POINT ( 'NONE',  ( 47.22838462533560033, 0.2543279687901365826, 2.254327968790134751 ) ) ;
#6294 = CARTESIAN_POINT ( 'NONE',  ( 43.00963462533559323, -5.188101187499998268, -1.320554750080271900 ) ) ;
#6295 = DIRECTION ( 'NONE',  ( -3.430248998885765781E-15, 1.000000000000000000, -0.000000000000000000 ) ) ;
#6296 = ORIENTED_EDGE ( 'NONE', *, *, #935, .T. ) ;
#6297 = DIRECTION ( 'NONE',  ( -3.430248998885765781E-15, 1.000000000000000000, -0.000000000000000000 ) ) ;
#6298 = APPROVAL_STATUS ( 'not_yet_approved' ) ;
#6299 = CARTESIAN_POINT ( 'NONE',  ( 36.44713462533560033, 1.188101187500001599, -1.320554750080269679 ) ) ;
#6300 = CARTESIAN_POINT ( 'NONE',  ( 32.60338462738398846, 2.000000000000001776, -1.656854249492380360 ) ) ;
#6301 = CARTESIAN_POINT ( 'NONE',  ( 43.57213462533560033, 1.188101187500002043, -1.320554750080270123 ) ) ;
#6302 = CARTESIAN_POINT ( 'NONE',  ( 3.188101187500022693, -5.687499997951614539, 1.320554750080258577 ) ) ;
#6303 = CARTESIAN_POINT ( 'NONE',  ( -1.656854249492360820, 5.281249999999980460, 3.999999999999973355 ) ) ;
#6304 = CARTESIAN_POINT ( 'NONE',  ( 1.320554750080293438, -1.937499997951620534, -3.188101187499973843 ) ) ;
#6305 = AXIS2_PLACEMENT_3D ( 'NONE', #2318, #1284, #63 ) ;
#6306 = CARTESIAN_POINT ( 'NONE',  ( 49.75963462533561454, -0.6794452499197282114, -3.188101187500000044 ) ) ;
#6307 = CARTESIAN_POINT ( 'NONE',  ( 41.97838462328721221, -3.656854249492381914, 3.999999999999999112 ) ) ;
#6308 = CARTESIAN_POINT ( 'NONE',  ( 1.882740861364186614E-14, 2.656250002048376135, -3.188101187499973399 ) ) ;
#6309 = DIRECTION ( 'NONE',  ( 1.000000000000000000, 0.000000000000000000, 0.000000000000000000 ) ) ;
#6310 = CARTESIAN_POINT ( 'NONE',  ( 1.957527463476116836, -8.811048504500817558, 2.551128474104174426 ) ) ;
#6311 = CARTESIAN_POINT ( 'NONE',  ( 4.000000000000001776, 0.03125000409677936714, -1.656854249492369924 ) ) ;
#6312 = LINE ( 'NONE', #3538, #6226 ) ;
#6313 = VECTOR ( 'NONE', #3128, 1000.000000000000000 ) ;
#6314 = CARTESIAN_POINT ( 'NONE',  ( 38.88463462328720510, -1.999999999999998224, 4.000000000000000000 ) ) ;
#6315 = VERTEX_POINT ( 'NONE', #3627 ) ;
#6316 = CARTESIAN_POINT ( 'NONE',  ( 3.188101187499986278, 4.812500002048387238, 1.320554750080258577 ) ) ;
#6317 = CARTESIAN_POINT ( 'NONE',  ( 1.320554750080303652, -4.937499997951620756, -3.188101187499973399 ) ) ;
#6318 = CARTESIAN_POINT ( 'NONE',  ( -3.188101187499919220, -7.374999997951637631, 1.320554750080261019 ) ) ;
#6319 = CARTESIAN_POINT ( 'NONE',  ( -3.999999999999927613, -5.218749995903249506, 1.656854249492372588 ) ) ;
#6320 = ORIENTED_EDGE ( 'NONE', *, *, #2458, .F. ) ;
#6321 = CARTESIAN_POINT ( 'NONE',  ( 28.19713462533560744, -5.188101187499998268, 1.320554750080270345 ) ) ;
#6322 = CARTESIAN_POINT ( 'NONE',  ( 46.94713462533560033, 1.188101187500001599, -1.320554750080269679 ) ) ;
#6323 = CARTESIAN_POINT ( 'NONE',  ( 40.66588462533560033, 1.188101187500002043, 1.952148957314875467E-16 ) ) ;
#6324 = CARTESIAN_POINT ( 'NONE',  ( 1.493362392715216003E-14, 4.062500004096765593, 3.999999999999974243 ) ) ;
#6325 = CARTESIAN_POINT ( 'NONE',  ( 32.13463462328721221, -1.999999999999997780, -4.000000000000000000 ) ) ;
#6326 = APPROVAL_STATUS ( 'not_yet_approved' ) ;
#6327 = EDGE_CURVE ( 'NONE', #1224, #5244, #1844, .T. ) ;
#6328 = CARTESIAN_POINT ( 'NONE',  ( 33.54088462533560033, 1.188101187500001599, 1.952148957314875220E-16 ) ) ;
#6329 = CARTESIAN_POINT ( 'NONE',  ( 32.13463462738398846, -4.828427124746188959, -2.828427124746190735 ) ) ;
#6330 = CARTESIAN_POINT ( 'NONE',  ( 43.85338462533560744, 0.2543279687901370267, 2.254327968790135195 ) ) ;
#6331 = CARTESIAN_POINT ( 'NONE',  ( 3.188101187500020472, -5.499999997951614539, -1.320554750080259243 ) ) ;
#6332 =( GEOMETRIC_REPRESENTATION_CONTEXT ( 3 ) GLOBAL_UNCERTAINTY_ASSIGNED_CONTEXT ( ( #2131 ) ) GLOBAL_UNIT_ASSIGNED_CONTEXT ( ( #2822, #2294, #5678 ) ) REPRESENTATION_CONTEXT ( 'NONE', 'WORKASPACE' ) );
#6333 = DIRECTION ( 'NONE',  ( 0.000000000000000000, 0.000000000000000000, -1.000000000000000000 ) ) ;
#6334 = CARTESIAN_POINT ( 'NONE',  ( 1.320554750080283224, 1.062500002048379688, -3.188101187499973843 ) ) ;
#6335 = CARTESIAN_POINT ( 'NONE',  ( 45.82213462328721221, 0.8284271247461921783, -2.828427124746189847 ) ) ;
#6336 = ORIENTED_EDGE ( 'NONE', *, *, #1408, .F. ) ;
#6337 = APPROVAL ( #5252, 'UNSPECIFIED' ) ;
#6338 = DIRECTION ( 'NONE',  ( 0.000000000000000000, 0.000000000000000000, 1.000000000000000000 ) ) ;
#6339 = CARTESIAN_POINT ( 'NONE',  ( -2.828427124746154764, 3.312499999999975131, -2.828427124746171639 ) ) ;
#6340 = CARTESIAN_POINT ( 'NONE',  ( 28.94713462328720865, -4.828427124746188959, -2.828427124746190735 ) ) ;
#6341 = CARTESIAN_POINT ( 'NONE',  ( -2.254327968790103665, 4.718750002048369474, 2.254327968790116543 ) ) ;
#6342 = CARTESIAN_POINT ( 'NONE',  ( 1.656854249492387021, 3.031249999999990230, -3.999999999999974243 ) ) ;
#6343 = ADVANCED_FACE ( 'NONE', ( #2966 ), #305, .T. ) ;
#6344 = CARTESIAN_POINT ( 'NONE',  ( -2.828427124746129895, -3.999999995903245953, -2.828427124746171639 ) ) ;
#6345 = CARTESIAN_POINT ( 'NONE',  ( -1.656854249492355269, 3.781249999999980904, 3.999999999999973355 ) ) ;
#6346 = CARTESIAN_POINT ( 'NONE',  ( 28.10338462533560033, -4.254327968790133419, 2.254327968790133863 ) ) ;
#6347 = CARTESIAN_POINT ( 'NONE',  ( 49.38463462328721221, -1.999999999999998224, 4.000000000000000000 ) ) ;
#6348 = ORIENTED_EDGE ( 'NONE', *, *, #6274, .F. ) ;
#6349 = CARTESIAN_POINT ( 'NONE',  ( -1.320554750080238815, 2.375000002048372139, -3.188101187499973843 ) ) ;
#6350 = CARTESIAN_POINT ( 'NONE',  ( 5.305319593570404088E-14, -7.093749997951626085, 3.188101187499973399 ) ) ;
#6351 = CARTESIAN_POINT ( 'NONE',  ( 45.54088462738398846, -5.999999999999997335, -1.656854249492382580 ) ) ;
#6352 =( BOUNDED_CURVE ( )  B_SPLINE_CURVE ( 2, ( #1514, #3726, #2086, #886, #6544, #1937, #3800, #5468, #3200 ),
 .UNSPECIFIED., .F., .T. ) 
 B_SPLINE_CURVE_WITH_KNOTS ( ( 3, 2, 2, 2, 3 ),
 ( 0.1250000000000000833, 0.1328125000000000833, 0.1406250000000001110, 0.1484375000000001110, 0.1562500000000001110 ),
 .UNSPECIFIED. ) 
 CURVE ( )  GEOMETRIC_REPRESENTATION_ITEM ( )  RATIONAL_B_SPLINE_CURVE ( ( 0.9999999999999992228, 0.9238795325112875156, 1.000000000000000000, 0.9238795325112867385, 1.000000000000000000, 0.9238795325112867385, 1.000000000000000000, 0.9238795325112856283, 1.000000000000001110 ) ) 
 REPRESENTATION_ITEM ( '' )  );
#6353 = CARTESIAN_POINT ( 'NONE',  ( -2.828427124746125010, -5.499999995903245065, -2.828427124746171639 ) ) ;
#6354 = VECTOR ( 'NONE', #3891, 1000.000000000000000 ) ;
#6355 = ADVANCED_FACE ( 'NONE', ( #1250 ), #2911, .T. ) ;
#6356 = VERTEX_POINT ( 'NONE', #7263 ) ;
#6357 = CARTESIAN_POINT ( 'NONE',  ( 47.79088462533560033, -5.188101187499998268, -5.856446871944625661E-16 ) ) ;
#6358 = CARTESIAN_POINT ( 'NONE',  ( 42.25963462533560744, 1.188101187500002043, 1.320554750080270123 ) ) ;
#6359 = CARTESIAN_POINT ( 'NONE',  ( -3.999999999999908962, -6.906250000000029310, 1.656854249492384579 ) ) ;
#6360 = ADVANCED_FACE ( 'NONE', ( #1512 ), #957, .F. ) ;
#6361 =( BOUNDED_CURVE ( )  B_SPLINE_CURVE ( 2, ( #3953, #2877, #2197, #1074, #3911, #6211, #3400, #551, #1755, #6737, #1223 ),
 .UNSPECIFIED., .F., .T. ) 
 B_SPLINE_CURVE_WITH_KNOTS ( ( 3, 2, 2, 2, 2, 3 ),
 ( 0.3281177050926362693, 0.3398361353588751355, 0.3515546227850432359, 0.3632731102112114474, 0.3749915976373795479, 0.3749916393499644895 ),
 .UNSPECIFIED. ) 
 CURVE ( )  GEOMETRIC_REPRESENTATION_ITEM ( )  RATIONAL_B_SPLINE_CURVE ( ( 0.9999992574093987674, 0.9238799038083984616, 1.000000000000000000, 0.9238795325112867385, 1.000000000000000000, 0.9238795325112867385, 1.000000000000000000, 0.9238795325112867385, 1.000000000000000000, 0.9999997290451103638, 0.9999994580921497400 ) ) 
 REPRESENTATION_ITEM ( '' )  );
#6362 = CARTESIAN_POINT ( 'NONE',  ( -3.999999999999953371, 2.281250004096751827, 1.656854249492372588 ) ) ;
#6363 = CARTESIAN_POINT ( 'NONE',  ( 11.39560394039185454, -8.785219337515417948, 4.246241348323723130 ) ) ;
#6364 = APPROVAL_DATE_TIME ( #74, #925 ) ;
#6365 = CARTESIAN_POINT ( 'NONE',  ( 36.91588462533560033, -1.999999999999998224, 3.188101187500000044 ) ) ;
#6366 = CARTESIAN_POINT ( 'NONE',  ( 33.82213462738398135, -1.999999999999997780, -4.000000000000000000 ) ) ;
#6367 = CARTESIAN_POINT ( 'NONE',  ( 43.10338462533560744, -4.254327968790133419, -2.254327968790135639 ) ) ;
#6368 = CARTESIAN_POINT ( 'NONE',  ( -2.254327968790071690, -4.656249997951633190, 2.254327968790116543 ) ) ;
#6369 = CARTESIAN_POINT ( 'NONE',  ( 47.97838462533560033, 0.2543279687901365826, -2.254327968790134307 ) ) ;
#6370 = CARTESIAN_POINT ( 'NONE',  ( 48.35338462328720510, -5.999999999999997335, -1.656854249492382580 ) ) ;
#6371 = EDGE_CURVE ( 'NONE', #255, #6593, #5981, .T. ) ;
#6372 = ORIENTED_EDGE ( 'NONE', *, *, #4327, .F. ) ;
#6373 = FACE_OUTER_BOUND ( 'NONE', #1474, .T. ) ;
#6374 = CARTESIAN_POINT ( 'NONE',  ( -3.999999999999952482, 1.999999999999971356, 0.000000000000000000 ) ) ;
#6375 = FACE_OUTER_BOUND ( 'NONE', #996, .T. ) ;
#6376 = CARTESIAN_POINT ( 'NONE',  ( -2.254327968790077019, -3.156249997951633635, -2.254327968790116099 ) ) ;
#6377 = CARTESIAN_POINT ( 'NONE',  ( 34.29088462738398846, 2.000000000000001776, 1.656854249492380804 ) ) ;
#6378 = CARTESIAN_POINT ( 'NONE',  ( -3.999999999999973355, 7.999999999999972466, 0.000000000000000000 ) ) ;
#6379 = CARTESIAN_POINT ( 'NONE',  ( -1.656854249492317299, -7.093749995903242400, -3.999999999999974243 ) ) ;
#6380 = CARTESIAN_POINT ( 'NONE',  ( -2.828427124746155208, 3.687499999999975575, 2.828427124746172083 ) ) ;
#6381 = CARTESIAN_POINT ( 'NONE',  ( 48.54088462738399556, -5.999999999999997335, -1.656854249492382580 ) ) ;
#6382 = CARTESIAN_POINT ( 'NONE',  ( 4.580586491712406783E-14, -4.937499995903235295, 3.999999999999974243 ) ) ;
#6383 = EDGE_LOOP ( 'NONE', ( #1283, #7102, #1305, #3873 ) ) ;
#6384 = CARTESIAN_POINT ( 'NONE',  ( 2.254327968790123204, 6.218750002048384573, 2.254327968790115655 ) ) ;
#6385 = CARTESIAN_POINT ( 'NONE',  ( 3.188101187500021361, -5.312499997951614539, 1.320554750080258577 ) ) ;
#6386 = CARTESIAN_POINT ( 'NONE',  ( 29.69713462533560389, -3.320554750080268125, -3.188101187500001377 ) ) ;
#6387 = CARTESIAN_POINT ( 'NONE',  ( 3.188101187499986278, 4.812500002048387238, 1.320554750080258577 ) ) ;
#6388 = ORIENTED_EDGE ( 'NONE', *, *, #1869, .T. ) ;
#6389 = CARTESIAN_POINT ( 'NONE',  ( 43.85338462533560744, 0.2543279687901365826, -2.254327968790134307 ) ) ;
#6390 = CARTESIAN_POINT ( 'NONE',  ( 40.29088462533560033, -1.999999999999997780, -3.188101187500000488 ) ) ;
#6391 = CARTESIAN_POINT ( 'NONE',  ( -3.999999999999974243, 8.201801801801787306, 0.000000000000000000 ) ) ;
#6392 = CARTESIAN_POINT ( 'NONE',  ( 48.82213462738398846, -1.999999999999997780, -4.000000000000000000 ) ) ;
#6393 = CARTESIAN_POINT ( 'NONE',  ( 1.656854249492412334, -3.531250000000010214, 3.999999999999972911 ) ) ;
#6394 = CARTESIAN_POINT ( 'NONE',  ( 40.29088462328721221, -0.3431457505076178638, 4.000000000000000000 ) ) ;
#6395 = CARTESIAN_POINT ( 'NONE',  ( 45.72838462533560033, 0.2543279687901365826, 2.254327968790134751 ) ) ;
#6396 = PERSON_AND_ORGANIZATION ( #6710, #6828 ) ;
#6397 = CARTESIAN_POINT ( 'NONE',  ( 34.29088462533559323, -5.188101187499998268, -5.856446871944625661E-16 ) ) ;
#6398 = CARTESIAN_POINT ( 'NONE',  ( 34.29088462738398846, 2.000000000000001776, 1.656854249492381026 ) ) ;
#6399 = CARTESIAN_POINT ( 'NONE',  ( 46.10338462533560033, -4.254327968790133419, -2.254327968790135639 ) ) ;
#6400 = CARTESIAN_POINT ( 'NONE',  ( 1.320554750080314088, -7.374999997951622532, 3.188101187499972955 ) ) ;
#6401 = CARTESIAN_POINT ( 'NONE',  ( 50.04088462533560033, -1.999999999999998224, 3.188101187500000044 ) ) ;
#6402 = CARTESIAN_POINT ( 'NONE',  ( 43.85338462328720510, -5.999999999999997335, -1.656854249492382580 ) ) ;
#6403 = ORIENTED_EDGE ( 'NONE', *, *, #3052, .T. ) ;
#6404 = PLANE ( 'NONE',  #5126 ) ;
#6405 = CARTESIAN_POINT ( 'NONE',  ( -1.656854249492345277, 0.7812499999999797939, 3.999999999999972911 ) ) ;
#6406 = CARTESIAN_POINT ( 'NONE',  ( 41.88463462328721221, -1.999999999999998224, 4.000000000000000000 ) ) ;
#6407 = CARTESIAN_POINT ( 'NONE',  ( 3.188101187500008926, -2.218749997951613651, -3.904297914629718393E-16 ) ) ;
#6408 = CARTESIAN_POINT ( 'NONE',  ( 38.32213462738398846, -1.999999999999997780, -4.000000000000000000 ) ) ;
#6409 = CONICAL_SURFACE ( 'NONE', #7393, 4.000000000000000000, 0.3183626660897629357 ) ;
#6410 = CARTESIAN_POINT ( 'NONE',  ( -2.828427124746170751, 7.812499999999976019, -2.828427124746171639 ) ) ;
#6411 = CARTESIAN_POINT ( 'NONE',  ( -3.999999999999932498, -3.906249995903250394, -1.656854249492369702 ) ) ;
#6412 = CARTESIAN_POINT ( 'NONE',  ( 2.828427124746210275, -3.062500000000004441, -2.828427124746171639 ) ) ;
#6413 = MANIFOLD_SOLID_BREP ( 'Thread1', #2092 ) ;
#6414 = CARTESIAN_POINT ( 'NONE',  ( 47.60338462738398846, 2.000000000000001776, -1.656854249492380360 ) ) ;
#6415 = CARTESIAN_POINT ( 'NONE',  ( 1.656854249492417219, -5.781249995903229966, -3.999999999999974243 ) ) ;
#6416 = ORIENTED_EDGE ( 'NONE', *, *, #4610, .T. ) ;
#6417 = CARTESIAN_POINT ( 'NONE',  ( -2.254327968790076575, -3.156249997951633635, 2.254327968790116543 ) ) ;
#6418 = FACE_OUTER_BOUND ( 'NONE', #1729, .T. ) ;
#6419 = CARTESIAN_POINT ( 'NONE',  ( 29.97838462533560033, 0.2543279687901370267, -2.254327968790134751 ) ) ;
#6420 = CARTESIAN_POINT ( 'NONE',  ( 2.011375198822402831E-14, 2.281250002048375691, -3.188101187499973399 ) ) ;
#6421 = ORIENTED_EDGE ( 'NONE', *, *, #2328, .T. ) ;
#6422 = ORIENTED_EDGE ( 'NONE', *, *, #4690, .F. ) ;
#6423 = CARTESIAN_POINT ( 'NONE',  ( 39.72838462533560033, 0.2543279687901365826, 2.254327968790134751 ) ) ;
#6424 = CARTESIAN_POINT ( 'NONE',  ( 31.75963462533559678, 1.188101187500002043, 1.320554750080270123 ) ) ;
#6425 = CARTESIAN_POINT ( 'NONE',  ( 0.000000000000000000, 8.201801801801801517, 0.000000000000000000 ) ) ;
#6426 = CARTESIAN_POINT ( 'NONE',  ( -1.656854249492350384, 2.281249999999980460, 3.999999999999973355 ) ) ;
#6427 = AXIS2_PLACEMENT_3D ( 'NONE', #5077, #2818, #564 ) ;
#6428 = CARTESIAN_POINT ( 'NONE',  ( -1.656854249492329734, -3.718750000000020428, 3.999999999999972911 ) ) ;
#6429 = CARTESIAN_POINT ( 'NONE',  ( -1.656854249492319964, -6.531249995903242400, 3.999999999999973355 ) ) ;
#6430 = EDGE_CURVE ( 'NONE', #3484, #4648, #3596, .T. ) ;
#6431 = CARTESIAN_POINT ( 'NONE',  ( 41.79088462533560033, -5.188101187499998268, -5.856446871944625661E-16 ) ) ;
#6432 =( BOUNDED_CURVE ( )  B_SPLINE_CURVE ( 2, ( #2939, #121, #2406, #6947, #153, #4114, #4742, #6307, #6406 ),
 .UNSPECIFIED., .F., .F. ) 
 B_SPLINE_CURVE_WITH_KNOTS ( ( 3, 2, 2, 2, 3 ),
 ( 0.3437499999999999445, 0.3515624999999999445, 0.3593750000000000000, 0.3671875000000000000, 0.3750000000000000000 ),
 .UNSPECIFIED. ) 
 CURVE ( )  GEOMETRIC_REPRESENTATION_ITEM ( )  RATIONAL_B_SPLINE_CURVE ( ( 1.000000000000000444, 0.9238795325112861834, 1.000000000000000000, 0.9238795325112867385, 1.000000000000000000, 0.9238795325112867385, 1.000000000000000000, 0.9238795325112867385, 1.000000000000000000 ) ) 
 REPRESENTATION_ITEM ( '' )  );
#6433 = CALENDAR_DATE ( 2026, 27, 9 ) ;
#6434 = CARTESIAN_POINT ( 'NONE',  ( 29.97838462533560033, -4.254327968790132530, -2.254327968790135195 ) ) ;
#6435 = CARTESIAN_POINT ( 'NONE',  ( 34.19713462738398135, 2.000000000000001776, 2.449293598294706414E-16 ) ) ;
#6436 = CARTESIAN_POINT ( 'NONE',  ( 41.69713462533560744, -3.320554750080268125, -3.188101187500001377 ) ) ;
#6437 = CARTESIAN_POINT ( 'NONE',  ( 4.404879231362890255E-14, -4.468749997951625197, 3.188101187499973399 ) ) ;
#6438 = CARTESIAN_POINT ( 'NONE',  ( 37.19713462328720510, 0.8284271247461921783, 2.828427124746190291 ) ) ;
#6439 = CARTESIAN_POINT ( 'NONE',  ( 46.57213462328721221, -4.828427124746188959, 2.828427124746189403 ) ) ;
#6440 = VERTEX_POINT ( 'NONE', #5734 ) ;
#6441 = EDGE_CURVE ( 'NONE', #5616, #6356, #6188, .T. ) ;
#6442 = CC_DESIGN_SECURITY_CLASSIFICATION ( #2656, ( #741 ) ) ;
#6443 = CARTESIAN_POINT ( 'NONE',  ( 45.63463462328720510, -1.999999999999997780, -4.000000000000000000 ) ) ;
#6444 = CARTESIAN_POINT ( 'NONE',  ( 1.652659323699860949E-14, 3.312500004096765593, -3.999999999999974243 ) ) ;
#6445 = CARTESIAN_POINT ( 'NONE',  ( 3.999999999999993339, 2.749999999999999112, -4.898587196589381274E-16 ) ) ;
#6446 = CARTESIAN_POINT ( 'NONE',  ( 2.681734023365591314E-14, 0.3125000040967648718, -3.999999999999974243 ) ) ;
#6447 = CARTESIAN_POINT ( 'NONE',  ( -1.320554750080216833, -4.187499997951629638, 3.188101187499973399 ) ) ;
#6448 = CARTESIAN_POINT ( 'NONE',  ( 34.00963462328721221, 2.000000000000001776, 2.449293598294706414E-16 ) ) ;
#6449 = VECTOR ( 'NONE', #7092, 1000.000000000000000 ) ;
#6450 = CARTESIAN_POINT ( 'NONE',  ( -3.999999999999968470, 6.406249999999972466, -1.656854249492369702 ) ) ;
#6451 = CARTESIAN_POINT ( 'NONE',  ( -1.656854249492314857, -8.031249995903243288, 3.999999999999972911 ) ) ;
#6452 = CARTESIAN_POINT ( 'NONE',  ( 36.44713462328720510, -4.828427124746188959, -2.828427124746190735 ) ) ;
#6453 = CARTESIAN_POINT ( 'NONE',  ( 47.88463462738398846, 0.8284271247461921783, 2.828427124746190291 ) ) ;
#6454 = LINE ( 'NONE', #6494, #4248 ) ;
#6455 = EDGE_LOOP ( 'NONE', ( #2953, #5041, #5918, #7237 ) ) ;
#6456 = CARTESIAN_POINT ( 'NONE',  ( 1.320554750080293438, -1.374999997951620090, 3.188101187499972955 ) ) ;
#6457 = DIRECTION ( 'NONE',  ( -3.430248998885766570E-15, 1.000000000000000000, -0.000000000000000000 ) ) ;
#6458 = CARTESIAN_POINT ( 'NONE',  ( 26.69713462533560033, -3.320554750080268125, -3.188101187500001377 ) ) ;
#6459 = CARTESIAN_POINT ( 'NONE',  ( -1.320554750080244366, 3.875000002048371694, -3.188101187499973843 ) ) ;
#6460 = EDGE_CURVE ( 'NONE', #4990, #3104, #6660, .T. ) ;
#6461 = ORIENTED_EDGE ( 'NONE', *, *, #984, .F. ) ;
#6462 = CARTESIAN_POINT ( 'NONE',  ( 1.656854249492411890, -3.531250000000010214, 3.999999999999973355 ) ) ;
#6463 = CARTESIAN_POINT ( 'NONE',  ( 41.50963462533560744, -3.320554750080270345, 3.188101187499999156 ) ) ;
#6464 = CARTESIAN_POINT ( 'NONE',  ( 36.54088462533560033, -1.999999999999998224, 3.188101187500000488 ) ) ;
#6465 = CARTESIAN_POINT ( 'NONE',  ( 28.85338462738398491, -5.999999999999997335, 1.656854249492381248 ) ) ;
#6466 = CARTESIAN_POINT ( 'NONE',  ( 8.536661616984564066E-15, 5.656250002048376579, -3.188101187499973399 ) ) ;
#6467 = AXIS2_PLACEMENT_3D ( 'NONE', #5433, #2727, #1560 ) ;
#6468 = APPROVAL ( #109, 'UNSPECIFIED' ) ;
#6469 =( BOUNDED_CURVE ( )  B_SPLINE_CURVE ( 2, ( #4199, #5743, #3612, #6462, #5190, #3649, #5867, #2486, #5903 ),
 .UNSPECIFIED., .F., .F. ) 
 B_SPLINE_CURVE_WITH_KNOTS ( ( 3, 2, 2, 2, 3 ),
 ( 0.6818181818181817677, 0.6931818181818182323, 0.7045454545454545858, 0.7159090909090908283, 0.7272727272727271819 ),
 .UNSPECIFIED. ) 
 CURVE ( )  GEOMETRIC_REPRESENTATION_ITEM ( )  RATIONAL_B_SPLINE_CURVE ( ( 1.000000000000000000, 0.9238795325112867385, 1.000000000000000000, 0.9238795325112867385, 1.000000000000000000, 0.9238795325112867385, 1.000000000000000000, 0.9238795325112875156, 0.9999999999999992228 ) ) 
 REPRESENTATION_ITEM ( '' )  );
#6470 = CARTESIAN_POINT ( 'NONE',  ( 4.000000000000007994, -1.656250000000001554, -1.656854249492369924 ) ) ;
#6471 = COORDINATED_UNIVERSAL_TIME_OFFSET ( 8, 0, .AHEAD. ) ;
#6472 = CARTESIAN_POINT ( 'NONE',  ( 41.22838462533560033, 0.2543279687901365826, 2.254327968790134751 ) ) ;
#6473 = APPROVAL_DATE_TIME ( #7077, #2068 ) ;
#6474 = CARTESIAN_POINT ( 'NONE',  ( 27.72838462533560033, 0.2543279687901365826, 2.254327968790134751 ) ) ;
#6475 = CARTESIAN_POINT ( 'NONE',  ( 25.94713462738398491, -5.999999999999998224, -7.347880794884119736E-16 ) ) ;
#6476 = CARTESIAN_POINT ( 'NONE',  ( 37.38463462533560033, -0.6794452499197279893, -3.188101187500000488 ) ) ;
#6477 = FACE_OUTER_BOUND ( 'NONE', #566, .T. ) ;
#6478 = CARTESIAN_POINT ( 'NONE',  ( 42.44713462533560033, -0.6794452499197284334, 3.188101187499999600 ) ) ;
#6479 = ORIENTED_EDGE ( 'NONE', *, *, #2845, .F. ) ;
#6480 = CARTESIAN_POINT ( 'NONE',  ( 46.75963462328720510, -5.999999999999998224, -7.347880794884119736E-16 ) ) ;
#6481 = ORIENTED_EDGE ( 'NONE', *, *, #4968, .F. ) ;
#6482 =( BOUNDED_CURVE ( )  B_SPLINE_CURVE ( 2, ( #3924, #4395, #1605, #6147, #493, #3292, #7314, #2778, #3415 ),
 .UNSPECIFIED., .F., .T. ) 
 B_SPLINE_CURVE_WITH_KNOTS ( ( 3, 2, 2, 2, 3 ),
 ( 0.4062500000000000000, 0.4140625000000000000, 0.4218750000000000000, 0.4296875000000000000, 0.4375000000000000000 ),
 .UNSPECIFIED. ) 
 CURVE ( )  GEOMETRIC_REPRESENTATION_ITEM ( )  RATIONAL_B_SPLINE_CURVE ( ( 1.000000000000000000, 0.9238795325112867385, 1.000000000000000000, 0.9238795325112867385, 1.000000000000000000, 0.9238795325112867385, 1.000000000000000000, 0.9238795325112867385, 1.000000000000000000 ) ) 
 REPRESENTATION_ITEM ( '' )  );
#6483 = ORIENTED_EDGE ( 'NONE', *, *, #85, .T. ) ;
#6484 = CARTESIAN_POINT ( 'NONE',  ( 46.00963462533560033, -3.320554750080270345, 3.188101187499999156 ) ) ;
#6485 = CARTESIAN_POINT ( 'NONE',  ( 2.828427124746196952, 1.062499999999995781, 2.828427124746171195 ) ) ;
#6486 = CARTESIAN_POINT ( 'NONE',  ( 1.832192482198564657E-14, 3.031250002048375247, 3.188101187499973399 ) ) ;
#6487 = CARTESIAN_POINT ( 'NONE',  ( 1.320554750080302320, -3.999999997951620312, 3.188101187499972955 ) ) ;
#6488 = CARTESIAN_POINT ( 'NONE',  ( 5.557621441077632105E-14, -8.000000000000023093, 0.000000000000000000 ) ) ;
#6489 = ADVANCED_FACE ( 'NONE', ( #97 ), #29, .F. ) ;
#6490 = CARTESIAN_POINT ( 'NONE',  ( 3.999999999999978240, 7.156250000000000000, 1.656854249492369036 ) ) ;
#6491 = CARTESIAN_POINT ( 'NONE',  ( 4.580586491712406783E-14, -4.937499995903235295, 3.999999999999974243 ) ) ;
#6492 = CARTESIAN_POINT ( 'NONE',  ( -3.999999999999957367, 3.406249999999971134, -1.656854249492369702 ) ) ;
#6493 = CARTESIAN_POINT ( 'NONE',  ( 47.32213462738398846, -1.999999999999997780, -4.000000000000000000 ) ) ;
#6494 = CARTESIAN_POINT ( 'NONE',  ( 49.80650962635979795, -1.999999999999998224, 3.594050593750000022 ) ) ;
#6495 = ORIENTED_EDGE ( 'NONE', *, *, #6808, .T. ) ;
#6496 = CARTESIAN_POINT ( 'NONE',  ( 2.828427124746205390, -1.562500000000004885, -2.828427124746171639 ) ) ;
#6497 = CARTESIAN_POINT ( 'NONE',  ( 3.554987248320998379E-14, -2.218749997951624753, -3.188101187499973399 ) ) ;
#6498 = FACE_OUTER_BOUND ( 'NONE', #3913, .T. ) ;
#6499 = CARTESIAN_POINT ( 'NONE',  ( 26.60338462533560033, -4.254327968790133419, -2.254327968790135639 ) ) ;
#6500 = CARTESIAN_POINT ( 'NONE',  ( 1.832192482198564657E-14, 3.031250002048375247, 3.188101187499973399 ) ) ;
#6501 = VECTOR ( 'NONE', #2383, 1000.000000000000000 ) ;
#6502 = EDGE_LOOP ( 'NONE', ( #715, #4160, #7384, #1053 ) ) ;
#6503 = CARTESIAN_POINT ( 'NONE',  ( 49.38463462328721221, -1.999999999999998224, 4.000000000000000000 ) ) ;
#6504 = CARTESIAN_POINT ( 'NONE',  ( 38.13463462533560033, 1.188101187500001599, 1.320554750080270123 ) ) ;
#6505 = CARTESIAN_POINT ( 'NONE',  ( 34.94713462533560744, -0.6794452499197284334, 3.188101187500000044 ) ) ;
#6506 = CARTESIAN_POINT ( 'NONE',  ( 28.57213462738398491, -1.999999999999998224, 4.000000000000000000 ) ) ;
#6507 = EDGE_CURVE ( 'NONE', #600, #3103, #6160, .T. ) ;
#6508 = CARTESIAN_POINT ( 'NONE',  ( 3.188101187499978284, 6.781250002048388126, -3.904297914629718393E-16 ) ) ;
#6509 = CARTESIAN_POINT ( 'NONE',  ( 2.828427124746207610, -1.937500000000005107, 2.828427124746171195 ) ) ;
#6510 = CARTESIAN_POINT ( 'NONE',  ( 3.999999999999809042, -6.062483551048885921, -9.129590110656493444E-07 ) ) ;
#6511 = CARTESIAN_POINT ( 'NONE',  ( 36.54088462533560033, 1.188101187500001599, 1.952148957314875220E-16 ) ) ;
#6512 = APPROVAL_DATE_TIME ( #3767, #4251 ) ;
#6513 = CARTESIAN_POINT ( 'NONE',  ( 29.22838462738398846, -3.656854249492377917, -4.000000000000000888 ) ) ;
#6514 = CARTESIAN_POINT ( 'NONE',  ( 39.07213462533560744, 1.188101187500002043, -1.320554750080270123 ) ) ;
#6515 = CARTESIAN_POINT ( 'NONE',  ( 33.63463462328721221, -1.999999999999997780, -4.000000000000000000 ) ) ;
#6516 =( BOUNDED_CURVE ( )  B_SPLINE_CURVE ( 2, ( #365, #6096, #4354, #2812, #6219, #2127, #2207, #6707, #5633 ),
 .UNSPECIFIED., .F., .F. ) 
 B_SPLINE_CURVE_WITH_KNOTS ( ( 3, 2, 2, 2, 3 ),
 ( 0.4687394995320562918, 0.4804579844728925631, 0.4921764718990607190, 0.5038949593252287640, 0.5156134211109100196 ),
 .UNSPECIFIED. ) 
 CURVE ( )  GEOMETRIC_REPRESENTATION_ITEM ( )  RATIONAL_B_SPLINE_CURVE ( ( 1.000000000000000000, 0.9238795325112867385, 1.000000000000000000, 0.9238795325112867385, 1.000000000000000000, 0.9238795325112867385, 1.000000000000000000, 0.9238795325112867385, 1.000000000000000000 ) ) 
 REPRESENTATION_ITEM ( '' )  );
#6517 = CARTESIAN_POINT ( 'NONE',  ( 47.60338462533560033, -4.254327968790132530, -2.254327968790135195 ) ) ;
#6518 = CARTESIAN_POINT ( 'NONE',  ( 39.82213462328721221, 0.8284271247461921783, -2.828427124746189847 ) ) ;
#6519 = EDGE_LOOP ( 'NONE', ( #6106, #1974, #5696, #485 ) ) ;
#6520 = ORIENTED_EDGE ( 'NONE', *, *, #4236, .F. ) ;
#6521 = CARTESIAN_POINT ( 'NONE',  ( 48.82213462533560744, -0.6794452499197284334, 3.188101187500000044 ) ) ;
#6522 = CARTESIAN_POINT ( 'NONE',  ( 3.188101187500029354, -8.124999997951615427, -1.320554750080259021 ) ) ;
#6523 = CARTESIAN_POINT ( 'NONE',  ( -3.188101187499954303, 2.562500002048364589, -1.320554750080259021 ) ) ;
#6524 = CARTESIAN_POINT ( 'NONE',  ( 3.188101187499999156, 0.8750000020483873486, -1.320554750080259021 ) ) ;
#6525 = FACE_OUTER_BOUND ( 'NONE', #2350, .T. ) ;
#6526 = CARTESIAN_POINT ( 'NONE',  ( 2.746051193499997223E-14, 0.1249999999999844985, -3.999999999999974243 ) ) ;
#6527 = CARTESIAN_POINT ( 'NONE',  ( 47.60338462328721221, 2.000000000000001776, 1.656854249492380804 ) ) ;
#6528 = EDGE_CURVE ( 'NONE', #7159, #3174, #1803, .T. ) ;
#6529 = CARTESIAN_POINT ( 'NONE',  ( 45.44713462328721221, -4.828427124746188959, -2.828427124746190735 ) ) ;
#6530 = CARTESIAN_POINT ( 'NONE',  ( 37.75963462328720510, -5.999999999999998224, -7.347880794884119736E-16 ) ) ;
#6531 = ORIENTED_EDGE ( 'NONE', *, *, #1382, .T. ) ;
#6532 = CARTESIAN_POINT ( 'NONE',  ( -3.999999999999968914, 6.687500004096752271, 0.000000000000000000 ) ) ;
#6533 = CARTESIAN_POINT ( 'NONE',  ( 1.320554750080284556, 0.6875000020483794660, -3.188101187499973843 ) ) ;
#6534 = CARTESIAN_POINT ( 'NONE',  ( -2.828427124746161425, 5.375000004096756712, 2.828427124746172083 ) ) ;
#6535 = CARTESIAN_POINT ( 'NONE',  ( -3.188101187499965405, 6.125000002048365033, 1.320554750080261019 ) ) ;
#6536 = CARTESIAN_POINT ( 'NONE',  ( 33.16588462328720510, -5.999999999999997335, 1.656854249492381248 ) ) ;
#6537 = CARTESIAN_POINT ( 'NONE',  ( 2.254327968790131642, 3.593750002048383685, -2.254327968790116099 ) ) ;
#6538 = SECURITY_CLASSIFICATION ( '', '', #1365 ) ;
#6539 = VECTOR ( 'NONE', #2900, 1000.000000000000000 ) ;
#6540 = LINE ( 'NONE', #1434, #3628 ) ;
#6541 = CARTESIAN_POINT ( 'NONE',  ( 32.79088462533560033, -1.999999999999997780, -3.188101187500000044 ) ) ;
#6542 = CARTESIAN_POINT ( 'NONE',  ( 40.29088462533560033, -5.188101187499998268, -5.856446871944625661E-16 ) ) ;
#6543 = CARTESIAN_POINT ( 'NONE',  ( 34.47838462533560033, 0.2543279687901370267, -2.254327968790134751 ) ) ;
#6544 = CARTESIAN_POINT ( 'NONE',  ( 46.19713462738398846, 2.000000000000001776, 2.449293598294706414E-16 ) ) ;
#6545 = CARTESIAN_POINT ( 'NONE',  ( 4.130366312013947825E-14, -3.625000000000015543, 3.999999999999974243 ) ) ;
#6546 = DIRECTION ( 'NONE',  ( -1.000000000000000000, -0.000000000000000000, -0.000000000000000000 ) ) ;
#6547 = ADVANCED_FACE ( 'NONE', ( #3344 ), #3780, .T. ) ;
#6548 = CARTESIAN_POINT ( 'NONE',  ( 38.13463462533560033, 1.188101187500001599, 1.320554750080270123 ) ) ;
#6549 = DATE_AND_TIME ( #5318, #2752 ) ;
#6550 = CARTESIAN_POINT ( 'NONE',  ( 28.10338462738398135, 2.000000000000001776, -1.656854249492380360 ) ) ;
#6551 = CARTESIAN_POINT ( 'NONE',  ( 36.44713462533560033, -0.6794452499197284334, 3.188101187500000488 ) ) ;
#6552 = VECTOR ( 'NONE', #1555, 1000.000000000000000 ) ;
#6553 = CARTESIAN_POINT ( 'NONE',  ( 33.44713462328721221, -4.828427124746188959, -2.828427124746190735 ) ) ;
#6554 = CARTESIAN_POINT ( 'NONE',  ( 44.32213462533560744, -5.188101187499998268, 1.320554750080270345 ) ) ;
#6555 = CARTESIAN_POINT ( 'NONE',  ( 37.94713462328720510, -4.828427124746188959, -2.828427124746190735 ) ) ;
#6556 = ORIENTED_EDGE ( 'NONE', *, *, #1433, .F. ) ;
#6557 = CARTESIAN_POINT ( 'NONE',  ( 46.38463462533560033, -5.188101187499997380, -1.320554750080271678 ) ) ;
#6558 = CARTESIAN_POINT ( 'NONE',  ( -1.656854249492360820, 5.281249999999980460, 3.999999999999972911 ) ) ;
#6559 = CARTESIAN_POINT ( 'NONE',  ( 27.16588462328721576, -5.999999999999997335, 1.656854249492381248 ) ) ;
#6560 = CARTESIAN_POINT ( 'NONE',  ( 1.320554750080273898, 3.687500002048380576, -3.188101187499973399 ) ) ;
#6561 = CARTESIAN_POINT ( 'NONE',  ( -2.254327968790067249, -6.156249997951632302, -2.254327968790116099 ) ) ;
#6562 = CARTESIAN_POINT ( 'NONE',  ( 44.22838462738400267, -3.656854249492355713, -4.000000000000023093 ) ) ;
#6563 = CC_DESIGN_DATE_AND_TIME_ASSIGNMENT ( #3655, #5909, ( #6538 ) ) ;
#6564 = CARTESIAN_POINT ( 'NONE',  ( -3.999999999999947153, 0.4999999999999709677, 0.000000000000000000 ) ) ;
#6565 = CC_DESIGN_APPROVAL ( #4251, ( #1848 ) ) ;
#6566 = CARTESIAN_POINT ( 'NONE',  ( 50.88463462328721221, -1.999999999999998224, 4.000000000000000000 ) ) ;
#6567 = CARTESIAN_POINT ( 'NONE',  ( 37.38463462328721221, -1.999999999999998224, 4.000000000000000000 ) ) ;
#6568 = ORIENTED_EDGE ( 'NONE', *, *, #5615, .F. ) ;
#6569 = CARTESIAN_POINT ( 'NONE',  ( 3.890341881530024757E-14, -2.968749997951625641, 3.188101187499973399 ) ) ;
#6570 = CARTESIAN_POINT ( 'NONE',  ( 1.656854249492375919, 6.218750004096771811, -3.999999999999974243 ) ) ;
#6571 = CARTESIAN_POINT ( 'NONE',  ( -3.999999999999962697, 5.281250004096752271, 1.656854249492372366 ) ) ;
#6572 = CARTESIAN_POINT ( 'NONE',  ( 31.66588462328720865, -5.999999999999997335, 1.656854249492381248 ) ) ;
#6573 = CARTESIAN_POINT ( 'NONE',  ( 2.254327968790154291, -2.781249997951617647, 2.254327968790115655 ) ) ;
#6574 = CARTESIAN_POINT ( 'NONE',  ( 1.656854249492390796, 2.656250004096771367, 3.999999999999972911 ) ) ;
#6575 = CARTESIAN_POINT ( 'NONE',  ( 31.29088462738398135, 2.000000000000001776, 1.656854249492380804 ) ) ;
#6576 = CARTESIAN_POINT ( 'NONE',  ( 33.16588462533560033, 1.188101187500001599, 1.952148957314875220E-16 ) ) ;
#6577 = CARTESIAN_POINT ( 'NONE',  ( 43.29088462533560744, -5.188101187499998268, -5.856446871944625661E-16 ) ) ;
#6578 = ORIENTED_EDGE ( 'NONE', *, *, #2043, .F. ) ;
#6579 = CARTESIAN_POINT ( 'NONE',  ( 1.656854249492418107, -5.968750000000010658, -3.999999999999974243 ) ) ;
#6580 = CARTESIAN_POINT ( 'NONE',  ( 32.22838462533560033, -4.254327968790133419, 2.254327968790134307 ) ) ;
#6581 = CARTESIAN_POINT ( 'NONE',  ( -3.188101187499971179, 7.531250002048365921, 0.000000000000000000 ) ) ;
#6582 = ADVANCED_FACE ( 'NONE', ( #5608 ), #503, .T. ) ;
#6583 = CARTESIAN_POINT ( 'NONE',  ( 1.656854249492412556, -4.281249995903228189, -3.999999999999974243 ) ) ;
#6584 = CARTESIAN_POINT ( 'NONE',  ( 41.04088462738399556, -5.999999999999997335, -1.656854249492382580 ) ) ;
#6585 = DIRECTION ( 'NONE',  ( 0.000000000000000000, 0.000000000000000000, 1.000000000000000000 ) ) ;
#6586 = CARTESIAN_POINT ( 'NONE',  ( 36.91588462533560033, -1.999999999999998224, 3.188101187500000044 ) ) ;
#6587 = PERSON_AND_ORGANIZATION ( #6710, #6828 ) ;
#6588 = CARTESIAN_POINT ( 'NONE',  ( 28.75963462738398491, -4.828427124746188959, 2.828427124746189403 ) ) ;
#6589 = CARTESIAN_POINT ( 'NONE',  ( 38.22838462533560033, -4.254327968790133419, 2.254327968790134307 ) ) ;
#6590 = DIRECTION ( 'NONE',  ( -1.000000000000000000, -3.469446951953613400E-15, 0.000000000000000000 ) ) ;
#6591 = VECTOR ( 'NONE', #1610, 1000.000000000000000 ) ;
#6592 = CARTESIAN_POINT ( 'NONE',  ( 44.41588462533560744, -5.188101187499998268, -5.856446871944625661E-16 ) ) ;
#6593 = VERTEX_POINT ( 'NONE', #342 ) ;
#6594 = EDGE_CURVE ( 'NONE', #2450, #5884, #2550, .T. ) ;
#6595 = CARTESIAN_POINT ( 'NONE',  ( 40.94713462328721221, -4.828427124746188959, -2.828427124746190735 ) ) ;
#6596 = ORIENTED_EDGE ( 'NONE', *, *, #5014, .F. ) ;
#6597 = CARTESIAN_POINT ( 'NONE',  ( 47.13463462533560033, 1.188101187500001599, 1.320554750080270123 ) ) ;
#6598 = CARTESIAN_POINT ( 'NONE',  ( -3.999999999999963141, 4.906249999999973355, -1.656854249492369702 ) ) ;
#6599 = CARTESIAN_POINT ( 'NONE',  ( 3.188101187499981393, 6.312500002048388126, 1.320554750080258577 ) ) ;
#6600 = CARTESIAN_POINT ( 'NONE',  ( 50.88463462328721221, -1.999999999999998224, 0.000000000000000000 ) ) ;
#6601 = CARTESIAN_POINT ( 'NONE',  ( 0.000000000000000000, 0.000000000000000000, 0.000000000000000000 ) ) ;
#6602 = EDGE_CURVE ( 'NONE', #7143, #1528, #4524, .T. ) ;
#6603 = CARTESIAN_POINT ( 'NONE',  ( -2.828427124746149879, 1.812499999999974687, -2.828427124746171639 ) ) ;
#6604 = CARTESIAN_POINT ( 'NONE',  ( -3.999999999999957367, 3.499999999999972022, 0.000000000000000000 ) ) ;
#6605 = CARTESIAN_POINT ( 'NONE',  ( -3.999999999999974243, 8.201801801801787306, 0.000000000000000000 ) ) ;
#6606 = ORIENTED_EDGE ( 'NONE', *, *, #4171, .T. ) ;
#6607 = CARTESIAN_POINT ( 'NONE',  ( 3.391288118655913027E-15, 7.156250002048376579, -3.188101187499973399 ) ) ;
#6608 = CARTESIAN_POINT ( 'NONE',  ( 41.50963462738398846, 0.8284271247461921783, -2.828427124746189847 ) ) ;
#6609 = CARTESIAN_POINT ( 'NONE',  ( 1.320554750080289663, -0.8124999979516210891, -3.188101187499973843 ) ) ;
#6610 = CARTESIAN_POINT ( 'NONE',  ( -2.828427124746151211, 2.375000004096756268, 2.828427124746172083 ) ) ;
#6611 = CARTESIAN_POINT ( 'NONE',  ( 11.25395568856787420, -9.587444101015661246, -2.590274719444809914 ) ) ;
#6612 = CARTESIAN_POINT ( 'NONE',  ( 34.66588462533559323, 1.188101187500001599, 1.952148957314875220E-16 ) ) ;
#6613 = CARTESIAN_POINT ( 'NONE',  ( 36.54088462533560033, 1.188101187500001599, 1.952148957314875220E-16 ) ) ;
#6614 = CARTESIAN_POINT ( 'NONE',  ( 3.999999999999904521, 5.937490134991719515, 5.491186733086402111E-07 ) ) ;
#6615 = EDGE_LOOP ( 'NONE', ( #6986, #4112, #5042, #4191 ) ) ;
#6616 = CARTESIAN_POINT ( 'NONE',  ( 26.04088462533560033, -1.999999999999998224, 3.188101187500000488 ) ) ;
#6617 = CARTESIAN_POINT ( 'NONE',  ( 30.63463462738398491, -4.828427124746188959, -2.828427124746190735 ) ) ;
#6618 = CARTESIAN_POINT ( 'NONE',  ( 1.320554750080262574, 7.062500002048381020, -3.188101187499973399 ) ) ;
#6619 = CARTESIAN_POINT ( 'NONE',  ( -2.828427124746145438, 0.5000000040967554904, -2.828427124746171639 ) ) ;
#6620 = CARTESIAN_POINT ( 'NONE',  ( 1.138121973866996082E-14, 4.812500004096765593, -3.999999999999974243 ) ) ;
#6621 = CARTESIAN_POINT ( 'NONE',  ( 3.999999999999981792, 6.031250004096780692, -1.656854249492370146 ) ) ;
#6622 = CARTESIAN_POINT ( 'NONE',  ( 39.07213462533560744, -3.320554750080268569, -3.188101187500000488 ) ) ;
#6623 = CARTESIAN_POINT ( 'NONE',  ( 26.69713462533560033, -3.320554750080268569, -3.188101187500000488 ) ) ;
#6624 = EDGE_CURVE ( 'NONE', #3826, #1489, #6761, .T. ) ;
#6625 = CARTESIAN_POINT ( 'NONE',  ( 50.04088462533560033, -1.999999999999998224, 3.188101187500000488 ) ) ;
#6626 = CARTESIAN_POINT ( 'NONE',  ( 40.38463462533560744, -0.6794452499197279893, -3.188101187500000488 ) ) ;
#6627 = CARTESIAN_POINT ( 'NONE',  ( 50.79088462328721221, -0.3431457505076178638, 4.000000000000000000 ) ) ;
#6628 = CARTESIAN_POINT ( 'NONE',  ( 43.29088462533560744, -1.999999999999997780, -3.188101187500000044 ) ) ;
#6629 = ORIENTED_EDGE ( 'NONE', *, *, #1644, .T. ) ;
#6630 = CARTESIAN_POINT ( 'NONE',  ( 39.91588462328720510, 2.000000000000001776, -1.656854249492380360 ) ) ;
#6631 = ORIENTED_EDGE ( 'NONE', *, *, #2755, .F. ) ;
#6632 = EDGE_LOOP ( 'NONE', ( #4398, #2384, #3716, #6991 ) ) ;
#6633 =( LENGTH_UNIT ( ) NAMED_UNIT ( * ) SI_UNIT ( .MILLI., .METRE. ) );
#6634 = CARTESIAN_POINT ( 'NONE',  ( 43.57213462533560033, -3.320554750080268125, -3.188101187500000933 ) ) ;
#6635 = CARTESIAN_POINT ( 'NONE',  ( 43.47838462738398846, -0.3431457505076178638, 4.000000000000000000 ) ) ;
#6636 = CARTESIAN_POINT ( 'NONE',  ( 1.594002944889475915, -8.468027810501933317, 2.761004127744579151 ) ) ;
#6637 = CARTESIAN_POINT ( 'NONE',  ( -3.188101187499959188, 4.250000002048365033, 1.320554750080261019 ) ) ;
#6638 = CARTESIAN_POINT ( 'NONE',  ( -1.320554750080211726, -5.687499997951630526, 3.188101187499973399 ) ) ;
#6639 = CARTESIAN_POINT ( 'NONE',  ( -1.656854249492348163, 1.906250004096759376, -3.999999999999974243 ) ) ;
#6640 = CIRCLE ( 'NONE', #6291, 7.999999999999996447 ) ;
#6641 = CARTESIAN_POINT ( 'NONE',  ( 47.97838462533560033, -4.254327968790132530, -2.254327968790135195 ) ) ;
#6642 = ADVANCED_FACE ( 'NONE', ( #5683 ), #5717, .F. ) ;
#6643 = DIRECTION ( 'NONE',  ( -1.000000000000000000, -0.000000000000000000, -0.000000000000000000 ) ) ;
#6644 = CARTESIAN_POINT ( 'NONE',  ( 13.68760294647405296, 5.587399963565425232, -2.589870844292573970 ) ) ;
#6645 = VERTEX_POINT ( 'NONE', #3384 ) ;
#6646 = CARTESIAN_POINT ( 'NONE',  ( 1.320554750080303874, -4.374999997951619868, 3.188101187499972955 ) ) ;
#6647 = CARTESIAN_POINT ( 'NONE',  ( -3.999999999999963585, 5.187500004096752271, 0.000000000000000000 ) ) ;
#6648 = CARTESIAN_POINT ( 'NONE',  ( 33.63463462328721221, -1.999999999999997780, -4.000000000000000000 ) ) ;
#6649 = CARTESIAN_POINT ( 'NONE',  ( -1.320554750080225714, -1.562499997951628972, 3.188101187499973399 ) ) ;
#6650 = CARTESIAN_POINT ( 'NONE',  ( 3.999999999999987121, 4.437500004096779804, -4.898587196589381274E-16 ) ) ;
#6651 = CARTESIAN_POINT ( 'NONE',  ( 11.18033988749894725, -10.00000000000004086, 0.000000000000000000 ) ) ;
#6652 = CARTESIAN_POINT ( 'NONE',  ( 31.57213462533560744, 1.188101187500001599, -1.320554750080269679 ) ) ;
#6653 = CARTESIAN_POINT ( 'NONE',  ( 34.94713462533560744, 1.188101187500001599, -1.320554750080269679 ) ) ;
#6654 = CARTESIAN_POINT ( 'NONE',  ( 29.04088462533560033, 1.188101187500001599, 1.952148957314875220E-16 ) ) ;
#6655 = ORIENTED_EDGE ( 'NONE', *, *, #5615, .T. ) ;
#6656 = CARTESIAN_POINT ( 'NONE',  ( -2.828427124746118793, -7.187500000000027534, -2.828427124746171639 ) ) ;
#6657 = CARTESIAN_POINT ( 'NONE',  ( 27.07213462533560033, 1.188101187500002043, -1.320554750080270123 ) ) ;
#6658 = CARTESIAN_POINT ( 'NONE',  ( -3.999999999999932498, -3.718749995903249950, 1.656854249492372366 ) ) ;
#6659 = CARTESIAN_POINT ( 'NONE',  ( 2.254327968790130310, 3.968750002048384129, -2.254327968790116099 ) ) ;
#6660 = CIRCLE ( 'NONE', #6305, 7.999999999999991118 ) ;
#6661 = CARTESIAN_POINT ( 'NONE',  ( 1.656854249492411446, -3.343749995903229966, 3.999999999999972911 ) ) ;
#6662 = AXIS2_PLACEMENT_3D ( 'NONE', #517, #5139, #4460 ) ;
#6663 = CARTESIAN_POINT ( 'NONE',  ( -2.828427124746120125, -6.624999995903245065, 2.828427124746172083 ) ) ;
#6664 = FACE_OUTER_BOUND ( 'NONE', #6030, .T. ) ;
#6665 = CARTESIAN_POINT ( 'NONE',  ( 37.29088462533560033, -5.188101187499998268, -5.856446871944625661E-16 ) ) ;
#6666 = CARTESIAN_POINT ( 'NONE',  ( 30.07213462533560033, 1.188101187500001599, -1.320554750080269679 ) ) ;
#6667 = CARTESIAN_POINT ( 'NONE',  ( 43.47838462533560744, 0.2543279687901370267, -2.254327968790134751 ) ) ;
#6668 = CARTESIAN_POINT ( 'NONE',  ( 34.00963462533560033, -5.188101187499998268, -1.320554750080271900 ) ) ;
#6669 = CARTESIAN_POINT ( 'NONE',  ( 4.000000000000016875, -7.656250000000001776, -1.656854249492382136 ) ) ;
#6670 = CARTESIAN_POINT ( 'NONE',  ( 40.47838462533560033, 0.2543279687901365826, -2.254327968790134307 ) ) ;
#6671 = CARTESIAN_POINT ( 'NONE',  ( 34.38463462328721221, -1.999999999999998224, 4.000000000000000000 ) ) ;
#6672 = EDGE_CURVE ( 'NONE', #5064, #3683, #5647, .T. ) ;
#6673 = ORIENTED_EDGE ( 'NONE', *, *, #2363, .T. ) ;
#6674 = ORIENTED_EDGE ( 'NONE', *, *, #1492, .F. ) ;
#6675 = CARTESIAN_POINT ( 'NONE',  ( 50.88463462328721221, -1.999999999999998224, 4.000000000000000000 ) ) ;
#6676 = AXIS2_PLACEMENT_3D ( 'NONE', #6002, #3146, #903 ) ;
#6677 = DIRECTION ( 'NONE',  ( -0.03376757979536483545, -0.03945391468257689049, -0.9986506592252284431 ) ) ;
#6678 = CARTESIAN_POINT ( 'NONE',  ( 42.25963462533560744, -0.6794452499197282114, -3.188101187500000044 ) ) ;
#6679 = LINE ( 'NONE', #5604, #6354 ) ;
#6680 = CARTESIAN_POINT ( 'NONE',  ( 40.00963462738398846, 0.8284271247461921783, -2.828427124746189847 ) ) ;
#6681 = CARTESIAN_POINT ( 'NONE',  ( 27.35338462328720865, -5.999999999999997335, -1.656854249492382580 ) ) ;
#6682 = CARTESIAN_POINT ( 'NONE',  ( 3.188101187500004929, -1.093749997951614317, -3.904297914629718393E-16 ) ) ;
#6683 = DIRECTION ( 'NONE',  ( 0.000000000000000000, 0.000000000000000000, 1.000000000000000000 ) ) ;
#6684 = CARTESIAN_POINT ( 'NONE',  ( 3.999999999986052934, 1.437367211713862281, 7.301657322834747466E-06 ) ) ;
#6685 = CARTESIAN_POINT ( 'NONE',  ( 1.320554750080262574, 7.062500002048381020, -3.188101187499973843 ) ) ;
#6686 = EDGE_CURVE ( 'NONE', #6799, #3066, #789, .T. ) ;
#6687 = CARTESIAN_POINT ( 'NONE',  ( 47.13463462533560033, 1.188101187500001599, 1.320554750080270123 ) ) ;
#6688 = SPHERICAL_SURFACE ( 'NONE', #4403, 15.00000000000000000 ) ;
#6689 = CARTESIAN_POINT ( 'NONE',  ( 3.999999999999991562, 1.343750000000000000, -1.656854249492376363 ) ) ;
#6690 = CARTESIAN_POINT ( 'NONE',  ( 3.188101187500025802, -7.093749997951614539, -3.904297914629718393E-16 ) ) ;
#6691 = CARTESIAN_POINT ( 'NONE',  ( 2.828427124746220489, -6.062500000000005329, -2.828427124746171639 ) ) ;
#6692 = CARTESIAN_POINT ( 'NONE',  ( 31.19713462328720865, 0.8284271247461921783, 2.828427124746190291 ) ) ;
#6693 = CARTESIAN_POINT ( 'NONE',  ( 1.320554750080298767, -2.874999997951621200, 3.188101187499972955 ) ) ;
#6694 = CARTESIAN_POINT ( 'NONE',  ( 0.8290209176742781017, -8.081376558451427883, 4.140166703533726178 ) ) ;
#6695 = CARTESIAN_POINT ( 'NONE',  ( 30.91588462738398846, -0.3431457505076174197, -4.000000000000000000 ) ) ;
#6696 = CARTESIAN_POINT ( 'NONE',  ( 36.72838462533560744, -4.254327968790133419, 2.254327968790133863 ) ) ;
#6697 = CARTESIAN_POINT ( 'NONE',  ( 34.75963462533560744, -0.6794452499197283224, -3.188101187499999600 ) ) ;
#6698 = CARTESIAN_POINT ( 'NONE',  ( 26.50963462533560033, -3.320554750080270345, 3.188101187499999156 ) ) ;
#6699 = APPROVAL_PERSON_ORGANIZATION ( #2699, #4438, #3377 ) ;
#6700 = ORIENTED_EDGE ( 'NONE', *, *, #2606, .T. ) ;
#6701 = DIRECTION ( 'NONE',  ( -1.000000000000000000, -3.469446951953636671E-15, 0.000000000000000000 ) ) ;
#6702 = CARTESIAN_POINT ( 'NONE',  ( 28.57213462738398491, -1.999999999999998224, 4.000000000000000000 ) ) ;
#6703 = CARTESIAN_POINT ( 'NONE',  ( -3.188101187499955635, 3.031250002048365033, 0.000000000000000000 ) ) ;
#6704 = EDGE_CURVE ( 'NONE', #1756, #4517, #3330, .T. ) ;
#6705 = CARTESIAN_POINT ( 'NONE',  ( 1.656854249492395903, 1.156250004096771811, 3.999999999999972911 ) ) ;
#6706 = ORIENTED_EDGE ( 'NONE', *, *, #307, .T. ) ;
#6707 = CARTESIAN_POINT ( 'NONE',  ( 4.000000000000007105, -1.468749995903221972, -1.656854249492370146 ) ) ;
#6708 = CARTESIAN_POINT ( 'NONE',  ( 32.79088462533560033, -5.188101187499998268, -5.856446871944625661E-16 ) ) ;
#6709 = CARTESIAN_POINT ( 'NONE',  ( 27.91588462533560033, -5.188101187499998268, -5.856446871944625661E-16 ) ) ;
#6710 = PERSON ( 'UNSPECIFIED', 'UNSPECIFIED', 'UNSPECIFIED', ('UNSPECIFIED'), ('UNSPECIFIED'), ('UNSPECIFIED') ) ;
#6711 = CARTESIAN_POINT ( 'NONE',  ( 48.91588462533560033, -5.188101187499998268, -5.856446871944625661E-16 ) ) ;
#6712 = CARTESIAN_POINT ( 'NONE',  ( 34.10338462533560033, -4.254327968790133419, -2.254327968790135639 ) ) ;
#6713 = CARTESIAN_POINT ( 'NONE',  ( 2.828427124746225818, -7.562500000000007105, -2.828427124746171639 ) ) ;
#6714 = CARTESIAN_POINT ( 'NONE',  ( 40.75963462533560744, 1.188101187500001599, 1.320554750080270123 ) ) ;
#6715 = CARTESIAN_POINT ( 'NONE',  ( 34.75963462328721221, -5.999999999999998224, -7.347880794884119736E-16 ) ) ;
#6716 = ORIENTED_EDGE ( 'NONE', *, *, #6000, .F. ) ;
#6717 = CARTESIAN_POINT ( 'NONE',  ( 1.656854249492412334, -4.281249995903228189, -3.999999999999974243 ) ) ;
#6718 = CARTESIAN_POINT ( 'NONE',  ( 41.13463462533560744, 1.188101187500001599, 1.320554750080270123 ) ) ;
#6719 = CYLINDRICAL_SURFACE ( 'NONE', #6118, 4.000000000000000000 ) ;
#6720 = CARTESIAN_POINT ( 'NONE',  ( 37.94713462738398846, -5.999999999999998224, -7.347880794884119736E-16 ) ) ;
#6721 = CARTESIAN_POINT ( 'NONE',  ( 49.94713462533560744, -0.6794452499197284334, 3.188101187500000488 ) ) ;
#6722 = CARTESIAN_POINT ( 'NONE',  ( 3.554987248320998379E-14, -2.218749997951624753, -3.188101187499973399 ) ) ;
#6723 = DIRECTION ( 'NONE',  ( -3.430248998885766570E-15, 1.000000000000000000, -0.000000000000000000 ) ) ;
#6724 = DIRECTION ( 'NONE',  ( 0.000000000000000000, 0.000000000000000000, 1.000000000000000000 ) ) ;
#6725 = CARTESIAN_POINT ( 'NONE',  ( -3.188101187499954747, 3.125000002048365477, 1.320554750080261019 ) ) ;
#6726 = VECTOR ( 'NONE', #7319, 1000.000000000000000 ) ;
#6727 = CARTESIAN_POINT ( 'NONE',  ( 46.85338462533560033, 0.2543279687901365826, -2.254327968790134307 ) ) ;
#6728 = CARTESIAN_POINT ( 'NONE',  ( 13.59008850808361402, 4.922542381611391349, 4.018442663498538181 ) ) ;
#6729 = DIRECTION ( 'NONE',  ( -1.000000000000000000, -3.469446951953647715E-15, 0.000000000000000000 ) ) ;
#6730 = EDGE_CURVE ( 'NONE', #6356, #5600, #3697, .T. ) ;
#6731 = CARTESIAN_POINT ( 'NONE',  ( 2.254327968790157399, -3.906249997951616759, -2.254327968790116099 ) ) ;
#6732 = LINE ( 'NONE', #2191, #1686 ) ;
#6733 = CARTESIAN_POINT ( 'NONE',  ( 2.254327968790157399, -3.906249997951616759, -2.254327968790116099 ) ) ;
#6734 = CARTESIAN_POINT ( 'NONE',  ( -2.828427124746160981, 5.000000004096756712, -2.828427124746171639 ) ) ;
#6735 = CARTESIAN_POINT ( 'NONE',  ( 1.999970108352337794, -7.999655116241854103, 3.464118872834729412 ) ) ;
#6736 = CARTESIAN_POINT ( 'NONE',  ( 35.69713462533560033, -5.188101187499998268, 1.320554750080270345 ) ) ;
#6737 = CARTESIAN_POINT ( 'NONE',  ( -3.999999999999948930, 0.6874996957905320505, -5.448730344314524494E-06 ) ) ;
#6738 = EDGE_LOOP ( 'NONE', ( #1108, #2432, #6929, #1195, #3213 ) ) ;
#6739 = CARTESIAN_POINT ( 'NONE',  ( -3.999999999999931610, -4.093750000000029310, -1.656854249492369702 ) ) ;
#6740 = CARTESIAN_POINT ( 'NONE',  ( 29.79088462533560033, -1.999999999999997780, -3.188101187500000488 ) ) ;
#6741 = CARTESIAN_POINT ( 'NONE',  ( 34.66588462738399556, -3.656854249492364151, 4.000000000000017764 ) ) ;
#6742 = CARTESIAN_POINT ( 'NONE',  ( 3.247170194238943357E-14, -1.093749997951623865, 3.188101187499973399 ) ) ;
#6743 = CARTESIAN_POINT ( 'NONE',  ( -3.999999999999932498, -3.812499995903249950, 0.000000000000000000 ) ) ;
#6744 = CARTESIAN_POINT ( 'NONE',  ( 3.999999999999997335, 1.437500004096778916, -4.898587196589381274E-16 ) ) ;
#6745 = FACE_OUTER_BOUND ( 'NONE', #3510, .T. ) ;
#6746 = CARTESIAN_POINT ( 'NONE',  ( 34.10338462533560033, -4.254327968790133419, 2.254327968790133863 ) ) ;
#6747 = CARTESIAN_POINT ( 'NONE',  ( 26.60338462533560033, -4.254327968790132530, -2.254327968790135195 ) ) ;
#6748 = EDGE_CURVE ( 'NONE', #2914, #2682, #4572, .T. ) ;
#6749 = CARTESIAN_POINT ( 'NONE',  ( 46.19713462533560744, -3.320554750080268569, -3.188101187500000933 ) ) ;
#6750 = CARTESIAN_POINT ( 'NONE',  ( 31.47838462533560033, 0.2543279687901370267, -2.254327968790134751 ) ) ;
#6751 = CARTESIAN_POINT ( 'NONE',  ( 46.19713462328721221, 0.8284271247461921783, 2.828427124746190291 ) ) ;
#6752 = CARTESIAN_POINT ( 'NONE',  ( 40.57213462533560033, 1.188101187500001599, -1.320554750080269679 ) ) ;
#6753 = CARTESIAN_POINT ( 'NONE',  ( 34.57213462328720510, -4.828427124746188959, 2.828427124746189403 ) ) ;
#6754 = ORIENTED_EDGE ( 'NONE', *, *, #3562, .T. ) ;
#6755 = DIRECTION ( 'NONE',  ( -1.000000000000000000, -0.000000000000000000, -0.000000000000000000 ) ) ;
#6756 = PERSON_AND_ORGANIZATION_ROLE ( 'creator' ) ;
#6757 = CARTESIAN_POINT ( 'NONE',  ( 42.35338462533560033, 0.2543279687901365826, -2.254327968790134307 ) ) ;
#6758 = CARTESIAN_POINT ( 'NONE',  ( 37.29088462738398135, 2.000000000000001776, 1.656854249492381026 ) ) ;
#6759 = CARTESIAN_POINT ( 'NONE',  ( 49.00963462533560744, -5.188101187499998268, -1.320554750080271900 ) ) ;
#6760 = CARTESIAN_POINT ( 'NONE',  ( -1.320554750080218165, -3.624999997951630970, -3.188101187499973399 ) ) ;
#6761 = LINE ( 'NONE', #6197, #2753 ) ;
#6762 = DIRECTION ( 'NONE',  ( -1.000000000000000000, -3.469446951953636671E-15, 0.000000000000000000 ) ) ;
#6763 = CARTESIAN_POINT ( 'NONE',  ( 2.254327968790137415, 2.093750002048384129, 2.254327968790115655 ) ) ;
#6764 = CARTESIAN_POINT ( 'NONE',  ( 50.32213462328721221, 0.8284271247461921783, -2.828427124746189847 ) ) ;
#6765 = PRODUCT_DEFINITION ( 'UNKNOWN', '', #741, #5185 ) ;
#6766 = CARTESIAN_POINT ( 'NONE',  ( 50.13463462533560033, 1.188101187500001599, 1.320554750080270123 ) ) ;
#6767 = CARTESIAN_POINT ( 'NONE',  ( 34.57213462328720510, -4.828427124746188959, 2.828427124746189403 ) ) ;
#6768 = DIRECTION ( 'NONE',  ( -1.000000000000000000, -3.469446951953636671E-15, 0.000000000000000000 ) ) ;
#6769 = ORIENTED_EDGE ( 'NONE', *, *, #3694, .F. ) ;
#6770 = CARTESIAN_POINT ( 'NONE',  ( 3.188101187500015588, -4.093749997951613651, -3.904297914629718393E-16 ) ) ;
#6771 =( BOUNDED_CURVE ( )  B_SPLINE_CURVE ( 2, ( #6181, #5550, #2688, #487, #4355, #1643, #2609, #6621, #4951 ),
 .UNSPECIFIED., .F., .F. ) 
 B_SPLINE_CURVE_WITH_KNOTS ( ( 3, 2, 2, 2, 3 ),
 ( 0.000000000000000000, 0.01171848742616811087, 0.02343697485233622174, 0.03515546227850432914, 0.04687395395262006215 ),
 .UNSPECIFIED. ) 
 CURVE ( )  GEOMETRIC_REPRESENTATION_ITEM ( )  RATIONAL_B_SPLINE_CURVE ( ( 1.000000000000000000, 0.9238795325112867385, 1.000000000000000000, 0.9238795325112867385, 1.000000000000000000, 0.9238795325112867385, 1.000000000000000000, 0.9238795325112867385, 1.000000000000000000 ) ) 
 REPRESENTATION_ITEM ( '' )  );
#6772 = CARTESIAN_POINT ( 'NONE',  ( 43.94713462328721221, -4.828427124746188959, -2.828427124746190735 ) ) ;
#6773 = CARTESIAN_POINT ( 'NONE',  ( 2.254327968790174719, -8.781249997951618980, 2.254327968790115655 ) ) ;
#6774 = CARTESIAN_POINT ( 'NONE',  ( -3.999999999999932498, -3.718749995903249950, 1.656854249492372588 ) ) ;
#6775 = CARTESIAN_POINT ( 'NONE',  ( 40.57213462738398846, -1.999999999999998224, 4.000000000000000000 ) ) ;
#6776 = CARTESIAN_POINT ( 'NONE',  ( 28.85338462533560033, 0.2543279687901365826, -2.254327968790134307 ) ) ;
#6777 = FACE_OUTER_BOUND ( 'NONE', #531, .T. ) ;
#6778 = CARTESIAN_POINT ( 'NONE',  ( 27.63463462328720865, -1.999999999999997780, -4.000000000000000000 ) ) ;
#6779 = CARTESIAN_POINT ( 'NONE',  ( 2.828427124746183630, 4.625000004096775363, -2.828427124746171639 ) ) ;
#6780 = ORIENTED_EDGE ( 'NONE', *, *, #5341, .F. ) ;
#6781 = CARTESIAN_POINT ( 'NONE',  ( 4.289663242998592140E-14, -4.375000000000015987, -3.999999999999974243 ) ) ;
#6782 = CARTESIAN_POINT ( 'NONE',  ( 27.16588462533560033, 1.188101187500002043, 1.952148957314875467E-16 ) ) ;
#6783 = CARTESIAN_POINT ( 'NONE',  ( 26.04088462533560033, -1.999999999999998224, 3.188101187500000488 ) ) ;
#6784 = CARTESIAN_POINT ( 'NONE',  ( -3.188101187499955635, 3.125000002048365033, 1.320554750080261019 ) ) ;
#6785 = CARTESIAN_POINT ( 'NONE',  ( 3.188101187500024469, -6.718749997951614539, -3.904297914629718393E-16 ) ) ;
#6786 = CARTESIAN_POINT ( 'NONE',  ( 4.000000000000024869, -6.156249995903222860, 1.656854249492369036 ) ) ;
#6787 = CARTESIAN_POINT ( 'NONE',  ( 50.88463462328721221, -1.999999999999998224, 0.000000000000000000 ) ) ;
#6788 = CARTESIAN_POINT ( 'NONE',  ( 30.25963462533560033, -0.6794452499197283224, -3.188101187499999600 ) ) ;
#6789 = CARTESIAN_POINT ( 'NONE',  ( 29.22838462533560033, -4.254327968790133419, 2.254327968790133863 ) ) ;
#6790 = CARTESIAN_POINT ( 'NONE',  ( -2.828427124746165422, 6.312499999999976019, -2.828427124746171639 ) ) ;
#6791 = CARTESIAN_POINT ( 'NONE',  ( 47.22838462533560033, -4.254327968790133419, 2.254327968790134307 ) ) ;
#6792 = CARTESIAN_POINT ( 'NONE',  ( 30.63463462533560033, -3.320554750080270345, 3.188101187499999156 ) ) ;
#6793 = DIRECTION ( 'NONE',  ( 1.224646799147353207E-16, 4.200843456763865836E-31, -1.000000000000000000 ) ) ;
#6794 = CARTESIAN_POINT ( 'NONE',  ( 39.91588462533560033, -5.188101187499998268, -5.856446871944625661E-16 ) ) ;
#6795 = EDGE_CURVE ( 'NONE', #4097, #7021, #1845, .T. ) ;
#6796 = CC_DESIGN_SECURITY_CLASSIFICATION ( #2392, ( #7395 ) ) ;
#6797 = PRODUCT_DEFINITION_SHAPE ( 'NONE', 'NONE',  #7395 ) ;
#6798 = VECTOR ( 'NONE', #16, 1000.000000000000000 ) ;
#6799 = VERTEX_POINT ( 'NONE', #779 ) ;
#6800 = CARTESIAN_POINT ( 'NONE',  ( 3.999999999999974243, 8.201801801801815728, 4.898587196589381274E-16 ) ) ;
#6801 = CARTESIAN_POINT ( 'NONE',  ( 40.75963462533560744, -0.6794452499197282114, -3.188101187500000044 ) ) ;
#6802 = CARTESIAN_POINT ( 'NONE',  ( 42.63463462738398846, -4.828427124746188959, -2.828427124746190735 ) ) ;
#6803 = CARTESIAN_POINT ( 'NONE',  ( -15.00199999999999712, -1.999999999999998224, 0.000000000000000000 ) ) ;
#6804 = CARTESIAN_POINT ( 'NONE',  ( 3.188101187500006262, -1.187499997951614317, 1.320554750080258577 ) ) ;
#6805 = CARTESIAN_POINT ( 'NONE',  ( 4.000000000000005329, 1.156250000000000000, 1.656854249492362596 ) ) ;
#6806 = CARTESIAN_POINT ( 'NONE',  ( 40.57213462328721221, -4.828427124746188959, 2.828427124746189403 ) ) ;
#6807 = CARTESIAN_POINT ( 'NONE',  ( 1.320554750080273232, 4.062500002048380132, -3.188101187499973843 ) ) ;
#6808 = EDGE_CURVE ( 'NONE', #5309, #5830, #5048, .T. ) ;
#6809 = CARTESIAN_POINT ( 'NONE',  ( 40.85338462533560033, 0.2543279687901365826, -2.254327968790134307 ) ) ;
#6810 = CARTESIAN_POINT ( 'NONE',  ( 13.08170213860354636, 1.531348493231887486, 7.197466501616628598 ) ) ;
#6811 = CARTESIAN_POINT ( 'NONE',  ( -2.828427124746165866, 6.687499999999976019, 2.828427124746172083 ) ) ;
#6812 = ORIENTED_EDGE ( 'NONE', *, *, #6730, .F. ) ;
#6813 = CARTESIAN_POINT ( 'NONE',  ( -1.320554750080250361, 5.750000002048372139, -3.188101187499973843 ) ) ;
#6814 = AXIS2_PLACEMENT_3D ( 'NONE', #6601, #4818, #1494 ) ;
#6815 = CARTESIAN_POINT ( 'NONE',  ( 0.000000000000000000, 0.000000000000000000, 0.000000000000000000 ) ) ;
#6816 = DIRECTION ( 'NONE',  ( 0.000000000000000000, 0.000000000000000000, 1.000000000000000000 ) ) ;
#6817 = CARTESIAN_POINT ( 'NONE',  ( 1.656854249492406561, -1.843749995903228411, 3.999999999999972911 ) ) ;
#6818 = CARTESIAN_POINT ( 'NONE',  ( 43.00963462328721221, 2.000000000000001776, 2.449293598294706414E-16 ) ) ;
#6819 = CARTESIAN_POINT ( 'NONE',  ( 30.25963462533560033, -0.6794452499197283224, -3.188101187499999600 ) ) ;
#6820 = DIRECTION ( 'NONE',  ( 1.000000000000000000, 3.430248998885765387E-15, 0.000000000000000000 ) ) ;
#6821 = ORIENTED_EDGE ( 'NONE', *, *, #5700, .T. ) ;
#6822 = CARTESIAN_POINT ( 'NONE',  ( 2.828427124746217380, -4.937500000000006217, 2.828427124746171195 ) ) ;
#6823 = CARTESIAN_POINT ( 'NONE',  ( 1.320554750080269013, 5.187500002048380132, -3.188101187499973843 ) ) ;
#6824 = CARTESIAN_POINT ( 'NONE',  ( 34.10338462328720510, 2.000000000000001776, 1.656854249492380804 ) ) ;
#6825 = CARTESIAN_POINT ( 'NONE',  ( 3.188101187499988498, 3.781250002048387238, -3.904297914629718393E-16 ) ) ;
#6826 = CARTESIAN_POINT ( 'NONE',  ( 3.188101187500016032, -3.812499997951613651, 1.320554750080258577 ) ) ;
#6827 = CARTESIAN_POINT ( 'NONE',  ( 4.000000000000034639, -9.156249995903221972, 1.656854249492369036 ) ) ;
#6828 = ORGANIZATION ( 'UNSPECIFIED', 'UNSPECIFIED', '' ) ;
#6829 = CARTESIAN_POINT ( 'NONE',  ( 34.29088462533559323, -5.188101187499998268, -5.856446871944625661E-16 ) ) ;
#6830 = CARTESIAN_POINT ( 'NONE',  ( 49.10338462533560033, -4.254327968790133419, 2.254327968790133863 ) ) ;
#6831 = CARTESIAN_POINT ( 'NONE',  ( 49.10338462533560033, -4.254327968790133419, -2.254327968790135639 ) ) ;
#6832 = CARTESIAN_POINT ( 'NONE',  ( -1.656854249492327069, -4.281250000000021316, -3.999999999999974243 ) ) ;
#6833 = EDGE_CURVE ( 'NONE', #3186, #5959, #6352, .T. ) ;
#6834 = CARTESIAN_POINT ( 'NONE',  ( 39.54088462533560033, -1.999999999999998224, 3.188101187500000044 ) ) ;
#6835 = AXIS2_PLACEMENT_3D ( 'NONE', #619, #20, #6130 ) ;
#6836 = VERTEX_POINT ( 'NONE', #1478 ) ;
#6837 = CARTESIAN_POINT ( 'NONE',  ( 12.52996408614166057, -1.999999999999997335, 8.000000000000008882 ) ) ;
#6838 = PERSON_AND_ORGANIZATION_ROLE ( 'design_supplier' ) ;
#6839 = CARTESIAN_POINT ( 'NONE',  ( 37.66588462533560033, -1.999999999999997780, -3.188101187500000044 ) ) ;
#6840 = CARTESIAN_POINT ( 'NONE',  ( 39.16588462738398846, -3.656854249492381914, 3.999999999999999112 ) ) ;
#6841 = CARTESIAN_POINT ( 'NONE',  ( 47.04088462533560033, -1.999999999999998224, 3.188101187500000488 ) ) ;
#6842 = CARTESIAN_POINT ( 'NONE',  ( -1.320554750080225936, -1.562499997951628750, 3.188101187499972955 ) ) ;
#6843 = CARTESIAN_POINT ( 'NONE',  ( 37.29088462738399556, 2.000000000000001776, 1.656854249492380804 ) ) ;
#6844 = CARTESIAN_POINT ( 'NONE',  ( -3.999999999999962697, 5.093749999999972466, 1.656854249492372366 ) ) ;
#6845 = CARTESIAN_POINT ( 'NONE',  ( 3.188101187500004041, -0.7187499979516139836, -3.904297914629718393E-16 ) ) ;
#6846 = CARTESIAN_POINT ( 'NONE',  ( 26.97838462533560033, -4.254327968790132530, -2.254327968790135195 ) ) ;
#6847 = CARTESIAN_POINT ( 'NONE',  ( 43.38463462533560744, -5.188101187499997380, -1.320554750080271678 ) ) ;
#6848 = CARTESIAN_POINT ( 'NONE',  ( 34.75963462328721221, -5.999999999999998224, -7.347880794884119736E-16 ) ) ;
#6849 = VECTOR ( 'NONE', #3792, 1000.000000000000000 ) ;
#6850 = CARTESIAN_POINT ( 'NONE',  ( 35.69713462328720510, 0.8284271247461921783, 2.828427124746190291 ) ) ;
#6851 = CARTESIAN_POINT ( 'NONE',  ( 3.188101187499983613, 5.281250002048388126, -3.904297914629718393E-16 ) ) ;
#6852 = FACE_OUTER_BOUND ( 'NONE', #844, .T. ) ;
#6853 = CARTESIAN_POINT ( 'NONE',  ( 50.88463462328721221, -1.999999999999998224, 0.000000000000000000 ) ) ;
#6854 = CARTESIAN_POINT ( 'NONE',  ( -3.999999999999948042, 0.5937500040967511605, -1.656854249492369702 ) ) ;
#6855 = CARTESIAN_POINT ( 'NONE',  ( 31.57213462738398846, -1.999999999999998224, 4.000000000000000000 ) ) ;
#6856 = DIRECTION ( 'NONE',  ( 0.000000000000000000, 0.000000000000000000, 1.000000000000000000 ) ) ;
#6857 = CARTESIAN_POINT ( 'NONE',  ( 29.13463462533559678, 1.188101187500001599, 1.320554750080270123 ) ) ;
#6858 = DIRECTION ( 'NONE',  ( -1.000000000000000000, -0.000000000000000000, -0.000000000000000000 ) ) ;
#6859 = ORIENTED_EDGE ( 'NONE', *, *, #4652, .T. ) ;
#6860 = CARTESIAN_POINT ( 'NONE',  ( 1.320554750080274342, 3.687500002048380132, -3.188101187499973843 ) ) ;
#6861 = CARTESIAN_POINT ( 'NONE',  ( 38.69713462738398846, 2.000000000000001776, 2.449293598294706414E-16 ) ) ;
#6862 = CARTESIAN_POINT ( 'NONE',  ( 1.320554750080297213, -2.499999997951620756, 3.188101187499972955 ) ) ;
#6863 = CARTESIAN_POINT ( 'NONE',  ( 3.940890260695646083E-14, -3.343749997951624309, -3.188101187499973399 ) ) ;
#6864 = CARTESIAN_POINT ( 'NONE',  ( -1.320554750080254580, 6.875000002048372139, -3.188101187499973843 ) ) ;
#6865 = ORIENTED_EDGE ( 'NONE', *, *, #1382, .F. ) ;
#6866 = CARTESIAN_POINT ( 'NONE',  ( 33.82213462533560033, -0.6794452499197284334, 3.188101187499999600 ) ) ;
#6867 = CARTESIAN_POINT ( 'NONE',  ( 47.60338462533560033, -4.254327968790133419, 2.254327968790133863 ) ) ;
#6868 = CARTESIAN_POINT ( 'NONE',  ( 41.50963462533560744, -5.188101187499998268, -1.320554750080271900 ) ) ;
#6869 = CARTESIAN_POINT ( 'NONE',  ( 32.69713462328721221, 0.8284271247461921783, 2.828427124746190291 ) ) ;
#6870 = VERTEX_POINT ( 'NONE', #2529 ) ;
#6871 = CARTESIAN_POINT ( 'NONE',  ( 2.828427124746200061, -0.06250000000000525968, -2.828427124746171639 ) ) ;
#6872 = APPROVAL_ROLE ( '' ) ;
#6873 = CARTESIAN_POINT ( 'NONE',  ( 37.38463462533560033, -5.188101187499997380, -1.320554750080271678 ) ) ;
#6874 = CARTESIAN_POINT ( 'NONE',  ( 33.72838462738398846, -3.656854249492377917, -4.000000000000000888 ) ) ;
#6875 = CARTESIAN_POINT ( 'NONE',  ( 48.82213462533560744, -5.188101187499998268, 1.320554750080270789 ) ) ;
#6876 = CARTESIAN_POINT ( 'NONE',  ( 1.594011603008238964, -8.843027048847000415, 2.760999129140405906 ) ) ;
#6877 = DIRECTION ( 'NONE',  ( -1.000000000000000000, -0.000000000000000000, -0.000000000000000000 ) ) ;
#6878 = CARTESIAN_POINT ( 'NONE',  ( -3.188101187499945866, 0.03125000204836411027, 0.000000000000000000 ) ) ;
#6879 = CARTESIAN_POINT ( 'NONE',  ( 27.25963462533560033, -0.6794452499197283224, -3.188101187499999600 ) ) ;
#6880 = VECTOR ( 'NONE', #2151, 1000.000000000000000 ) ;
#6881 = EDGE_CURVE ( 'NONE', #5002, #802, #4921, .T. ) ;
#6882 = CARTESIAN_POINT ( 'NONE',  ( -3.999999999999936939, -2.500000000000030198, 0.000000000000000000 ) ) ;
#6883 = CARTESIAN_POINT ( 'NONE',  ( -1.320554750080245476, 4.250000002048373027, -3.188101187499973843 ) ) ;
#6884 = CARTESIAN_POINT ( 'NONE',  ( 5.098599297819592981E-14, -6.718749997951625197, -3.188101187499973399 ) ) ;
#6885 = EDGE_CURVE ( 'NONE', #1489, #2659, #7109, .T. ) ;
#6886 = CARTESIAN_POINT ( 'NONE',  ( 3.999999999999998224, 1.343750004096778694, 1.656854249492369036 ) ) ;
#6887 = CARTESIAN_POINT ( 'NONE',  ( -3.999999999999936939, -2.500000000000030198, 0.000000000000000000 ) ) ;
#6888 = CARTESIAN_POINT ( 'NONE',  ( 30.82213462533560033, -0.6794452499197284334, 3.188101187499999600 ) ) ;
#6889 = CARTESIAN_POINT ( 'NONE',  ( -13.74772708486753814, 5.999999999999904077, -1.683610997003437674E-15 ) ) ;
#6890 = VERTEX_POINT ( 'NONE', #923 ) ;
#6891 = CARTESIAN_POINT ( 'NONE',  ( -1.320554750080241480, 2.937500002048372583, 3.188101187499973399 ) ) ;
#6892 = CARTESIAN_POINT ( 'NONE',  ( 3.188101187500016032, -3.812499997951614095, 1.320554750080258577 ) ) ;
#6893 = CARTESIAN_POINT ( 'NONE',  ( -1.320554750080206396, -7.187499997951631414, 3.188101187499973399 ) ) ;
#6894 = CARTESIAN_POINT ( 'NONE',  ( -3.999999999999917843, -8.312499995903250394, 0.000000000000000000 ) ) ;
#6895 = CIRCLE ( 'NONE', #5921, 4.000000000000000000 ) ;
#6896 = ORIENTED_EDGE ( 'NONE', *, *, #1996, .T. ) ;
#6897 = CARTESIAN_POINT ( 'NONE',  ( 48.25963462533561454, -0.6794452499197283224, -3.188101187499999600 ) ) ;
#6898 = CARTESIAN_POINT ( 'NONE',  ( 41.41588462533560033, -5.188101187499998268, -5.856446871944625661E-16 ) ) ;
#6899 = CARTESIAN_POINT ( 'NONE',  ( 50.88463462328721221, -1.999999999999998224, 0.000000000000000000 ) ) ;
#6900 = CC_DESIGN_PERSON_AND_ORGANIZATION_ASSIGNMENT ( #106, #5875, ( #6538 ) ) ;
#6901 = CARTESIAN_POINT ( 'NONE',  ( 50.04088462328720510, -3.656854249492382358, -3.999999999999997335 ) ) ;
#6902 = CARTESIAN_POINT ( 'NONE',  ( 4.000000000000031974, -4.843750000000000888, 1.656854249492356823 ) ) ;
#6903 = PERSON_AND_ORGANIZATION_ROLE ( 'creator' ) ;
#6904 = CARTESIAN_POINT ( 'NONE',  ( 34.57213462533560033, -3.320554750080268125, -3.188101187500000933 ) ) ;
#6905 = CARTESIAN_POINT ( 'NONE',  ( 32.69713462738398846, 2.000000000000001776, 2.449293598294706414E-16 ) ) ;
#6906 = CARTESIAN_POINT ( 'NONE',  ( 44.50963462533560033, -5.188101187499998268, -1.320554750080271900 ) ) ;
#6907 = CARTESIAN_POINT ( 'NONE',  ( 4.069524598153862615E-14, -3.718749997951624309, -3.188101187499973399 ) ) ;
#6908 = CARTESIAN_POINT ( 'NONE',  ( 48.72838462533560033, -4.254327968790133419, 2.254327968790133863 ) ) ;
#6909 = EDGE_CURVE ( 'NONE', #7332, #414, #5189, .T. ) ;
#6910 = CARTESIAN_POINT ( 'NONE',  ( 2.254327968790145853, -0.5312499979516173143, -2.254327968790116099 ) ) ;
#6911 = CARTESIAN_POINT ( 'NONE',  ( 45.91588462328721931, 2.000000000000001776, -1.656854249492380360 ) ) ;
#6912 = ORIENTED_EDGE ( 'NONE', *, *, #2606, .F. ) ;
#6913 = CARTESIAN_POINT ( 'NONE',  ( 49.66588462533560033, -1.999999999999997780, -3.188101187500000044 ) ) ;
#6914 = CARTESIAN_POINT ( 'NONE',  ( 2.828427124746184518, 4.437499999999996447, -2.828427124746171639 ) ) ;
#6915 = CARTESIAN_POINT ( 'NONE',  ( 28.85338462328720865, -5.999999999999997335, -1.656854249492382580 ) ) ;
#6916 = CARTESIAN_POINT ( 'NONE',  ( -3.188101187499965405, 6.125000002048365033, 1.320554750080261019 ) ) ;
#6917 = EDGE_CURVE ( 'NONE', #3484, #2682, #2597, .T. ) ;
#6918 = CARTESIAN_POINT ( 'NONE',  ( 2.828427124746191623, 2.562499999999996003, 2.828427124746171195 ) ) ;
#6919 = CARTESIAN_POINT ( 'NONE',  ( -3.999999999999942712, -0.8124999959032491725, 0.000000000000000000 ) ) ;
#6920 = CARTESIAN_POINT ( 'NONE',  ( 35.88463462328721221, -1.999999999999998224, 4.000000000000000000 ) ) ;
#6921 = CIRCLE ( 'NONE', #4071, 5.999999999999942268 ) ;
#6922 = CARTESIAN_POINT ( 'NONE',  ( 28.19713462533560744, -5.188101187499998268, 1.320554750080270345 ) ) ;
#6923 = CYLINDRICAL_SURFACE ( 'NONE', #5208, 3.999999999999974243 ) ;
#6924 = ORIENTED_EDGE ( 'NONE', *, *, #2303, .T. ) ;
#6925 = CARTESIAN_POINT ( 'NONE',  ( -1.320554750080254580, 6.875000002048372139, -3.188101187499973843 ) ) ;
#6926 = CARTESIAN_POINT ( 'NONE',  ( -3.188101187499934763, -3.062499997951636743, -1.320554750080259021 ) ) ;
#6927 = CARTESIAN_POINT ( 'NONE',  ( -2.254327968790061920, -7.656249997951634079, -2.254327968790116099 ) ) ;
#6928 = CARTESIAN_POINT ( 'NONE',  ( -2.828427124746125454, -5.124999995903245065, 2.828427124746172083 ) ) ;
#6929 = ORIENTED_EDGE ( 'NONE', *, *, #1386, .F. ) ;
#6930 = CARTESIAN_POINT ( 'NONE',  ( 45.63463462533560033, 1.188101187500001599, 1.320554750080270123 ) ) ;
#6931 = CARTESIAN_POINT ( 'NONE',  ( 38.60338462533560033, -4.254327968790133419, -2.254327968790135639 ) ) ;
#6932 =( BOUNDED_CURVE ( )  B_SPLINE_CURVE ( 2, ( #3988, #5132, #1147, #2344, #56, #4607, #5690, #6242, #4570 ),
 .UNSPECIFIED., .F., .T. ) 
 B_SPLINE_CURVE_WITH_KNOTS ( ( 3, 2, 2, 2, 3 ),
 ( 0.4687500000000000555, 0.4765625000000000555, 0.4843750000000001110, 0.4921875000000001110, 0.5000000000000001110 ),
 .UNSPECIFIED. ) 
 CURVE ( )  GEOMETRIC_REPRESENTATION_ITEM ( )  RATIONAL_B_SPLINE_CURVE ( ( 0.9999999999999994449, 0.9238795325112872936, 1.000000000000000000, 0.9238795325112867385, 1.000000000000000000, 0.9238795325112867385, 1.000000000000000000, 0.9238795325112856283, 1.000000000000001110 ) ) 
 REPRESENTATION_ITEM ( '' )  );
#6933 = CARTESIAN_POINT ( 'NONE',  ( 48.44713462738398846, -5.999999999999998224, -7.347880794884119736E-16 ) ) ;
#6934 = CARTESIAN_POINT ( 'NONE',  ( 2.007899742548081185E-14, 2.562500004096765149, 3.999999999999974243 ) ) ;
#6935 = CARTESIAN_POINT ( 'NONE',  ( 11.53104379710943839, -8.009775750103624858, 5.306110650833456788 ) ) ;
#6936 = MECHANICAL_CONTEXT ( 'NONE', #3840, 'mechanical' ) ;
#6937 = CARTESIAN_POINT ( 'NONE',  ( 34.94713462533559323, 1.188101187500001599, -1.320554750080269679 ) ) ;
#6938 = CARTESIAN_POINT ( 'NONE',  ( 34.85338462738398846, -5.999999999999997335, 1.656854249492381248 ) ) ;
#6939 = CARTESIAN_POINT ( 'NONE',  ( 44.69713462533560033, -3.320554750080268125, -3.188101187500001377 ) ) ;
#6940 = CARTESIAN_POINT ( 'NONE',  ( -2.254327968790061032, -7.656249997951634079, 2.254327968790116543 ) ) ;
#6941 = CARTESIAN_POINT ( 'NONE',  ( 48.63463462533560033, -3.320554750080270345, 3.188101187499999156 ) ) ;
#6942 =( BOUNDED_CURVE ( )  B_SPLINE_CURVE ( 2, ( #1249, #1824, #93, #2475, #725, #1349, #2381, #4711, #158 ),
 .UNSPECIFIED., .F., .F. ) 
 B_SPLINE_CURVE_WITH_KNOTS ( ( 3, 2, 2, 2, 3 ),
 ( 0.4218655489658137414, 0.4335840347682201612, 0.4453025221943882617, 0.4570210096205563621, 0.4687394995320562918 ),
 .UNSPECIFIED. ) 
 CURVE ( )  GEOMETRIC_REPRESENTATION_ITEM ( )  RATIONAL_B_SPLINE_CURVE ( ( 1.000000000000000000, 0.9238795325112867385, 1.000000000000000000, 0.9238795325112867385, 1.000000000000000000, 0.9238795325112867385, 1.000000000000000000, 0.9238795325112867385, 1.000000000000000000 ) ) 
 REPRESENTATION_ITEM ( '' )  );
#6943 = CARTESIAN_POINT ( 'NONE',  ( 46.19713462328721221, 0.8284271247461921783, 2.828427124746190291 ) ) ;
#6944 = EDGE_LOOP ( 'NONE', ( #5897, #6212, #6483, #2485, #1609, #1145, #4340, #2267, #6700, #5055, #1947, #3211, #5406, #102, #4198, #5389, #1428, #1669, #1318, #67, #1570, #2506, #5440, #5641, #4856, #4703, #4811, #3678, #1416, #1814, #1189, #2920, #4361, #1913, #4985 ) ) ;
#6945 = LINE ( 'NONE', #4081, #3215 ) ;
#6946 = CARTESIAN_POINT ( 'NONE',  ( -3.999999999999952482, 1.906249999999971134, -1.656854249492369702 ) ) ;
#6947 = CARTESIAN_POINT ( 'NONE',  ( 42.35338462328720510, -5.999999999999997335, -1.656854249492382580 ) ) ;
#6948 = CARTESIAN_POINT ( 'NONE',  ( 2.254327968790132086, 3.593750002048383685, 2.254327968790115655 ) ) ;
#6949 = CARTESIAN_POINT ( 'NONE',  ( 3.999999999999988898, 4.156249999999999112, 1.656854249492369036 ) ) ;
#6950 = CARTESIAN_POINT ( 'NONE',  ( -3.999999999999927613, -5.218749995903249506, 1.656854249492372588 ) ) ;
#6951 = CARTESIAN_POINT ( 'NONE',  ( 36.16588462328721221, -5.999999999999997335, 1.656854249492381248 ) ) ;
#6952 = CARTESIAN_POINT ( 'NONE',  ( 46.75963462738398846, -4.828427124746188959, 2.828427124746189403 ) ) ;
#6953 = CARTESIAN_POINT ( 'NONE',  ( 3.999999999999974243, 8.201801801801815728, 4.898587196589381274E-16 ) ) ;
#6954 = ORIENTED_EDGE ( 'NONE', *, *, #3940, .F. ) ;
#6955 = CARTESIAN_POINT ( 'NONE',  ( 1.317655132365699790E-14, 4.531250002048375691, 3.188101187499973399 ) ) ;
#6956 = CARTESIAN_POINT ( 'NONE',  ( 3.940890260695646083E-14, -3.343749997951624309, -3.188101187499973399 ) ) ;
#6957 = CARTESIAN_POINT ( 'NONE',  ( 26.32213462533560033, -5.188101187499998268, 1.320554750080270789 ) ) ;
#6958 = CARTESIAN_POINT ( 'NONE',  ( 3.188101187499995159, 1.906250002048386571, -3.904297914629718393E-16 ) ) ;
#6959 =( BOUNDED_CURVE ( )  B_SPLINE_CURVE ( 2, ( #2738, #415, #2698, #2177, #1054, #3338, #6871, #1261, #3550 ),
 .UNSPECIFIED., .F., .T. ) 
 B_SPLINE_CURVE_WITH_KNOTS ( ( 3, 2, 2, 2, 3 ),
 ( 0.4545454545454544748, 0.4659090909090908283, 0.4772727272727272929, 0.4886363636363636465, 0.5000000000000000000 ),
 .UNSPECIFIED. ) 
 CURVE ( )  GEOMETRIC_REPRESENTATION_ITEM ( )  RATIONAL_B_SPLINE_CURVE ( ( 1.000000000000000444, 0.9238795325112864054, 1.000000000000000000, 0.9238795325112867385, 1.000000000000000000, 0.9238795325112867385, 1.000000000000000000, 0.9238795325112867385, 1.000000000000000000 ) ) 
 REPRESENTATION_ITEM ( '' )  );
#6960 = ORIENTED_EDGE ( 'NONE', *, *, #4187, .F. ) ;
#6961 = CARTESIAN_POINT ( 'NONE',  ( 44.13463462533560033, 1.188101187500001599, 1.320554750080270123 ) ) ;
#6962 = CARTESIAN_POINT ( 'NONE',  ( 41.04088462533560033, -1.999999999999998224, 3.188101187500000488 ) ) ;
#6963 = CARTESIAN_POINT ( 'NONE',  ( -2.828427124746156096, 3.875000004096756268, 2.828427124746172083 ) ) ;
#6964 = CARTESIAN_POINT ( 'NONE',  ( -3.999999999999932498, -4.000000000000029310, 0.000000000000000000 ) ) ;
#6965 = FACE_OUTER_BOUND ( 'NONE', #223, .T. ) ;
#6966 = ADVANCED_FACE ( 'NONE', ( #6418 ), #351, .T. ) ;
#6967 = CARTESIAN_POINT ( 'NONE',  ( 42.16588462533560033, -1.999999999999997780, -3.188101187500000044 ) ) ;
#6968 =( BOUNDED_CURVE ( )  B_SPLINE_CURVE ( 2, ( #3054, #207, #362, #4906, #2047, #5428, #7034, #1936, #555, #2768, #1120 ),
 .UNSPECIFIED., .F., .T. ) 
 B_SPLINE_CURVE_WITH_KNOTS ( ( 3, 2, 2, 2, 2, 3 ),
 ( 0.8437311155880184987, 0.8554495821102722219, 0.8671680695364402114, 0.8788865569626083118, 0.8906050443887764123, 0.8906051013898614865 ),
 .UNSPECIFIED. ) 
 CURVE ( )  GEOMETRIC_REPRESENTATION_ITEM ( )  RATIONAL_B_SPLINE_CURVE ( ( 1.000000000000000000, 0.9238795325112867385, 1.000000000000000000, 0.9238795325112867385, 1.000000000000000000, 0.9238795325112867385, 1.000000000000000000, 0.9238795325112867385, 1.000000000000000000, 0.9999996297347014673, 0.9999992594730049422 ) ) 
 REPRESENTATION_ITEM ( '' )  );
#6969 = COORDINATED_UNIVERSAL_TIME_OFFSET ( 8, 0, .AHEAD. ) ;
#6970 = CARTESIAN_POINT ( 'NONE',  ( 37.00963462533560033, -3.320554750080270345, 3.188101187499999156 ) ) ;
#6971 = CARTESIAN_POINT ( 'NONE',  ( 32.22838462738398846, -3.656854249492377917, -4.000000000000000888 ) ) ;
#6972 = CARTESIAN_POINT ( 'NONE',  ( 43.38463462533559323, -0.6794452499197279893, -3.188101187500000488 ) ) ;
#6973 = CARTESIAN_POINT ( 'NONE',  ( -2.254327968790060588, -8.031249997951634967, -2.254327968790116099 ) ) ;
#6974 = CARTESIAN_POINT ( 'NONE',  ( 50.88463462328721221, -1.999999999999997780, -4.000000000000000000 ) ) ;
#6975 = CARTESIAN_POINT ( 'NONE',  ( 47.04088462328721221, -3.656854249492377917, -4.000000000000000888 ) ) ;
#6976 = EDGE_LOOP ( 'NONE', ( #7262, #682 ) ) ;
#6977 = DIRECTION ( 'NONE',  ( -1.000000000000000000, -3.469446951953636671E-15, 0.000000000000000000 ) ) ;
#6978 = CARTESIAN_POINT ( 'NONE',  ( -3.999999999999941824, -1.000000000000028644, 0.000000000000000000 ) ) ;
#6979 = CARTESIAN_POINT ( 'NONE',  ( -1.656854249492343056, 0.4062500040967588766, -3.999999999999974243 ) ) ;
#6980 = CARTESIAN_POINT ( 'NONE',  ( -3.188101187499930322, -4.374999997951636743, 1.320554750080261019 ) ) ;
#6981 = CARTESIAN_POINT ( 'NONE',  ( 34.47838462738398135, -0.3431457505075998227, 3.999999999999981792 ) ) ;
#6982 = CC_DESIGN_PERSON_AND_ORGANIZATION_ASSIGNMENT ( #2992, #2425, ( #6765 ) ) ;
#6983 = CARTESIAN_POINT ( 'NONE',  ( 2.828427124746184518, 4.437499999999996447, -2.828427124746171639 ) ) ;
#6984 = CARTESIAN_POINT ( 'NONE',  ( 1.656854249492412556, -4.281249995903228189, -3.999999999999974243 ) ) ;
#6985 = CARTESIAN_POINT ( 'NONE',  ( 47.22838462738398846, -3.656854249492377917, -4.000000000000000888 ) ) ;
#6986 = ORIENTED_EDGE ( 'NONE', *, *, #7142, .F. ) ;
#6987 = CARTESIAN_POINT ( 'NONE',  ( 2.525912548655268014E-14, 0.7812500020483751362, -3.188101187499973399 ) ) ;
#6988 = CARTESIAN_POINT ( 'NONE',  ( 2.254327968790156067, -3.531249997951616315, -2.254327968790116099 ) ) ;
#6989 = CARTESIAN_POINT ( 'NONE',  ( 27.25963462533560033, 1.188101187500002043, 1.320554750080270123 ) ) ;
#6990 = CARTESIAN_POINT ( 'NONE',  ( -3.188101187499959632, 4.156250002048365033, 0.000000000000000000 ) ) ;
#6991 = ORIENTED_EDGE ( 'NONE', *, *, #1408, .T. ) ;
#6992 = CARTESIAN_POINT ( 'NONE',  ( 37.75963462533560744, -0.6794452499197283224, -3.188101187499999600 ) ) ;
#6993 = CARTESIAN_POINT ( 'NONE',  ( 34.75963462533560744, 1.188101187500002043, 1.320554750080270123 ) ) ;
#6994 = CARTESIAN_POINT ( 'NONE',  ( -3.999999999999958256, 3.781250004096752271, 1.656854249492372366 ) ) ;
#6995 = CARTESIAN_POINT ( 'NONE',  ( -3.999999999999940936, 0.5937499999999713562, 1.656854249492378806 ) ) ;
#6996 = AXIS2_PLACEMENT_3D ( 'NONE', #5990, #2020, #1986 ) ;
#6997 =( BOUNDED_CURVE ( )  B_SPLINE_CURVE ( 2, ( #4441, #4262, #5081, #6527, #5003, #3148, #3969, #5116, #1014 ),
 .UNSPECIFIED., .F., .T. ) 
 B_SPLINE_CURVE_WITH_KNOTS ( ( 3, 2, 2, 2, 3 ),
 ( 0.1250000000000000833, 0.1328125000000000833, 0.1406250000000001110, 0.1484375000000001110, 0.1562500000000001110 ),
 .UNSPECIFIED. ) 
 CURVE ( )  GEOMETRIC_REPRESENTATION_ITEM ( )  RATIONAL_B_SPLINE_CURVE ( ( 0.9999999999999992228, 0.9238795325112875156, 1.000000000000000000, 0.9238795325112867385, 1.000000000000000000, 0.9238795325112867385, 1.000000000000000000, 0.9238795325112856283, 1.000000000000001110 ) ) 
 REPRESENTATION_ITEM ( '' )  );
#6998 = CARTESIAN_POINT ( 'NONE',  ( -1.656854249492334841, -2.218750000000021316, 3.999999999999972911 ) ) ;
#6999 = CARTESIAN_POINT ( 'NONE',  ( 6.922304286040448871E-16, 7.999999999999979572, 0.000000000000000000 ) ) ;
#7000 = CARTESIAN_POINT ( 'NONE',  ( 42.25963462533560744, -0.6794452499197283224, -3.188101187499999600 ) ) ;
#7001 = APPROVAL_ROLE ( '' ) ;
#7002 = CARTESIAN_POINT ( 'NONE',  ( 29.69713462533560389, -5.188101187499998268, 1.320554750080270567 ) ) ;
#7003 = CARTESIAN_POINT ( 'NONE',  ( 36.35338462738398135, -5.999999999999997335, 1.656854249492381248 ) ) ;
#7004 = CARTESIAN_POINT ( 'NONE',  ( 41.79088462533560033, -1.999999999999997780, -3.188101187500000488 ) ) ;
#7005 = CARTESIAN_POINT ( 'NONE',  ( -3.188101187499923217, -6.437499997951636743, -1.320554750080259021 ) ) ;
#7006 = CARTESIAN_POINT ( 'NONE',  ( 1.656854249492406561, -1.843749995903228411, 3.999999999999973355 ) ) ;
#7007 = ADVANCED_FACE ( 'NONE', ( #2633 ), #4234, .T. ) ;
#7008 = CARTESIAN_POINT ( 'NONE',  ( 43.29088462328720510, -0.3431457505076178638, 4.000000000000000000 ) ) ;
#7009 = ORIENTED_EDGE ( 'NONE', *, *, #1340, .T. ) ;
#7010 =( BOUNDED_CURVE ( )  B_SPLINE_CURVE ( 2, ( #4680, #5336, #7024, #234, #4090, #5824, #801, #5271, #728 ),
 .UNSPECIFIED., .F., .T. ) 
 B_SPLINE_CURVE_WITH_KNOTS ( ( 3, 2, 2, 2, 3 ),
 ( 0.8125000000000000000, 0.8203125000000000000, 0.8281250000000000000, 0.8359375000000000000, 0.8437500000000000000 ),
 .UNSPECIFIED. ) 
 CURVE ( )  GEOMETRIC_REPRESENTATION_ITEM ( )  RATIONAL_B_SPLINE_CURVE ( ( 1.000000000000000000, 0.9238795325112867385, 1.000000000000000000, 0.9238795325112867385, 1.000000000000000000, 0.9238795325112867385, 1.000000000000000000, 0.9238795325112867385, 1.000000000000000000 ) ) 
 REPRESENTATION_ITEM ( '' )  );
#7011 = DIRECTION ( 'NONE',  ( -1.000000000000000000, -0.000000000000000000, -0.000000000000000000 ) ) ;
#7012 = CARTESIAN_POINT ( 'NONE',  ( 3.999999999999992450, 2.937500004096779360, -4.898587196589381274E-16 ) ) ;
#7013 = CARTESIAN_POINT ( 'NONE',  ( 1.557679562849621911E-14, 3.874999999999985345, 3.999999999999974243 ) ) ;
#7014 = CARTESIAN_POINT ( 'NONE',  ( 28.38463462328720865, -1.999999999999998224, 4.000000000000000000 ) ) ;
#7015 = CARTESIAN_POINT ( 'NONE',  ( -2.254327968790082792, -1.281249997951631858, 2.254327968790116543 ) ) ;
#7016 = CARTESIAN_POINT ( 'NONE',  ( 28.10338462328720865, 2.000000000000001776, 1.656854249492380804 ) ) ;
#7017 = VECTOR ( 'NONE', #5018, 1000.000000000000000 ) ;
#7018 = ADVANCED_FACE ( 'NONE', ( #4307 ), #313, .T. ) ;
#7019 = CARTESIAN_POINT ( 'NONE',  ( 5.286048631838917825E-15, 6.874999999999985789, 3.999999999999974243 ) ) ;
#7020 = CARTESIAN_POINT ( 'NONE',  ( 4.000000000000027534, -7.468749995903221084, -1.656854249492369924 ) ) ;
#7021 = VERTEX_POINT ( 'NONE', #2309 ) ;
#7022 = CARTESIAN_POINT ( 'NONE',  ( 2.828427124746184518, 4.437499999999996447, -2.828427124746171639 ) ) ;
#7023 = CARTESIAN_POINT ( 'NONE',  ( 44.50963462738398135, 0.8284271247461921783, -2.828427124746189847 ) ) ;
#7024 = CARTESIAN_POINT ( 'NONE',  ( 29.88463462738398491, 0.8284271247461921783, 2.828427124746190291 ) ) ;
#7025 = ORIENTED_EDGE ( 'NONE', *, *, #2534, .T. ) ;
#7026 = CARTESIAN_POINT ( 'NONE',  ( -3.188101187499948974, 1.062500002048364145, -1.320554750080258799 ) ) ;
#7027 = DIRECTION ( 'NONE',  ( 0.000000000000000000, 0.000000000000000000, -1.000000000000000000 ) ) ;
#7028 = CARTESIAN_POINT ( 'NONE',  ( 27.54088462533560033, -1.999999999999998224, 3.188101187500000488 ) ) ;
#7029 = CARTESIAN_POINT ( 'NONE',  ( -2.254327968790092118, 1.343750002048367920, 2.254327968790116543 ) ) ;
#7030 = VERTEX_POINT ( 'NONE', #3644 ) ;
#7031 = EDGE_LOOP ( 'NONE', ( #6631, #5996, #4289 ) ) ;
#7032 = CARTESIAN_POINT ( 'NONE',  ( 41.32213462533560033, -0.6794452499197284334, 3.188101187499999600 ) ) ;
#7033 = CARTESIAN_POINT ( 'NONE',  ( 36.82213462533561454, -5.188101187499998268, 1.320554750080270567 ) ) ;
#7034 = CARTESIAN_POINT ( 'NONE',  ( 2.828427124746224930, -7.374999995903226413, -2.828427124746171639 ) ) ;
#7035 = CARTESIAN_POINT ( 'NONE',  ( 1.320554750080266349, 6.500000002048381020, 3.188101187499972955 ) ) ;
#7036 = CARTESIAN_POINT ( 'NONE',  ( -1.656854249492332398, -2.781250000000021760, -3.999999999999974243 ) ) ;
#7037 = COORDINATED_UNIVERSAL_TIME_OFFSET ( 8, 0, .AHEAD. ) ;
#7038 = CARTESIAN_POINT ( 'NONE',  ( 38.88463462328720510, -1.999999999999998224, 4.000000000000000000 ) ) ;
#7039 = CARTESIAN_POINT ( 'NONE',  ( 41.41588462533560033, -1.999999999999998224, 3.188101187500000044 ) ) ;
#7040 = PERSON_AND_ORGANIZATION ( #6710, #6828 ) ;
#7041 = ADVANCED_FACE ( 'NONE', ( #4897 ), #3189, .F. ) ;
#7042 = CARTESIAN_POINT ( 'NONE',  ( 29.88463462533560033, -5.188101187499997380, -1.320554750080271678 ) ) ;
#7043 = CARTESIAN_POINT ( 'NONE',  ( 30.44713462738398491, -5.999999999999998224, -7.347880794884119736E-16 ) ) ;
#7044 = CARTESIAN_POINT ( 'NONE',  ( 45.82213462533560033, -5.188101187499998268, 1.320554750080270789 ) ) ;
#7045 = CARTESIAN_POINT ( 'NONE',  ( 50.13463462328721221, -1.999999999999997780, -4.000000000000000000 ) ) ;
#7046 = CARTESIAN_POINT ( 'NONE',  ( 36.72838462328721221, -0.3431457505075994341, -3.999999999999981792 ) ) ;
#7047 = VERTEX_POINT ( 'NONE', #3081 ) ;
#7048 = CARTESIAN_POINT ( 'NONE',  ( 42.72838462328720510, -0.3431457505076173642, -4.000000000000000000 ) ) ;
#7049 = EDGE_LOOP ( 'NONE', ( #3786, #4934, #7357, #241 ) ) ;
#7050 = ORIENTED_EDGE ( 'NONE', *, *, #1306, .T. ) ;
#7051 = LOCAL_TIME ( 2, 47, 55.00000000000000000, #4442 ) ;
#7052 = CARTESIAN_POINT ( 'NONE',  ( 48.07213462533560744, -3.320554750080268125, -3.188101187500000933 ) ) ;
#7053 = CARTESIAN_POINT ( 'NONE',  ( -3.999999999999952482, 2.093749999999971578, 1.656854249492372588 ) ) ;
#7054 = CARTESIAN_POINT ( 'NONE',  ( 1.320554750080288109, -0.4374999979516206450, -3.188101187499973843 ) ) ;
#7055 = CARTESIAN_POINT ( 'NONE',  ( 47.32213462738398846, -1.999999999999997780, -4.000000000000000000 ) ) ;
#7056 = CARTESIAN_POINT ( 'NONE',  ( 1.656854249492391462, 2.468749999999990674, 3.999999999999972911 ) ) ;
#7057 = CARTESIAN_POINT ( 'NONE',  ( -1.656854249492327291, -4.093749995903242400, -3.999999999999974243 ) ) ;
#7058 = EDGE_CURVE ( 'NONE', #6645, #5147, #4834, .T. ) ;
#7059 = DIRECTION ( 'NONE',  ( 1.000000000000000000, -0.000000000000000000, -0.000000000000000000 ) ) ;
#7060 = CARTESIAN_POINT ( 'NONE',  ( 48.16588462738398846, -3.656854249492381914, 3.999999999999999112 ) ) ;
#7061 = CARTESIAN_POINT ( 'NONE',  ( -3.999999999995076827, -5.312500528159440627, -6.229568302599286012E-06 ) ) ;
#7062 = ORIENTED_EDGE ( 'NONE', *, *, #2373, .F. ) ;
#7063 = CARTESIAN_POINT ( 'NONE',  ( -1.656854249492337283, -1.281250000000020206, -3.999999999999974243 ) ) ;
#7064 = CARTESIAN_POINT ( 'NONE',  ( 3.188101187499995159, 1.906250002048386571, -3.904297914629718393E-16 ) ) ;
#7065 = CARTESIAN_POINT ( 'NONE',  ( 3.188101187500029798, -8.218749997951615427, -3.904297914629718393E-16 ) ) ;
#7066 = CARTESIAN_POINT ( 'NONE',  ( 27.63463462533559678, -3.320554750080270345, 3.188101187499999156 ) ) ;
#7067 = CARTESIAN_POINT ( 'NONE',  ( 1.496837848989537648E-14, 3.781250002048376135, -3.188101187499973399 ) ) ;
#7068 = VERTEX_POINT ( 'NONE', #5899 ) ;
#7069 = ORIENTED_EDGE ( 'NONE', *, *, #1621, .T. ) ;
#7070 = CARTESIAN_POINT ( 'NONE',  ( 40.10338462533560033, -4.254327968790133419, 2.254327968790133863 ) ) ;
#7071 = CARTESIAN_POINT ( 'NONE',  ( 35.69713462533560033, -3.320554750080268569, -3.188101187500000933 ) ) ;
#7072 = CARTESIAN_POINT ( 'NONE',  ( -1.320554750080250583, 5.750000002048372139, -3.188101187499973399 ) ) ;
#7073 = AXIS2_PLACEMENT_3D ( 'NONE', #57, #1070, #3353 ) ;
#7074 = CARTESIAN_POINT ( 'NONE',  ( 4.000000000000023981, -6.156250000000001776, -1.656854249492369924 ) ) ;
#7075 = DIRECTION ( 'NONE',  ( -1.000000000000000000, -0.000000000000000000, -0.000000000000000000 ) ) ;
#7076 = CARTESIAN_POINT ( 'NONE',  ( 35.88463462533560744, -5.188101187499997380, -1.320554750080271678 ) ) ;
#7077 = DATE_AND_TIME ( #3622, #2623 ) ;
#7078 = CARTESIAN_POINT ( 'NONE',  ( 30.35338462533560033, 0.2543279687901365826, -2.254327968790134307 ) ) ;
#7079 = CARTESIAN_POINT ( 'NONE',  ( 25.75963462738398491, -4.828427124746188959, 2.828427124746189403 ) ) ;
#7080 = CARTESIAN_POINT ( 'NONE',  ( 39.63463462533560744, -3.320554750080270345, 3.188101187499999156 ) ) ;
#7081 = CARTESIAN_POINT ( 'NONE',  ( 38.04088462738400267, -5.999999999999997335, -1.656854249492382580 ) ) ;
#7082 = CARTESIAN_POINT ( 'NONE',  ( 46.29088462533560033, -1.999999999999997780, -3.188101187500000044 ) ) ;
#7083 = CARTESIAN_POINT ( 'NONE',  ( 36.91588462328721221, 2.000000000000001776, -1.656854249492380360 ) ) ;
#7084 = ORIENTED_EDGE ( 'NONE', *, *, #4968, .T. ) ;
#7085 = ORIENTED_EDGE ( 'NONE', *, *, #1548, .T. ) ;
#7086 = CARTESIAN_POINT ( 'NONE',  ( 47.50963462533560744, -3.320554750080270345, 3.188101187499999156 ) ) ;
#7087 = CARTESIAN_POINT ( 'NONE',  ( -3.188101187499964961, 5.750000002048365033, 1.320554750080261019 ) ) ;
#7088 = CARTESIAN_POINT ( 'NONE',  ( 2.254327968790145853, -0.5312499979516173143, -2.254327968790116099 ) ) ;
#7089 = ADVANCED_FACE ( 'NONE', ( #6498 ), #1393, .F. ) ;
#7090 = CARTESIAN_POINT ( 'NONE',  ( -3.999999999999952482, 1.906249999999971134, -1.656854249492369702 ) ) ;
#7091 = CARTESIAN_POINT ( 'NONE',  ( 4.000000000000017764, -4.562499995903221084, -4.898587196589381274E-16 ) ) ;
#7092 = DIRECTION ( 'NONE',  ( -3.430248998885765387E-15, 1.000000000000000000, -0.000000000000000000 ) ) ;
#7093 = CARTESIAN_POINT ( 'NONE',  ( 43.38463462738398846, 0.8284271247461921783, 2.828427124746190291 ) ) ;
#7094 = CARTESIAN_POINT ( 'NONE',  ( 13.37220114427921480, 3.453746268583075985, -5.858851224105336541 ) ) ;
#7095 = ORIENTED_EDGE ( 'NONE', *, *, #5458, .T. ) ;
#7096 = CARTESIAN_POINT ( 'NONE',  ( -3.188101187499943201, -0.2499999979516361326, 1.320554750080261019 ) ) ;
#7097 = CARTESIAN_POINT ( 'NONE',  ( 3.999999999999982681, 5.843750004096779804, 1.656854249492369036 ) ) ;
#7098 = CARTESIAN_POINT ( 'NONE',  ( 26.97838462533560033, 0.2543279687901370267, -2.254327968790134751 ) ) ;
#7099 = EDGE_CURVE ( 'NONE', #3044, #3103, #5397, .T. ) ;
#7100 = CARTESIAN_POINT ( 'NONE',  ( 1.320554750080269013, 5.187500002048380132, -3.188101187499973843 ) ) ;
#7101 = VECTOR ( 'NONE', #874, 1000.000000000000000 ) ;
#7102 = ORIENTED_EDGE ( 'NONE', *, *, #1063, .T. ) ;
#7103 = DIRECTION ( 'NONE',  ( 0.000000000000000000, 0.000000000000000000, 1.000000000000000000 ) ) ;
#7104 = CARTESIAN_POINT ( 'NONE',  ( 34.29088462533559323, -1.999999999999997780, -3.188101187500000044 ) ) ;
#7105 = CARTESIAN_POINT ( 'NONE',  ( 42.91588462533560744, -1.999999999999998224, 3.188101187500000044 ) ) ;
#7106 = EDGE_LOOP ( 'NONE', ( #6859, #4636, #3530, #6769 ) ) ;
#7107 = CARTESIAN_POINT ( 'NONE',  ( 32.41588462533560033, -5.188101187499998268, -5.856446871944625661E-16 ) ) ;
#7108 = CARTESIAN_POINT ( 'NONE',  ( 2.828427124746232035, -9.249999995903227301, 2.828427124746171195 ) ) ;
#7109 = LINE ( 'NONE', #4243, #834 ) ;
#7110 = ADVANCED_FACE ( 'NONE', ( #3752 ), #6010, .F. ) ;
#7111 = CARTESIAN_POINT ( 'NONE',  ( 4.000000000000009770, -1.843750000000001554, 1.656854249492369036 ) ) ;
#7112 = CARTESIAN_POINT ( 'NONE',  ( 47.88463462738398846, 0.8284271247461921783, 2.828427124746190291 ) ) ;
#7113 = CARTESIAN_POINT ( 'NONE',  ( 37.94713462533560033, 1.188101187500001599, -1.320554750080269679 ) ) ;
#7114 = CARTESIAN_POINT ( 'NONE',  ( 26.79088462738398846, 2.000000000000001776, 1.656854249492381026 ) ) ;
#7115 = CARTESIAN_POINT ( 'NONE',  ( 39.91588462533560033, -5.188101187499998268, -5.856446871944625661E-16 ) ) ;
#7116 = CC_DESIGN_DATE_AND_TIME_ASSIGNMENT ( #1806, #2364, ( #6765 ) ) ;
#7117 = CARTESIAN_POINT ( 'NONE',  ( 38.32213462738398846, -1.999999999999997780, -4.000000000000000000 ) ) ;
#7118 = CARTESIAN_POINT ( 'NONE',  ( 44.69713462533560744, -3.320554750080268569, -3.188101187500000488 ) ) ;
#7119 = CARTESIAN_POINT ( 'NONE',  ( 38.13463462328720510, -1.999999999999997780, -4.000000000000000000 ) ) ;
#7120 = ORIENTED_EDGE ( 'NONE', *, *, #2782, .T. ) ;
#7121 = ORIENTED_EDGE ( 'NONE', *, *, #984, .T. ) ;
#7122 = CARTESIAN_POINT ( 'NONE',  ( 44.69713462533560033, -5.188101187499998268, 1.320554750080270567 ) ) ;
#7123 = CARTESIAN_POINT ( 'NONE',  ( 3.999999999999982681, 5.750000000000000000, -4.898587196589381274E-16 ) ) ;
#7124 = CARTESIAN_POINT ( 'NONE',  ( -1.320554750080246365, 4.437500002048373027, 3.188101187499972955 ) ) ;
#7125 = DIRECTION ( 'NONE',  ( -1.000000000000000000, -0.000000000000000000, -0.000000000000000000 ) ) ;
#7126 = CARTESIAN_POINT ( 'NONE',  ( 2.828427124746202281, -0.4375000000000038858, 2.828427124746171195 ) ) ;
#7127 =( BOUNDED_CURVE ( )  B_SPLINE_CURVE ( 2, ( #3559, #4739, #1882, #1272, #649, #717, #5167, #4048, #6882 ),
 .UNSPECIFIED., .F., .F. ) 
 B_SPLINE_CURVE_WITH_KNOTS ( ( 3, 2, 2, 2, 3 ),
 ( 0.5909090909090908283, 0.6022727272727271819, 0.6136363636363635354, 0.6249999999999998890, 0.6363636363636362425 ),
 .UNSPECIFIED. ) 
 CURVE ( )  GEOMETRIC_REPRESENTATION_ITEM ( )  RATIONAL_B_SPLINE_CURVE ( ( 1.000000000000000666, 0.9238795325112859613, 1.000000000000000000, 0.9238795325112867385, 1.000000000000000000, 0.9238795325112867385, 1.000000000000000000, 0.9238795325112875156, 0.9999999999999992228 ) ) 
 REPRESENTATION_ITEM ( '' )  );
#7128 = DIRECTION ( 'NONE',  ( -3.430248998885766570E-15, 1.000000000000000000, -0.000000000000000000 ) ) ;
#7129 = CARTESIAN_POINT ( 'NONE',  ( 13.34284355165753588, 3.257637213455605973, -6.035353218061556113 ) ) ;
#7130 = ADVANCED_FACE ( 'NONE', ( #2112 ), #2154, .T. ) ;
#7131 = VERTEX_POINT ( 'NONE', #4375 ) ;
#7132 = CARTESIAN_POINT ( 'NONE',  ( 2.254327968790154291, -2.781249997951617647, 2.254327968790115655 ) ) ;
#7133 = CARTESIAN_POINT ( 'NONE',  ( -1.656854249492361264, 5.468750004096760264, 3.999999999999972911 ) ) ;
#7134 = CARTESIAN_POINT ( 'NONE',  ( 0.000000000000000000, 8.201801801801801517, 0.000000000000000000 ) ) ;
#7135 = CARTESIAN_POINT ( 'NONE',  ( 29.50963462328720510, 2.000000000000001776, 2.449293598294706414E-16 ) ) ;
#7136 = CARTESIAN_POINT ( 'NONE',  ( -2.254327968790076131, -3.531249997951633635, -2.254327968790116099 ) ) ;
#7137 = AXIS2_PLACEMENT_3D ( 'NONE', #7134, #2521, #7175 ) ;
#7138 = CARTESIAN_POINT ( 'NONE',  ( 2.828427124746188959, 3.125000004096775363, -2.828427124746171639 ) ) ;
#7139 = CARTESIAN_POINT ( 'NONE',  ( 12.07447882925554872, -4.802136954016604342, -7.497679282880005402 ) ) ;
#7140 = CARTESIAN_POINT ( 'NONE',  ( 35.13463462533560033, -3.320554750080270345, 3.188101187499999156 ) ) ;
#7141 = CARTESIAN_POINT ( 'NONE',  ( 42.16588462533560033, -1.999999999999997780, -3.188101187500000044 ) ) ;
#7142 = EDGE_CURVE ( 'NONE', #4292, #3140, #4754, .T. ) ;
#7143 = VERTEX_POINT ( 'NONE', #2836 ) ;
#7144 = CARTESIAN_POINT ( 'NONE',  ( 33.25963462533560033, 1.188101187500002043, 1.320554750080270123 ) ) ;
#7145 = CARTESIAN_POINT ( 'NONE',  ( 32.60338462738398846, 2.000000000000001776, -1.656854249492380138 ) ) ;
#7146 = CARTESIAN_POINT ( 'NONE',  ( -2.254327968790103665, 4.718750002048369474, 2.254327968790116543 ) ) ;
#7147 = CARTESIAN_POINT ( 'NONE',  ( 4.000000000000007994, -1.562499995903221972, -4.898587196589381274E-16 ) ) ;
#7148 = CARTESIAN_POINT ( 'NONE',  ( 48.72838462328721221, -0.3431457505076286330, -4.000000000000011546 ) ) ;
#7149 = CARTESIAN_POINT ( 'NONE',  ( 34.85338462533560744, 0.2543279687901365826, -2.254327968790134307 ) ) ;
#7150 = APPROVAL_DATE_TIME ( #4840, #2308 ) ;
#7151 = EDGE_CURVE ( 'NONE', #5147, #1859, #5927, .T. ) ;
#7152 = CARTESIAN_POINT ( 'NONE',  ( 29.60338462738398491, 2.000000000000001776, -1.656854249492380360 ) ) ;
#7153 = CARTESIAN_POINT ( 'NONE',  ( 40.00963462533560744, -5.188101187499998268, -1.320554750080271900 ) ) ;
#7154 = VECTOR ( 'NONE', #4589, 1000.000000000000000 ) ;
#7155 = CARTESIAN_POINT ( 'NONE',  ( 33.54088462328720510, -3.656854249492361042, -4.000000000000019540 ) ) ;
#7156 = CARTESIAN_POINT ( 'NONE',  ( 46.94713462533560033, -0.6794452499197284334, 3.188101187499999600 ) ) ;
#7157 = VERTEX_POINT ( 'NONE', #1671 ) ;
#7158 = CARTESIAN_POINT ( 'NONE',  ( 42.07213462328721221, -4.828427124746188959, 2.828427124746189403 ) ) ;
#7159 = VERTEX_POINT ( 'NONE', #947 ) ;
#7160 = EDGE_LOOP ( 'NONE', ( #5492, #3251, #7009, #4122 ) ) ;
#7161 = CARTESIAN_POINT ( 'NONE',  ( 49.19713462533560744, -5.188101187499998268, 1.320554750080270567 ) ) ;
#7162 = CARTESIAN_POINT ( 'NONE',  ( 2.828427124746181409, 5.562499999999996447, 2.828427124746171195 ) ) ;
#7163 = CARTESIAN_POINT ( 'NONE',  ( 26.88463462328720865, -1.999999999999998224, 4.000000000000000000 ) ) ;
#7164 = CARTESIAN_POINT ( 'NONE',  ( 2.254327968790133419, 3.218750002048383241, 2.254327968790115655 ) ) ;
#7165 = CARTESIAN_POINT ( 'NONE',  ( -3.188101187499919664, -7.468749997951637631, 0.000000000000000000 ) ) ;
#7166 = CYLINDRICAL_SURFACE ( 'NONE', #6676, 4.000000000000000000 ) ;
#7167 = CARTESIAN_POINT ( 'NONE',  ( 2.828427124746200061, -0.06250000000000525968, -2.828427124746171639 ) ) ;
#7168 = PRODUCT_DEFINITION_FORMATION_WITH_SPECIFIED_SOURCE ( 'ANY', '', #2215, .NOT_KNOWN. ) ;
#7169 = DIRECTION ( 'NONE',  ( -1.000000000000000000, -3.469446951953636671E-15, 0.000000000000000000 ) ) ;
#7170 = CARTESIAN_POINT ( 'NONE',  ( 44.32213462738398846, -1.999999999999997780, -4.000000000000000000 ) ) ;
#7171 = CARTESIAN_POINT ( 'NONE',  ( 50.88463462328721221, -1.999999999999998224, 4.000000000000000000 ) ) ;
#7172 = VERTEX_POINT ( 'NONE', #5057 ) ;
#7173 = CARTESIAN_POINT ( 'NONE',  ( -2.254327968790113434, 7.343750002048368586, -2.254327968790116099 ) ) ;
#7174 = VECTOR ( 'NONE', #7128, 1000.000000000000000 ) ;
#7175 = DIRECTION ( 'NONE',  ( -1.000000000000000000, -3.469446951953636671E-15, 0.000000000000000000 ) ) ;
#7176 = CARTESIAN_POINT ( 'NONE',  ( 30.07213462328720865, -4.828427124746188959, 2.828427124746189403 ) ) ;
#7177 =( BOUNDED_CURVE ( )  B_SPLINE_CURVE ( 2, ( #3824, #345, #6529, #7209, #2627, #942, #4893, #2107, #4370 ),
 .UNSPECIFIED., .F., .T. ) 
 B_SPLINE_CURVE_WITH_KNOTS ( ( 3, 2, 2, 2, 3 ),
 ( 0.2187500000000001665, 0.2265625000000001110, 0.2343750000000000278, 0.2421874999999999445, 0.2499999999999998890 ),
 .UNSPECIFIED. ) 
 CURVE ( )  GEOMETRIC_REPRESENTATION_ITEM ( )  RATIONAL_B_SPLINE_CURVE ( ( 0.9999999999999983347, 0.9238795325112884038, 1.000000000000000000, 0.9238795325112867385, 1.000000000000000000, 0.9238795325112867385, 1.000000000000000000, 0.9238795325112878487, 0.9999999999999988898 ) ) 
 REPRESENTATION_ITEM ( '' )  );
#7178 = CARTESIAN_POINT ( 'NONE',  ( -3.188101187499938760, -1.749999997951635633, 1.320554750080261019 ) ) ;
#7179 = ADVANCED_FACE ( 'NONE', ( #3948 ), #6204, .T. ) ;
#7180 = CARTESIAN_POINT ( 'NONE',  ( -2.828427124746161425, 5.375000004096756712, 2.828427124746172083 ) ) ;
#7181 = CARTESIAN_POINT ( 'NONE',  ( 11.56286129034726784, -7.825319173236812809, -5.489533673365840194 ) ) ;
#7182 = CARTESIAN_POINT ( 'NONE',  ( 36.16588462533560033, 1.188101187500001599, 1.952148957314875220E-16 ) ) ;
#7183 = CARTESIAN_POINT ( 'NONE',  ( 31.85338462533560033, 0.2543279687901365826, -2.254327968790134307 ) ) ;
#7184 = VERTEX_POINT ( 'NONE', #7293 ) ;
#7185 = CARTESIAN_POINT ( 'NONE',  ( -3.999999999999920952, -7.093750000000031974, -1.656854249492369702 ) ) ;
#7186 = CARTESIAN_POINT ( 'NONE',  ( 26.60338462533560033, -4.254327968790133419, -2.254327968790135639 ) ) ;
#7187 = FACE_OUTER_BOUND ( 'NONE', #7049, .T. ) ;
#7188 = CARTESIAN_POINT ( 'NONE',  ( -3.188101187499965850, 6.125000002048365033, 1.320554750080261019 ) ) ;
#7189 = CARTESIAN_POINT ( 'NONE',  ( 4.000000000000003553, -0.1562499959032208063, 1.656854249492369036 ) ) ;
#7190 = CARTESIAN_POINT ( 'NONE',  ( 3.999991201914467442, 2.843749300068429076, 1.656863047577894932 ) ) ;
#7191 = CARTESIAN_POINT ( 'NONE',  ( 2.456032800143105987, -7.967299228600261074, 3.200821449349293246 ) ) ;
#7192 = VECTOR ( 'NONE', #4055, 1000.000000000000000 ) ;
#7193 = CARTESIAN_POINT ( 'NONE',  ( 40.00963462533560744, -3.320554750080270345, 3.188101187499999156 ) ) ;
#7194 = CARTESIAN_POINT ( 'NONE',  ( 27.82213462533560389, -5.188101187499998268, 1.320554750080270345 ) ) ;
#7195 = CARTESIAN_POINT ( 'NONE',  ( 27.07213462738398491, -1.999999999999998224, 4.000000000000000000 ) ) ;
#7196 = CARTESIAN_POINT ( 'NONE',  ( 37.94713462533560033, -0.6794452499197284334, 3.188101187500000488 ) ) ;
#7197 = CARTESIAN_POINT ( 'NONE',  ( 0.000000000000000000, 8.201801801801801517, 0.000000000000000000 ) ) ;
#7198 = AXIS2_PLACEMENT_3D ( 'NONE', #6999, #5316, #3092 ) ;
#7199 = CARTESIAN_POINT ( 'NONE',  ( 47.50963462533560744, -5.188101187499997380, -1.320554750080271678 ) ) ;
#7200 = ORIENTED_EDGE ( 'NONE', *, *, #4652, .F. ) ;
#7201 = CARTESIAN_POINT ( 'NONE',  ( 40.00963462328721221, 2.000000000000001776, 2.449293598294706414E-16 ) ) ;
#7202 = EDGE_CURVE ( 'NONE', #3174, #944, #1358, .T. ) ;
#7203 = ORIENTED_EDGE ( 'NONE', *, *, #1973, .F. ) ;
#7204 = EDGE_LOOP ( 'NONE', ( #7121, #2580, #4142 ) ) ;
#7205 = CARTESIAN_POINT ( 'NONE',  ( 45.35338462533560033, 0.2543279687901365826, -2.254327968790134307 ) ) ;
#7206 = CARTESIAN_POINT ( 'NONE',  ( -1.320554750080249251, 5.375000002048372139, -3.188101187499973399 ) ) ;
#7207 = CARTESIAN_POINT ( 'NONE',  ( 1.320554750080314088, -7.937499997951621644, -3.188101187499973843 ) ) ;
#7208 = CARTESIAN_POINT ( 'NONE',  ( 48.54088462533560033, 1.188101187500001599, 1.952148957314875220E-16 ) ) ;
#7209 = CARTESIAN_POINT ( 'NONE',  ( 45.35338462328720510, -5.999999999999997335, -1.656854249492382580 ) ) ;
#7210 =( BOUNDED_CURVE ( )  B_SPLINE_CURVE ( 2, ( #1166, #2990, #6869, #1200, #4658, #2923, #2327, #5773, #4623 ),
 .UNSPECIFIED., .F., .F. ) 
 B_SPLINE_CURVE_WITH_KNOTS ( ( 3, 2, 2, 2, 3 ),
 ( 0.7500000000000000000, 0.7578125000000000000, 0.7656250000000000000, 0.7734375000000000000, 0.7812500000000000000 ),
 .UNSPECIFIED. ) 
 CURVE ( )  GEOMETRIC_REPRESENTATION_ITEM ( )  RATIONAL_B_SPLINE_CURVE ( ( 1.000000000000000000, 0.9238795325112867385, 1.000000000000000000, 0.9238795325112867385, 1.000000000000000000, 0.9238795325112867385, 1.000000000000000000, 0.9238795325112867385, 1.000000000000000000 ) ) 
 REPRESENTATION_ITEM ( '' )  );
#7211 = CARTESIAN_POINT ( 'NONE',  ( 13.74585815743966322, 5.987150538939919109, -0.5246239146290501143 ) ) ;
#7212 = VERTEX_POINT ( 'NONE', #2712 ) ;
#7213 = CARTESIAN_POINT ( 'NONE',  ( 2.254327968790167613, -6.906249997951618091, -2.254327968790116099 ) ) ;
#7214 = DIRECTION ( 'NONE',  ( 1.000000000000000000, -0.000000000000000000, -0.000000000000000000 ) ) ;
#7215 = CARTESIAN_POINT ( 'NONE',  ( 31.94713462328720865, -4.828427124746188959, -2.828427124746190735 ) ) ;
#7216 = CARTESIAN_POINT ( 'NONE',  ( -3.188101187499939204, -1.843749997951635855, 0.000000000000000000 ) ) ;
#7217 = CARTESIAN_POINT ( 'NONE',  ( -3.999999999999953371, 2.281250004096751827, 1.656854249492372588 ) ) ;
#7218 = CARTESIAN_POINT ( 'NONE',  ( 11.72909806560806523, -6.858446797663590111, -6.377511020230787864 ) ) ;
#7219 = CARTESIAN_POINT ( 'NONE',  ( 31.66588462533560033, 1.188101187500001599, 1.952148957314875220E-16 ) ) ;
#7220 = CARTESIAN_POINT ( 'NONE',  ( 33.63463462533560033, 1.188101187500001599, 1.320554750080270123 ) ) ;
#7221 = CARTESIAN_POINT ( 'NONE',  ( 30.07213462533560033, -3.320554750080268125, -3.188101187500000933 ) ) ;
#7222 = ORIENTED_EDGE ( 'NONE', *, *, #3966, .F. ) ;
#7223 = CARTESIAN_POINT ( 'NONE',  ( 29.04088462533560033, -1.999999999999998224, 3.188101187500000488 ) ) ;
#7224 = ADVANCED_FACE ( 'NONE', ( #1027 ), #3312, .T. ) ;
#7225 = CARTESIAN_POINT ( 'NONE',  ( 3.188101187499994715, 2.187500002048386794, 1.320554750080258577 ) ) ;
#7226 = CARTESIAN_POINT ( 'NONE',  ( 2.828427124746211607, -3.249999995903225969, 2.828427124746171195 ) ) ;
#7227 = ORIENTED_EDGE ( 'NONE', *, *, #263, .F. ) ;
#7228 = DIRECTION ( 'NONE',  ( -3.430248998885765781E-15, 1.000000000000000000, -0.000000000000000000 ) ) ;
#7229 = DIRECTION ( 'NONE',  ( -1.000000000000000000, -0.000000000000000000, -0.000000000000000000 ) ) ;
#7230 = CARTESIAN_POINT ( 'NONE',  ( 38.22838462533560033, 0.2543279687901365826, 2.254327968790134751 ) ) ;
#7231 = CARTESIAN_POINT ( 'NONE',  ( 29.50963462533559678, -5.188101187499997380, -1.320554750080271678 ) ) ;
#7232 = CARTESIAN_POINT ( 'NONE',  ( 44.32213462533560744, -5.188101187499998268, 1.320554750080270567 ) ) ;
#7233 = CARTESIAN_POINT ( 'NONE',  ( 39.82213462533560033, -5.188101187499998268, 1.320554750080270789 ) ) ;
#7234 = CARTESIAN_POINT ( 'NONE',  ( 4.000000000000028422, -7.750000000000003553, -4.898587196589381274E-16 ) ) ;
#7235 = CARTESIAN_POINT ( 'NONE',  ( 42.25963462533560744, 1.188101187500001599, 1.320554750080270123 ) ) ;
#7236 = CARTESIAN_POINT ( 'NONE',  ( 38.41588462328720510, 2.000000000000001776, -1.656854249492380360 ) ) ;
#7237 = ORIENTED_EDGE ( 'NONE', *, *, #635, .F. ) ;
#7238 = ORIENTED_EDGE ( 'NONE', *, *, #6460, .F. ) ;
#7239 = CARTESIAN_POINT ( 'NONE',  ( -3.999999999999932498, -3.906249995903249950, -1.656854249492369702 ) ) ;
#7240 = COORDINATED_UNIVERSAL_TIME_OFFSET ( 8, 0, .AHEAD. ) ;
#7241 = CARTESIAN_POINT ( 'NONE',  ( 41.97838462533560033, -4.254327968790132530, -2.254327968790135195 ) ) ;
#7242 = CARTESIAN_POINT ( 'NONE',  ( 39.07213462738398846, -1.999999999999998224, 4.000000000000000000 ) ) ;
#7243 = CARTESIAN_POINT ( 'NONE',  ( -2.254327968790076575, -3.156249997951633635, 2.254327968790116543 ) ) ;
#7244 = EDGE_CURVE ( 'NONE', #1376, #7212, #84, .T. ) ;
#7245 = CARTESIAN_POINT ( 'NONE',  ( 2.254327968790168502, -6.906249997951618091, 2.254327968790115655 ) ) ;
#7246 = CARTESIAN_POINT ( 'NONE',  ( 50.88463462328721221, -1.999999999999997780, -4.000000000000000000 ) ) ;
#7247 = CARTESIAN_POINT ( 'NONE',  ( 1.189020794907483257E-14, 4.906250002048376579, 3.188101187499973399 ) ) ;
#7248 =( BOUNDED_CURVE ( )  B_SPLINE_CURVE ( 2, ( #2741, #418, #1658, #4444, #2784, #3931, #7360, #2701, #6111 ),
 .UNSPECIFIED., .F., .F. ) 
 B_SPLINE_CURVE_WITH_KNOTS ( ( 3, 2, 2, 2, 3 ),
 ( 0.5624873995130524884, 0.5742058838822374778, 0.5859243713084056893, 0.5976428587345736787, 0.6093613398635207012 ),
 .UNSPECIFIED. ) 
 CURVE ( )  GEOMETRIC_REPRESENTATION_ITEM ( )  RATIONAL_B_SPLINE_CURVE ( ( 1.000000000000000000, 0.9238795325112867385, 1.000000000000000000, 0.9238795325112867385, 1.000000000000000000, 0.9238795325112867385, 1.000000000000000000, 0.9238795325112867385, 1.000000000000000000 ) ) 
 REPRESENTATION_ITEM ( '' )  );
#7249 = CARTESIAN_POINT ( 'NONE',  ( 48.35338462533560033, 0.2543279687901365826, -2.254327968790134307 ) ) ;
#7250 = CARTESIAN_POINT ( 'NONE',  ( 12.97008691567784666, 0.8054425956708886059, 7.496531090980122158 ) ) ;
#7251 = CARTESIAN_POINT ( 'NONE',  ( 1.656854249492392350, 1.531249999999990008, -3.999999999999974243 ) ) ;
#7252 = CARTESIAN_POINT ( 'NONE',  ( -3.188101187499928546, -4.937499997951636743, -1.320554750080258799 ) ) ;
#7253 = CARTESIAN_POINT ( 'NONE',  ( 31.47838462328721221, -3.656854249492381914, 3.999999999999999112 ) ) ;
#7254 = CARTESIAN_POINT ( 'NONE',  ( 2.254327968790162284, -5.406249997951618091, -2.254327968790116099 ) ) ;
#7255 = CARTESIAN_POINT ( 'NONE',  ( 2.456057629529267761, -7.967297241737129276, 3.200796619963132361 ) ) ;
#7256 = CARTESIAN_POINT ( 'NONE',  ( -2.828427124746139665, -0.8125000000000249800, 2.828427124746172083 ) ) ;
#7257 = CC_DESIGN_PERSON_AND_ORGANIZATION_ASSIGNMENT ( #4321, #4729, ( #5724 ) ) ;
#7258 =( BOUNDED_CURVE ( )  B_SPLINE_CURVE ( 2, ( #1978, #284, #5313, #1328, #885, #3616, #4760, #2528, #1477, #850, #5946, #5872, #2567, #1401, #7108, #3163, #2011 ),
 .UNSPECIFIED., .F., .T. ) 
 B_SPLINE_CURVE_WITH_KNOTS ( ( 3, 2, 2, 2, 2, 2, 2, 2, 3 ),
 ( 0.8902161270138274629, 0.8977272727272727071, 0.9090909090909090606, 0.9204545454545454142, 0.9318181818181817677, 0.9431818181818182323, 0.9545454545454545858, 0.9659090909090909394, 0.9697186975053330160 ),
 .UNSPECIFIED. ) 
 CURVE ( )  GEOMETRIC_REPRESENTATION_ITEM ( )  RATIONAL_B_SPLINE_CURVE ( ( 0.9658850634896936072, 0.9496858307686699696, 1.000000000000000000, 0.9238795325112867385, 1.000000000000000000, 0.9238795325112867385, 1.000000000000000000, 0.9238795325112867385, 1.000000000000000000, 0.9238795325112867385, 1.000000000000000000, 0.9238795325112867385, 1.000000000000000000, 0.9238795325112867385, 1.000000000000000000, 0.9744809649152452735, 0.9660722070828865471 ) ) 
 REPRESENTATION_ITEM ( '' )  );
#7259 = CARTESIAN_POINT ( 'NONE',  ( 31.29088462533560033, -1.999999999999997780, -3.188101187500000044 ) ) ;
#7260 = CARTESIAN_POINT ( 'NONE',  ( 31.47838462533560033, -4.254327968790132530, -2.254327968790135195 ) ) ;
#7261 = CARTESIAN_POINT ( 'NONE',  ( 27.91588462533560033, -1.999999999999998224, 3.188101187500000044 ) ) ;
#7262 = ORIENTED_EDGE ( 'NONE', *, *, #1780, .T. ) ;
#7263 = CARTESIAN_POINT ( 'NONE',  ( -6.000000000000000000, 7.999999999999958256, -7.347880794884130583E-16 ) ) ;
#7264 = CARTESIAN_POINT ( 'NONE',  ( 3.999999999999844125, -3.062485365710386542, -8.102065404370279155E-07 ) ) ;
#7265 = CARTESIAN_POINT ( 'NONE',  ( -1.320554750080240147, 2.750000002048372139, -3.188101187499973399 ) ) ;
#7266 = VECTOR ( 'NONE', #6233, 1000.000000000000000 ) ;
#7267 = CARTESIAN_POINT ( 'NONE',  ( 1.656854249492401898, -1.281249995903229522, -3.999999999999974243 ) ) ;
#7268 = CARTESIAN_POINT ( 'NONE',  ( -1.656854249492350606, 2.468750004096759820, 3.999999999999973355 ) ) ;
#7269 = CARTESIAN_POINT ( 'NONE',  ( 31.75963462533559678, -0.6794452499197283224, -3.188101187499999600 ) ) ;
#7270 = CARTESIAN_POINT ( 'NONE',  ( 28.29088462533560033, -1.999999999999997780, -3.188101187500000044 ) ) ;
#7271 = CARTESIAN_POINT ( 'NONE',  ( 48.72838462533560033, -4.254327968790133419, 2.254327968790134307 ) ) ;
#7272 = CARTESIAN_POINT ( 'NONE',  ( 32.41588462533560033, -5.188101187499998268, -5.856446871944625661E-16 ) ) ;
#7273 = CARTESIAN_POINT ( 'NONE',  ( 3.999999999997198685, 4.437440622732678364, 3.268391669911287251E-06 ) ) ;
#7274 = CARTESIAN_POINT ( 'NONE',  ( 37.75963462533560744, 1.188101187500001599, 1.320554750080270123 ) ) ;
#7275 = CARTESIAN_POINT ( 'NONE',  ( 34.94713462328720510, -4.828427124746188959, -2.828427124746190735 ) ) ;
#7276 = ORIENTED_EDGE ( 'NONE', *, *, #1220, .T. ) ;
#7277 = EDGE_LOOP ( 'NONE', ( #5548, #2282, #7222, #6556 ) ) ;
#7278 = DIRECTION ( 'NONE',  ( 1.000000000000000000, 0.000000000000000000, 0.000000000000000000 ) ) ;
#7279 = EDGE_CURVE ( 'NONE', #552, #5813, #6732, .T. ) ;
#7280 = VECTOR ( 'NONE', #4028, 1000.000000000000000 ) ;
#7281 = CARTESIAN_POINT ( 'NONE',  ( -22.20757868329828000, 12.06959410764416596, 29.90067487609490016 ) ) ;
#7282 = CARTESIAN_POINT ( 'NONE',  ( 42.91588462533560744, -1.999999999999998224, 3.188101187500000044 ) ) ;
#7283 = CARTESIAN_POINT ( 'NONE',  ( 38.88463462738398846, 0.8284271247461921783, 2.828427124746190291 ) ) ;
#7284 = CARTESIAN_POINT ( 'NONE',  ( 49.85338462533560033, 0.2543279687901370267, 2.254327968790135195 ) ) ;
#7285 = CARTESIAN_POINT ( 'NONE',  ( 3.040449898488133512E-14, -0.7187499979516253079, -3.188101187499973399 ) ) ;
#7286 = CARTESIAN_POINT ( 'NONE',  ( -3.999999999999974243, 8.201801801801787306, 0.000000000000000000 ) ) ;
#7287 = CARTESIAN_POINT ( 'NONE',  ( 30.35338462328721221, -5.999999999999997335, -1.656854249492382580 ) ) ;
#7288 = CARTESIAN_POINT ( 'NONE',  ( -1.320554750080253248, 6.312500002048373027, 3.188101187499973399 ) ) ;
#7289 = CARTESIAN_POINT ( 'NONE',  ( 49.38463462533560744, -5.188101187499997380, -1.320554750080271678 ) ) ;
#7290 = CARTESIAN_POINT ( 'NONE',  ( -2.828427124746165422, 6.312499999999976019, -2.828427124746171639 ) ) ;
#7291 = DIRECTION ( 'NONE',  ( -3.430248998885766570E-15, 1.000000000000000000, -0.000000000000000000 ) ) ;
#7292 = CARTESIAN_POINT ( 'NONE',  ( 3.188101187500027578, -7.187499997951614539, 1.320554750080258577 ) ) ;
#7293 = CARTESIAN_POINT ( 'NONE',  ( 42.63463462328721221, -1.999999999999997780, -4.000000000000000000 ) ) ;
#7294 = CARTESIAN_POINT ( 'NONE',  ( 30.25963462328720865, -5.999999999999998224, -7.347880794884119736E-16 ) ) ;
#7295 = CARTESIAN_POINT ( 'NONE',  ( -3.188101187499944089, -0.4374999979516362991, -1.320554750080258799 ) ) ;
#7296 = CARTESIAN_POINT ( 'NONE',  ( 3.999999999999988010, 4.343750004096780692, 1.656854249492369036 ) ) ;
#7297 = CARTESIAN_POINT ( 'NONE',  ( 46.47838462328721221, -3.656854249492358822, 4.000000000000022204 ) ) ;
#7298 = CARTESIAN_POINT ( 'NONE',  ( 37.19713462533560033, -5.188101187499998268, 1.320554750080270345 ) ) ;
#7299 = CARTESIAN_POINT ( 'NONE',  ( 42.07213462738398846, -1.999999999999998224, 4.000000000000000000 ) ) ;
#7300 = LOCAL_TIME ( 2, 47, 55.00000000000000000, #5951 ) ;
#7301 = EDGE_LOOP ( 'NONE', ( #4737, #5304, #6416, #1241 ) ) ;
#7302 = CARTESIAN_POINT ( 'NONE',  ( 2.828427124746207610, -1.937500000000005107, 2.828427124746171195 ) ) ;
#7303 = CARTESIAN_POINT ( 'NONE',  ( 31.00963462533560033, -5.188101187499998268, -1.320554750080271900 ) ) ;
#7304 = CARTESIAN_POINT ( 'NONE',  ( 25.81991771987430795, -5.581771508725705822, 2.075082740766670764 ) ) ;
#7305 = CARTESIAN_POINT ( 'NONE',  ( 2.911815561029916980E-14, -0.3437499979516249748, -3.188101187499973399 ) ) ;
#7306 = CARTESIAN_POINT ( 'NONE',  ( -3.999999999999937383, -2.218749995903248617, 1.656854249492372588 ) ) ;
#7307 =( BOUNDED_CURVE ( )  B_SPLINE_CURVE ( 2, ( #1617, #1101, #3896, #5123, #7365, #4525, #6806, #1706, #3556 ),
 .UNSPECIFIED., .F., .T. ) 
 B_SPLINE_CURVE_WITH_KNOTS ( ( 3, 2, 2, 2, 3 ),
 ( 0.4062500000000000000, 0.4140625000000000000, 0.4218750000000000000, 0.4296875000000000000, 0.4375000000000000000 ),
 .UNSPECIFIED. ) 
 CURVE ( )  GEOMETRIC_REPRESENTATION_ITEM ( )  RATIONAL_B_SPLINE_CURVE ( ( 1.000000000000000000, 0.9238795325112867385, 1.000000000000000000, 0.9238795325112867385, 1.000000000000000000, 0.9238795325112867385, 1.000000000000000000, 0.9238795325112867385, 1.000000000000000000 ) ) 
 REPRESENTATION_ITEM ( '' )  );
#7308 = ORIENTED_EDGE ( 'NONE', *, *, #2409, .T. ) ;
#7309 = CARTESIAN_POINT ( 'NONE',  ( -1.656854249492358599, 4.906250004096761153, -3.999999999999974243 ) ) ;
#7310 = CARTESIAN_POINT ( 'NONE',  ( 29.97838462533560033, -4.254327968790132530, -2.254327968790135195 ) ) ;
#7311 = CARTESIAN_POINT ( 'NONE',  ( 30.44713462533560389, -0.6794452499197284334, 3.188101187499999600 ) ) ;
#7312 = CARTESIAN_POINT ( 'NONE',  ( 48.63463462533560033, -3.320554750080270345, 3.188101187499999156 ) ) ;
#7313 = CARTESIAN_POINT ( 'NONE',  ( 34.29088462533559323, -1.999999999999997780, -3.188101187500000488 ) ) ;
#7314 = CARTESIAN_POINT ( 'NONE',  ( 39.25963462738398846, -4.828427124746188959, 2.828427124746189403 ) ) ;
#7315 = CARTESIAN_POINT ( 'NONE',  ( 37.38463462533560033, -0.6794452499197283224, -3.188101187499999600 ) ) ;
#7316 = PRODUCT_DEFINITION ( 'UNKNOWN', '', #7168, #562 ) ;
#7317 = CARTESIAN_POINT ( 'NONE',  ( 35.50963462328721221, 2.000000000000001776, 2.449293598294706414E-16 ) ) ;
#7318 = ORIENTED_EDGE ( 'NONE', *, *, #4402, .T. ) ;
#7319 = DIRECTION ( 'NONE',  ( -1.000000000000000000, -0.000000000000000000, -0.000000000000000000 ) ) ;
#7320 = DIRECTION ( 'NONE',  ( 0.000000000000000000, 0.000000000000000000, 1.000000000000000000 ) ) ;
#7321 = CARTESIAN_POINT ( 'NONE',  ( 40.66588462533560033, -1.999999999999997780, -3.188101187500000044 ) ) ;
#7322 = CARTESIAN_POINT ( 'NONE',  ( 37.47838462738398135, -0.3431457505076178638, 4.000000000000000000 ) ) ;
#7323 = CARTESIAN_POINT ( 'NONE',  ( -3.188101187499938760, -1.937499997951635855, -1.320554750080259021 ) ) ;
#7324 = CARTESIAN_POINT ( 'NONE',  ( 50.88463462328721221, -1.999999999999998224, 4.000000000000000000 ) ) ;
#7325 = CARTESIAN_POINT ( 'NONE',  ( 50.88463462328721221, -1.999999999999998224, 0.000000000000000000 ) ) ;
#7326 = CARTESIAN_POINT ( 'NONE',  ( 8.536661616984564066E-15, 5.656250002048376579, -3.188101187499973399 ) ) ;
#7327 = CARTESIAN_POINT ( 'NONE',  ( 27.63463462533559678, 1.188101187500001599, 1.320554750080270123 ) ) ;
#7328 = CARTESIAN_POINT ( 'NONE',  ( 47.04088462533560033, 1.188101187500001599, 1.952148957314875220E-16 ) ) ;
#7329 = CARTESIAN_POINT ( 'NONE',  ( 3.999999999999982681, 5.750000000000000000, -4.898587196589381274E-16 ) ) ;
#7330 = PRODUCT_DEFINITION_SHAPE ( 'NONE', 'NONE',  #7396 ) ;
#7331 = CARTESIAN_POINT ( 'NONE',  ( -1.656854249492365705, 6.781249999999980460, 3.999999999999973355 ) ) ;
#7332 = VERTEX_POINT ( 'NONE', #4454 ) ;
#7333 = CARTESIAN_POINT ( 'NONE',  ( 5.433953931028620620E-14, -7.468749997951626085, 3.188101187499973399 ) ) ;
#7334 = CARTESIAN_POINT ( 'NONE',  ( 41.41588462738398846, -0.3431457505076083714, -3.999999999999990674 ) ) ;
#7335 = CARTESIAN_POINT ( 'NONE',  ( 38.32213462738398846, -1.999999999999997780, -4.000000000000000000 ) ) ;
#7336 = CARTESIAN_POINT ( 'NONE',  ( 3.999999999999997335, 1.437500004096778916, -4.898587196589381274E-16 ) ) ;
#7337 = DIRECTION ( 'NONE',  ( -1.000000000000000000, -0.000000000000000000, -0.000000000000000000 ) ) ;
#7338 = CARTESIAN_POINT ( 'NONE',  ( 44.69713462738398846, 2.000000000000001776, 2.449293598294706414E-16 ) ) ;
#7339 = CARTESIAN_POINT ( 'NONE',  ( 34.57213462533560033, -3.320554750080268569, -3.188101187500000488 ) ) ;
#7340 = CARTESIAN_POINT ( 'NONE',  ( -3.999999999999886313, -10.00000000000003020, 0.000000000000000000 ) ) ;
#7341 = EDGE_LOOP ( 'NONE', ( #3606, #4478, #1396, #5115 ) ) ;
#7342 = CARTESIAN_POINT ( 'NONE',  ( -2.828427124746124122, -5.687500000000025757, -2.828427124746171639 ) ) ;
#7343 = CARTESIAN_POINT ( 'NONE',  ( 31.29088462533560033, -1.999999999999997780, -3.188101187500000488 ) ) ;
#7344 = CARTESIAN_POINT ( 'NONE',  ( 25.75963462738398491, -4.828427124746188959, 2.828427124746189403 ) ) ;
#7345 = EDGE_CURVE ( 'NONE', #3032, #592, #470, .T. ) ;
#7346 = CARTESIAN_POINT ( 'NONE',  ( 2.732632844406078490E-14, 0.4062500020483756913, 3.188101187499973399 ) ) ;
#7347 = CARTESIAN_POINT ( 'NONE',  ( 3.188101187500018696, -5.124999997951614539, -1.320554750080259021 ) ) ;
#7348 = CARTESIAN_POINT ( 'NONE',  ( -3.999999999999916955, -8.406249995903250394, -1.656854249492369702 ) ) ;
#7349 = CARTESIAN_POINT ( 'NONE',  ( 40.29088462738398846, 2.000000000000001776, 1.656854249492380804 ) ) ;
#7350 = CARTESIAN_POINT ( 'NONE',  ( 33.54088462533560033, 1.188101187500001599, 1.952148957314875220E-16 ) ) ;
#7351 = CARTESIAN_POINT ( 'NONE',  ( 30.72838462533560033, -4.254327968790133419, 2.254327968790133863 ) ) ;
#7352 = CARTESIAN_POINT ( 'NONE',  ( -3.999999999999972911, 7.906249999999971578, -1.656854249492369702 ) ) ;
#7353 = CARTESIAN_POINT ( 'NONE',  ( 48.07213462533560744, 1.188101187500002043, -1.320554750080270123 ) ) ;
#7354 = CARTESIAN_POINT ( 'NONE',  ( 32.50963462533560033, -5.188101187499998268, -1.320554750080271900 ) ) ;
#7355 = CARTESIAN_POINT ( 'NONE',  ( 4.000000000000006217, -4.656250000000001776, -1.656854249492382136 ) ) ;
#7356 = CARTESIAN_POINT ( 'NONE',  ( 40.85338462533560033, 0.2543279687901365826, 2.254327968790134751 ) ) ;
#7357 = ORIENTED_EDGE ( 'NONE', *, *, #960, .T. ) ;
#7358 = LINE ( 'NONE', #2139, #767 ) ;
#7359 = CARTESIAN_POINT ( 'NONE',  ( 39.54088462533560033, 1.188101187500001599, 1.952148957314875220E-16 ) ) ;
#7360 = CARTESIAN_POINT ( 'NONE',  ( 2.828427124746209387, -2.874999995903225969, -2.828427124746171639 ) ) ;
#7361 = CARTESIAN_POINT ( 'NONE',  ( 40.47838462738398846, -0.3431457505076178638, 4.000000000000000000 ) ) ;
#7362 = CARTESIAN_POINT ( 'NONE',  ( 47.97838462533560033, 0.2543279687901370267, -2.254327968790134751 ) ) ;
#7363 = CARTESIAN_POINT ( 'NONE',  ( 3.188101187500010258, -2.499999997951613651, -1.320554750080259243 ) ) ;
#7364 = CARTESIAN_POINT ( 'NONE',  ( -3.999999999999946265, 2.093749999999972022, 1.656854249492378806 ) ) ;
#7365 = CARTESIAN_POINT ( 'NONE',  ( 40.75963462328721221, -5.999999999999998224, -7.347880794884119736E-16 ) ) ;
#7366 = CARTESIAN_POINT ( 'NONE',  ( 1.320554750080267459, 5.562500002048380132, -3.188101187499973843 ) ) ;
#7367 = CARTESIAN_POINT ( 'NONE',  ( 41.13463462533560033, 1.188101187500001599, 1.320554750080270123 ) ) ;
#7368 = CARTESIAN_POINT ( 'NONE',  ( -3.999999999999967581, 6.406249999999970690, -1.656854249492369702 ) ) ;
#7369 = CARTESIAN_POINT ( 'NONE',  ( 35.88463462328721221, -1.999999999999998224, 4.000000000000000000 ) ) ;
#7370 = CARTESIAN_POINT ( 'NONE',  ( -2.254327968790097891, 2.843750002048368142, -2.254327968790116099 ) ) ;
#7371 = CARTESIAN_POINT ( 'NONE',  ( 3.999999999986052934, 1.437367211713862281, 7.301657322834747466E-06 ) ) ;
#7372 = CARTESIAN_POINT ( 'NONE',  ( -1.656854249492343278, 0.4062500040967588766, -3.999999999999974243 ) ) ;
#7373 = EDGE_CURVE ( 'NONE', #4217, #4291, #2942, .T. ) ;
#7374 = CARTESIAN_POINT ( 'NONE',  ( 47.13463462328720510, -1.999999999999997780, -4.000000000000000000 ) ) ;
#7375 = CARTESIAN_POINT ( 'NONE',  ( 26.88463462533560033, -5.188101187499997380, -1.320554750080271678 ) ) ;
#7376 = DIRECTION ( 'NONE',  ( 3.430248998885765387E-15, -1.000000000000000000, 0.000000000000000000 ) ) ;
#7377 = ORIENTED_EDGE ( 'NONE', *, *, #670, .F. ) ;
#7378 = CARTESIAN_POINT ( 'NONE',  ( -3.999999999999932498, -4.000000000000029310, 0.000000000000000000 ) ) ;
#7379 = CARTESIAN_POINT ( 'NONE',  ( -2.254327968790107217, 5.468750002048367698, -2.254327968790116099 ) ) ;
#7380 = CARTESIAN_POINT ( 'NONE',  ( 26.65025962431140272, -1.999999999999998224, 3.594050593750000022 ) ) ;
#7381 = CARTESIAN_POINT ( 'NONE',  ( 3.188101187499989386, 3.687500002048387238, 1.320554750080258577 ) ) ;
#7382 = CARTESIAN_POINT ( 'NONE',  ( 3.188101187500014255, -3.718749997951613206, -3.904297914629718393E-16 ) ) ;
#7383 = CARTESIAN_POINT ( 'NONE',  ( 4.000000000000030198, -7.656249995903221972, 1.656854249492369036 ) ) ;
#7384 = ORIENTED_EDGE ( 'NONE', *, *, #778, .F. ) ;
#7385 = LINE ( 'NONE', #3411, #2433 ) ;
#7386 = EDGE_CURVE ( 'NONE', #3479, #1696, #6932, .T. ) ;
#7387 = CARTESIAN_POINT ( 'NONE',  ( 29.50963462533559678, -3.320554750080270345, 3.188101187499999156 ) ) ;
#7388 = CARTESIAN_POINT ( 'NONE',  ( 43.47838462533560744, -4.254327968790132530, -2.254327968790135195 ) ) ;
#7389 = CARTESIAN_POINT ( 'NONE',  ( 47.79088462533560033, -1.999999999999997780, -3.188101187500000488 ) ) ;
#7390 = CARTESIAN_POINT ( 'NONE',  ( 30.25963462533560033, 1.188101187500002043, 1.320554750080270123 ) ) ;
#7391 = CARTESIAN_POINT ( 'NONE',  ( 0.000000000000000000, 0.000000000000000000, 0.000000000000000000 ) ) ;
#7392 = CARTESIAN_POINT ( 'NONE',  ( 41.04088462533560033, -1.999999999999998224, 3.188101187500000044 ) ) ;
#7393 = AXIS2_PLACEMENT_3D ( 'NONE', #5849, #2340, #5754 ) ;
#7394 = ADVANCED_FACE ( 'NONE', ( #6852 ), #654, .F. ) ;
#7395 = NEXT_ASSEMBLY_USAGE_OCCURRENCE ( 'NAUO1', ' ', ' ', #7316, #1848, $ ) ;
#7396 = NEXT_ASSEMBLY_USAGE_OCCURRENCE ( 'NAUO2', ' ', ' ', #7316, #6765, $ ) ;
ENDSEC;
END-ISO-10303-21;
